@Brent Crude Oil;D;20010511;000000;28.31;170
@Brent Crude Oil;D;20010514;000000;28.36;427
@Brent Crude Oil;D;20010515;000000;28.47;469
@Brent Crude Oil;D;20010516;000000;28.43;497
@Brent Crude Oil;D;20010517;000000;28.46;398
@Brent Crude Oil;D;20010518;000000;29.39;443
@Brent Crude Oil;D;20010521;000000;29.42;462
@Brent Crude Oil;D;20010522;000000;29.36;440
@Brent Crude Oil;D;20010523;000000;29.24;372
@Brent Crude Oil;D;20010524;000000;28.53;440
@Brent Crude Oil;D;20010525;000000;28.48;316
@Brent Crude Oil;D;20010526;000000;28.48;1
@Brent Crude Oil;D;20010528;000000;28.47;2
@Brent Crude Oil;D;20010529;000000;29.17;474
@Brent Crude Oil;D;20010530;000000;29.14;460
@Brent Crude Oil;D;20010531;000000;29.34;511
@Brent Crude Oil;D;20010601;000000;29.07;461
@Brent Crude Oil;D;20010604;000000;29.26;495
@Brent Crude Oil;D;20010605;000000;29.68;477
@Brent Crude Oil;D;20010606;000000;28.96;462
@Brent Crude Oil;D;20010607;000000;28.5;474
@Brent Crude Oil;D;20010608;000000;29.44;402
@Brent Crude Oil;D;20010611;000000;28.31;455
@Brent Crude Oil;D;20010612;000000;28.34;464
@Brent Crude Oil;D;20010613;000000;28.32;472
@Brent Crude Oil;D;20010614;000000;28.32;387
@Brent Crude Oil;D;20010615;000000;28.12;407
@Brent Crude Oil;D;20010618;000000;27.01;458
@Brent Crude Oil;D;20010619;000000;26.98;496
@Brent Crude Oil;D;20010620;000000;26.09;520
@Brent Crude Oil;D;20010621;000000;26.3;524
@Brent Crude Oil;D;20010622;000000;26.59;524
@Brent Crude Oil;D;20010625;000000;27.07;412
@Brent Crude Oil;D;20010626;000000;26.99;462
@Brent Crude Oil;D;20010627;000000;25.66;528
@Brent Crude Oil;D;20010628;000000;25.4;477
@Brent Crude Oil;D;20010629;000000;26.09;458
@Brent Crude Oil;D;20010630;000000;26.08;1
@Brent Crude Oil;D;20010702;000000;25.64;373
@Brent Crude Oil;D;20010703;000000;25.36;489
@Brent Crude Oil;D;20010704;000000;25.8;235
@Brent Crude Oil;D;20010705;000000;25.84;483
@Brent Crude Oil;D;20010706;000000;26.81;486
@Brent Crude Oil;D;20010707;000000;26.81;2
@Brent Crude Oil;D;20010708;000000;26.81;4
@Brent Crude Oil;D;20010709;000000;26.15;412
@Brent Crude Oil;D;20010710;000000;26.04;421
@Brent Crude Oil;D;20010711;000000;25.63;461
@Brent Crude Oil;D;20010712;000000;25.48;537
@Brent Crude Oil;D;20010713;000000;25.4;434
@Brent Crude Oil;D;20010714;000000;25.4;96
@Brent Crude Oil;D;20010715;000000;25.4;112
@Brent Crude Oil;D;20010716;000000;25.17;440
@Brent Crude Oil;D;20010717;000000;24.89;443
@Brent Crude Oil;D;20010718;000000;24.22;422
@Brent Crude Oil;D;20010719;000000;24.05;528
@Brent Crude Oil;D;20010720;000000;24.64;510
@Brent Crude Oil;D;20010722;000000;24.64;1
@Brent Crude Oil;D;20010723;000000;24.92;454
@Brent Crude Oil;D;20010724;000000;24.93;383
@Brent Crude Oil;D;20010725;000000;25.25;341
@Brent Crude Oil;D;20010726;000000;25.14;283
@Brent Crude Oil;D;20010727;000000;25.19;438
@Brent Crude Oil;D;20010730;000000;24.96;369
@Brent Crude Oil;D;20010731;000000;24.69;293
@Brent Crude Oil;D;20010801;000000;24.96;469
@Brent Crude Oil;D;20010802;000000;26.13;491
@Brent Crude Oil;D;20010803;000000;25.69;420
@Brent Crude Oil;D;20010805;000000;25.69;11
@Brent Crude Oil;D;20010806;000000;25.83;358
@Brent Crude Oil;D;20010807;000000;26.08;491
@Brent Crude Oil;D;20010808;000000;25.7;503
@Brent Crude Oil;D;20010809;000000;25.68;387
@Brent Crude Oil;D;20010810;000000;26.19;430
@Brent Crude Oil;D;20010811;000000;26.19;6
@Brent Crude Oil;D;20010812;000000;26.19;7
@Brent Crude Oil;D;20010813;000000;26.1;402
@Brent Crude Oil;D;20010814;000000;26.22;420
@Brent Crude Oil;D;20010815;000000;25.75;474
@Brent Crude Oil;D;20010816;000000;25.63;470
@Brent Crude Oil;D;20010817;000000;24.73;476
@Brent Crude Oil;D;20010818;000000;24.73;1
@Brent Crude Oil;D;20010820;000000;25.05;457
@Brent Crude Oil;D;20010821;000000;25.49;455
@Brent Crude Oil;D;20010822;000000;25.34;491
@Brent Crude Oil;D;20010823;000000;25.6;457
@Brent Crude Oil;D;20010824;000000;25.95;473
@Brent Crude Oil;D;20010825;000000;25.95;1
@Brent Crude Oil;D;20010827;000000;25.98;3
@Brent Crude Oil;D;20010828;000000;26.47;426
@Brent Crude Oil;D;20010829;000000;26.53;457
@Brent Crude Oil;D;20010830;000000;26.09;404
@Brent Crude Oil;D;20010831;000000;26.41;288
@Brent Crude Oil;D;20010903;000000;26.54;202
@Brent Crude Oil;D;20010904;000000;26.29;430
@Brent Crude Oil;D;20010905;000000;26.32;476
@Brent Crude Oil;D;20010906;000000;26.96;504
@Brent Crude Oil;D;20010907;000000;27.69;518
@Brent Crude Oil;D;20010908;000000;27.69;1
@Brent Crude Oil;D;20010910;000000;27.37;461
@Brent Crude Oil;D;20010911;000000;28.87;320
@Brent Crude Oil;D;20010912;000000;28.23;458
@Brent Crude Oil;D;20010913;000000;28.42;525
@Brent Crude Oil;D;20010914;000000;29.43;471
@Brent Crude Oil;D;20010917;000000;28.38;558
@Brent Crude Oil;D;20010918;000000;27.27;531
@Brent Crude Oil;D;20010919;000000;26.32;542
@Brent Crude Oil;D;20010920;000000;25.92;574
@Brent Crude Oil;D;20010921;000000;25.44;560
@Brent Crude Oil;D;20010922;000000;25.44;1
@Brent Crude Oil;D;20010924;000000;22.02;590
@Brent Crude Oil;D;20010925;000000;22.38;576
@Brent Crude Oil;D;20010926;000000;23;592
@Brent Crude Oil;D;20010928;000000;23.29;512
@Brent Crude Oil;D;20010929;000000;23.29;59
@Brent Crude Oil;D;20010930;000000;23.29;91
@Brent Crude Oil;D;20011001;000000;22.89;529
@Brent Crude Oil;D;20011002;000000;22.05;501
@Brent Crude Oil;D;20011003;000000;21.52;533
@Brent Crude Oil;D;20011004;000000;22.15;549
@Brent Crude Oil;D;20011005;000000;21.63;499
@Brent Crude Oil;D;20011006;000000;21.63;1
@Brent Crude Oil;D;20011008;000000;21.57;524
@Brent Crude Oil;D;20011009;000000;21.88;502
@Brent Crude Oil;D;20011010;000000;22.16;493
@Brent Crude Oil;D;20011011;000000;22.58;462
@Brent Crude Oil;D;20011012;000000;21.8;514
@Brent Crude Oil;D;20011013;000000;21.8;6
@Brent Crude Oil;D;20011014;000000;21.8;7
@Brent Crude Oil;D;20011015;000000;21.72;513
@Brent Crude Oil;D;20011016;000000;21.36;541
@Brent Crude Oil;D;20011017;000000;20.99;494
@Brent Crude Oil;D;20011018;000000;20.62;530
@Brent Crude Oil;D;20011019;000000;21.35;463
@Brent Crude Oil;D;20011020;000000;21.35;3
@Brent Crude Oil;D;20011021;000000;21.35;8
@Brent Crude Oil;D;20011022;000000;21.05;472
@Brent Crude Oil;D;20011023;000000;20.94;553
@Brent Crude Oil;D;20011024;000000;21.31;535
@Brent Crude Oil;D;20011025;000000;21.01;494
@Brent Crude Oil;D;20011026;000000;21.02;470
@Brent Crude Oil;D;20011027;000000;21.02;8
@Brent Crude Oil;D;20011029;000000;21.1;486
@Brent Crude Oil;D;20011030;000000;20.91;476
@Brent Crude Oil;D;20011031;000000;20.37;504
@Brent Crude Oil;D;20011101;000000;19.62;520
@Brent Crude Oil;D;20011102;000000;19.77;544
@Brent Crude Oil;D;20011103;000000;19.77;86
@Brent Crude Oil;D;20011104;000000;19.77;94
@Brent Crude Oil;D;20011105;000000;19.44;489
@Brent Crude Oil;D;20011106;000000;19.07;485
@Brent Crude Oil;D;20011107;000000;19.33;479
@Brent Crude Oil;D;20011108;000000;20.28;524
@Brent Crude Oil;D;20011109;000000;21.38;359
@Brent Crude Oil;D;20011110;000000;21.54;6
@Brent Crude Oil;D;20011111;000000;21.54;7
@Brent Crude Oil;D;20011112;000000;20.58;469
@Brent Crude Oil;D;20011113;000000;20.99;484
@Brent Crude Oil;D;20011114;000000;19.17;590
@Brent Crude Oil;D;20011115;000000;17.33;570
@Brent Crude Oil;D;20011116;000000;17.75;527
@Brent Crude Oil;D;20011119;000000;17.03;380
@Brent Crude Oil;D;20011120;000000;18.75;580
@Brent Crude Oil;D;20011121;000000;18.73;498
@Brent Crude Oil;D;20011122;000000;19.9;421
@Brent Crude Oil;D;20011123;000000;19.28;331
@Brent Crude Oil;D;20011126;000000;18.36;461
@Brent Crude Oil;D;20011127;000000;19.02;1211
@Brent Crude Oil;D;20011128;000000;18.69;496
@Brent Crude Oil;D;20011129;000000;18.41;430
@Brent Crude Oil;D;20011130;000000;19.14;443
@Brent Crude Oil;D;20011203;000000;19.71;514
@Brent Crude Oil;D;20011204;000000;19.29;529
@Brent Crude Oil;D;20011205;000000;19.22;513
@Brent Crude Oil;D;20011206;000000;18.39;469
@Brent Crude Oil;D;20011207;000000;17.9;285
@Brent Crude Oil;D;20011210;000000;18.36;1221
@Brent Crude Oil;D;20011211;000000;18.12;1275
@Brent Crude Oil;D;20011212;000000;18.44;1550
@Brent Crude Oil;D;20011213;000000;18.17;1837
@Brent Crude Oil;D;20011214;000000;19.15;1665
@Brent Crude Oil;D;20011217;000000;19.06;1581
@Brent Crude Oil;D;20011218;000000;19.18;1499
@Brent Crude Oil;D;20011219;000000;19.47;1521
@Brent Crude Oil;D;20011220;000000;19.13;1331
@Brent Crude Oil;D;20011221;000000;19.36;1140
@Brent Crude Oil;D;20011222;000000;19.36;2
@Brent Crude Oil;D;20011224;000000;19.34;188
@Brent Crude Oil;D;20011225;000000;19.33;1
@Brent Crude Oil;D;20011226;000000;19.33;2
@Brent Crude Oil;D;20011227;000000;20.34;1198
@Brent Crude Oil;D;20011228;000000;20.3;1038
@Brent Crude Oil;D;20011231;000000;19.9;291
@Brent Crude Oil;D;20020101;000000;19.9;3
@Brent Crude Oil;D;20020102;000000;21;1374
@Brent Crude Oil;D;20020103;000000;20.66;1489
@Brent Crude Oil;D;20020104;000000;22.18;1615
@Brent Crude Oil;D;20020105;000000;22.18;1
@Brent Crude Oil;D;20020107;000000;22.03;1456
@Brent Crude Oil;D;20020108;000000;22.02;1201
@Brent Crude Oil;D;20020109;000000;20.89;1037
@Brent Crude Oil;D;20020110;000000;20.27;1789
@Brent Crude Oil;D;20020111;000000;19.92;1302
@Brent Crude Oil;D;20020114;000000;18.93;1488
@Brent Crude Oil;D;20020115;000000;18.98;1662
@Brent Crude Oil;D;20020116;000000;19.03;2369
@Brent Crude Oil;D;20020117;000000;18.41;2172
@Brent Crude Oil;D;20020118;000000;18.45;1229
@Brent Crude Oil;D;20020121;000000;18.57;603
@Brent Crude Oil;D;20020122;000000;18.66;2141
@Brent Crude Oil;D;20020123;000000;19.19;1713
@Brent Crude Oil;D;20020124;000000;19.13;1720
@Brent Crude Oil;D;20020125;000000;19.37;1697
@Brent Crude Oil;D;20020128;000000;19.65;1605
@Brent Crude Oil;D;20020129;000000;19.24;1826
@Brent Crude Oil;D;20020130;000000;18.79;1721
@Brent Crude Oil;D;20020131;000000;19.18;1575
@Brent Crude Oil;D;20020201;000000;19.98;2265
@Brent Crude Oil;D;20020202;000000;19.98;1
@Brent Crude Oil;D;20020204;000000;19.81;1823
@Brent Crude Oil;D;20020205;000000;19.56;1696
@Brent Crude Oil;D;20020206;000000;19.31;1806
@Brent Crude Oil;D;20020207;000000;19.21;1732
@Brent Crude Oil;D;20020208;000000;19.57;976
@Brent Crude Oil;D;20020209;000000;19.72;1
@Brent Crude Oil;D;20020211;000000;21.28;1292
@Brent Crude Oil;D;20020212;000000;20.6;1988
@Brent Crude Oil;D;20020213;000000;20.92;1762
@Brent Crude Oil;D;20020214;000000;20.82;1766
@Brent Crude Oil;D;20020215;000000;20.87;1346
@Brent Crude Oil;D;20020218;000000;20.33;711
@Brent Crude Oil;D;20020219;000000;20.52;1214
@Brent Crude Oil;D;20020220;000000;19.86;1371
@Brent Crude Oil;D;20020221;000000;20.37;859
@Brent Crude Oil;D;20020222;000000;20.37;419
@Brent Crude Oil;D;20020225;000000;19.98;1004
@Brent Crude Oil;D;20020226;000000;20.86;1365
@Brent Crude Oil;D;20020227;000000;20.85;1639
@Brent Crude Oil;D;20020228;000000;21.33;1526
@Brent Crude Oil;D;20020301;000000;21.89;1610
@Brent Crude Oil;D;20020304;000000;21.94;1213
@Brent Crude Oil;D;20020305;000000;22.79;1389
@Brent Crude Oil;D;20020306;000000;22.72;1673
@Brent Crude Oil;D;20020307;000000;23.3;1504
@Brent Crude Oil;D;20020308;000000;23.33;1398
@Brent Crude Oil;D;20020311;000000;24.24;1441
@Brent Crude Oil;D;20020312;000000;24.05;1490
@Brent Crude Oil;D;20020313;000000;24.08;2114
@Brent Crude Oil;D;20020314;000000;24.67;1981
@Brent Crude Oil;D;20020315;000000;24.55;1534
@Brent Crude Oil;D;20020316;000000;24.55;1
@Brent Crude Oil;D;20020318;000000;25.07;1688
@Brent Crude Oil;D;20020319;000000;24.91;1456
@Brent Crude Oil;D;20020320;000000;24.66;1810
@Brent Crude Oil;D;20020321;000000;25.42;1589
@Brent Crude Oil;D;20020322;000000;25.36;1661
@Brent Crude Oil;D;20020323;000000;25.36;1
@Brent Crude Oil;D;20020325;000000;25.13;1581
@Brent Crude Oil;D;20020326;000000;25.31;1575
@Brent Crude Oil;D;20020327;000000;25.44;1586
@Brent Crude Oil;D;20020328;000000;25.92;1605
@Brent Crude Oil;D;20020329;000000;25.92;1
@Brent Crude Oil;D;20020330;000000;25.92;1
@Brent Crude Oil;D;20020401;000000;25.92;2
@Brent Crude Oil;D;20020402;000000;27.66;1562
@Brent Crude Oil;D;20020403;000000;27.27;1433
@Brent Crude Oil;D;20020404;000000;27.31;1906
@Brent Crude Oil;D;20020405;000000;25.99;1615
@Brent Crude Oil;D;20020406;000000;25.99;1
@Brent Crude Oil;D;20020408;000000;27.02;1753
@Brent Crude Oil;D;20020409;000000;26.08;1380
@Brent Crude Oil;D;20020410;000000;25.57;1781
@Brent Crude Oil;D;20020411;000000;24.63;1834
@Brent Crude Oil;D;20020412;000000;23.16;2358
@Brent Crude Oil;D;20020413;000000;23.16;1
@Brent Crude Oil;D;20020415;000000;24.06;1786
@Brent Crude Oil;D;20020416;000000;24.58;2264
@Brent Crude Oil;D;20020417;000000;25.38;2148
@Brent Crude Oil;D;20020418;000000;25.77;1974
@Brent Crude Oil;D;20020419;000000;25.85;1907
@Brent Crude Oil;D;20020421;000000;25.85;2
@Brent Crude Oil;D;20020422;000000;25.89;1972
@Brent Crude Oil;D;20020423;000000;26;1784
@Brent Crude Oil;D;20020424;000000;25.76;1685
@Brent Crude Oil;D;20020425;000000;25.93;1988
@Brent Crude Oil;D;20020426;000000;26.19;1426
@Brent Crude Oil;D;20020427;000000;26.19;1
@Brent Crude Oil;D;20020429;000000;26.68;1518
@Brent Crude Oil;D;20020430;000000;26.47;1965
@Brent Crude Oil;D;20020501;000000;25.87;1603
@Brent Crude Oil;D;20020502;000000;25.43;1891
@Brent Crude Oil;D;20020503;000000;25.75;1649
@Brent Crude Oil;D;20020504;000000;25.75;1
@Brent Crude Oil;D;20020506;000000;25.74;2
@Brent Crude Oil;D;20020507;000000;25.41;1748
@Brent Crude Oil;D;20020508;000000;26.03;1709
@Brent Crude Oil;D;20020509;000000;25.94;1542
@Brent Crude Oil;D;20020510;000000;26.58;1426
@Brent Crude Oil;D;20020511;000000;26.58;1
@Brent Crude Oil;D;20020513;000000;26.74;1463
@Brent Crude Oil;D;20020514;000000;27.46;1941
@Brent Crude Oil;D;20020515;000000;26.56;1751
@Brent Crude Oil;D;20020516;000000;26.38;1993
@Brent Crude Oil;D;20020517;000000;26.36;1572
@Brent Crude Oil;D;20020520;000000;26.38;1332
@Brent Crude Oil;D;20020521;000000;25.6;1583
@Brent Crude Oil;D;20020522;000000;25.5;2071
@Brent Crude Oil;D;20020523;000000;25.39;1686
@Brent Crude Oil;D;20020524;000000;25.18;1379
@Brent Crude Oil;D;20020527;000000;24.94;590
@Brent Crude Oil;D;20020528;000000;24.76;1636
@Brent Crude Oil;D;20020529;000000;25.14;1750
@Brent Crude Oil;D;20020530;000000;24.05;1861
@Brent Crude Oil;D;20020531;000000;24.75;1524
@Brent Crude Oil;D;20020601;000000;24.45;2
@Brent Crude Oil;D;20020603;000000;24.75;2
@Brent Crude Oil;D;20020604;000000;24.75;2
@Brent Crude Oil;D;20020605;000000;24.18;1746
@Brent Crude Oil;D;20020606;000000;24.22;1645
@Brent Crude Oil;D;20020607;000000;23.99;1223
@Brent Crude Oil;D;20020608;000000;23.99;1
@Brent Crude Oil;D;20020610;000000;23.89;1249
@Brent Crude Oil;D;20020611;000000;23.55;1366
@Brent Crude Oil;D;20020612;000000;23.86;1785
@Brent Crude Oil;D;20020613;000000;24.72;1868
@Brent Crude Oil;D;20020614;000000;24.99;1641
@Brent Crude Oil;D;20020615;000000;24.99;3
@Brent Crude Oil;D;20020617;000000;25.24;1416
@Brent Crude Oil;D;20020618;000000;24.79;1106
@Brent Crude Oil;D;20020619;000000;24.55;1867
@Brent Crude Oil;D;20020620;000000;24.76;1163
@Brent Crude Oil;D;20020621;000000;24.75;1510
@Brent Crude Oil;D;20020623;000000;24.75;3
@Brent Crude Oil;D;20020624;000000;25.27;1525
@Brent Crude Oil;D;20020625;000000;25.2;1817
@Brent Crude Oil;D;20020626;000000;25.24;1877
@Brent Crude Oil;D;20020627;000000;25.45;1576
@Brent Crude Oil;D;20020628;000000;25.58;1496
@Brent Crude Oil;D;20020629;000000;25.58;1
@Brent Crude Oil;D;20020701;000000;25.64;1220
@Brent Crude Oil;D;20020702;000000;25.75;1105
@Brent Crude Oil;D;20020703;000000;25.84;1277
@Brent Crude Oil;D;20020704;000000;25.55;715
@Brent Crude Oil;D;20020705;000000;25.73;559
@Brent Crude Oil;D;20020706;000000;25.73;1
@Brent Crude Oil;D;20020708;000000;25.08;1651
@Brent Crude Oil;D;20020709;000000;25.17;1677
@Brent Crude Oil;D;20020710;000000;25.66;1734
@Brent Crude Oil;D;20020711;000000;25.63;1589
@Brent Crude Oil;D;20020712;000000;26.1;1741
@Brent Crude Oil;D;20020715;000000;25.74;1807
@Brent Crude Oil;D;20020716;000000;26.3;1875
@Brent Crude Oil;D;20020717;000000;26.44;1765
@Brent Crude Oil;D;20020718;000000;26.28;1591
@Brent Crude Oil;D;20020719;000000;26.43;1765
@Brent Crude Oil;D;20020722;000000;25.42;1958
@Brent Crude Oil;D;20020723;000000;25.04;1768
@Brent Crude Oil;D;20020724;000000;25.33;2214
@Brent Crude Oil;D;20020725;000000;25.26;1487
@Brent Crude Oil;D;20020726;000000;25.03;1312
@Brent Crude Oil;D;20020729;000000;25;1205
@Brent Crude Oil;D;20020730;000000;25.68;1879
@Brent Crude Oil;D;20020731;000000;25.44;1742
@Brent Crude Oil;D;20020801;000000;25.01;1846
@Brent Crude Oil;D;20020802;000000;25.31;1795
@Brent Crude Oil;D;20020805;000000;24.89;1746
@Brent Crude Oil;D;20020806;000000;25.53;1657
@Brent Crude Oil;D;20020807;000000;24.95;1460
@Brent Crude Oil;D;20020808;000000;25.11;1468
@Brent Crude Oil;D;20020809;000000;25.34;1229
@Brent Crude Oil;D;20020812;000000;25.75;1443
@Brent Crude Oil;D;20020813;000000;25.75;1612
@Brent Crude Oil;D;20020814;000000;25.95;1882
@Brent Crude Oil;D;20020815;000000;26.85;1408
@Brent Crude Oil;D;20020816;000000;27;1825
@Brent Crude Oil;D;20020819;000000;27.26;1958
@Brent Crude Oil;D;20020820;000000;27.1;1687
@Brent Crude Oil;D;20020821;000000;27.41;2080
@Brent Crude Oil;D;20020822;000000;27.02;1688
@Brent Crude Oil;D;20020823;000000;26.99;1393
@Brent Crude Oil;D;20020825;000000;26.99;1
@Brent Crude Oil;D;20020826;000000;27.05;3
@Brent Crude Oil;D;20020827;000000;27.22;1823
@Brent Crude Oil;D;20020828;000000;26.95;1710
@Brent Crude Oil;D;20020829;000000;27.52;1627
@Brent Crude Oil;D;20020830;000000;27.47;1081
@Brent Crude Oil;D;20020831;000000;27.47;1
@Brent Crude Oil;D;20020901;000000;27.47;1
@Brent Crude Oil;D;20020902;000000;27.54;578
@Brent Crude Oil;D;20020903;000000;26.57;1919
@Brent Crude Oil;D;20020904;000000;27.1;1677
@Brent Crude Oil;D;20020905;000000;27.66;1379
@Brent Crude Oil;D;20020906;000000;28.29;1740
@Brent Crude Oil;D;20020907;000000;28.29;1
@Brent Crude Oil;D;20020908;000000;28.29;1
@Brent Crude Oil;D;20020909;000000;28.49;1444
@Brent Crude Oil;D;20020910;000000;28.65;1580
@Brent Crude Oil;D;20020911;000000;28.56;1311
@Brent Crude Oil;D;20020912;000000;27.81;1608
@Brent Crude Oil;D;20020913;000000;28.67;1791
@Brent Crude Oil;D;20020915;000000;28.67;1
@Brent Crude Oil;D;20020916;000000;28.43;1265
@Brent Crude Oil;D;20020917;000000;27.8;1275
@Brent Crude Oil;D;20020918;000000;28.32;1272
@Brent Crude Oil;D;20020919;000000;28.38;1743
@Brent Crude Oil;D;20020920;000000;28.43;1416
@Brent Crude Oil;D;20020922;000000;28.43;1
@Brent Crude Oil;D;20020923;000000;29.13;1626
@Brent Crude Oil;D;20020924;000000;29.11;1856
@Brent Crude Oil;D;20020925;000000;29.06;1592
@Brent Crude Oil;D;20020926;000000;28.89;1460
@Brent Crude Oil;D;20020927;000000;28.88;1403
@Brent Crude Oil;D;20020929;000000;28.88;1
@Brent Crude Oil;D;20020930;000000;28.75;1753
@Brent Crude Oil;D;20021001;000000;29.01;1838
@Brent Crude Oil;D;20021002;000000;28.82;1541
@Brent Crude Oil;D;20021003;000000;28.26;1928
@Brent Crude Oil;D;20021004;000000;28.12;1462
@Brent Crude Oil;D;20021005;000000;28.12;1
@Brent Crude Oil;D;20021006;000000;28.12;1
@Brent Crude Oil;D;20021007;000000;28.23;1546
@Brent Crude Oil;D;20021008;000000;28.09;1710
@Brent Crude Oil;D;20021009;000000;28.13;1418
@Brent Crude Oil;D;20021010;000000;27.57;1624
@Brent Crude Oil;D;20021011;000000;27.83;1172
@Brent Crude Oil;D;20021013;000000;27.83;1
@Brent Crude Oil;D;20021014;000000;28.24;1338
@Brent Crude Oil;D;20021015;000000;28.14;1460
@Brent Crude Oil;D;20021016;000000;27.89;1646
@Brent Crude Oil;D;20021017;000000;27.97;1576
@Brent Crude Oil;D;20021018;000000;27.84;1402
@Brent Crude Oil;D;20021019;000000;27.84;1
@Brent Crude Oil;D;20021020;000000;27.84;1
@Brent Crude Oil;D;20021021;000000;26.59;1889
@Brent Crude Oil;D;20021022;000000;26.43;1834
@Brent Crude Oil;D;20021023;000000;26.51;1527
@Brent Crude Oil;D;20021024;000000;26.46;1500
@Brent Crude Oil;D;20021025;000000;25.46;1598
@Brent Crude Oil;D;20021026;000000;25.46;1
@Brent Crude Oil;D;20021028;000000;25.68;1488
@Brent Crude Oil;D;20021029;000000;25.31;1154
@Brent Crude Oil;D;20021030;000000;25.3;1537
@Brent Crude Oil;D;20021031;000000;25.72;1490
@Brent Crude Oil;D;20021101;000000;25.41;1518
@Brent Crude Oil;D;20021102;000000;25.41;1
@Brent Crude Oil;D;20021104;000000;25.29;1058
@Brent Crude Oil;D;20021105;000000;24.12;1699
@Brent Crude Oil;D;20021106;000000;23.7;1906
@Brent Crude Oil;D;20021107;000000;23.48;2166
@Brent Crude Oil;D;20021108;000000;23.58;1568
@Brent Crude Oil;D;20021109;000000;23.58;2
@Brent Crude Oil;D;20021110;000000;23.49;2
@Brent Crude Oil;D;20021111;000000;23.67;1393
@Brent Crude Oil;D;20021112;000000;23.68;1399
@Brent Crude Oil;D;20021113;000000;22.86;1957
@Brent Crude Oil;D;20021114;000000;23;1530
@Brent Crude Oil;D;20021115;000000;23.35;1200
@Brent Crude Oil;D;20021116;000000;23.35;2
@Brent Crude Oil;D;20021117;000000;23.35;1
@Brent Crude Oil;D;20021118;000000;24.28;1420
@Brent Crude Oil;D;20021119;000000;24.08;1684
@Brent Crude Oil;D;20021120;000000;24.53;1670
@Brent Crude Oil;D;20021121;000000;24.83;1774
@Brent Crude Oil;D;20021122;000000;25.21;1474
@Brent Crude Oil;D;20021123;000000;25.21;2
@Brent Crude Oil;D;20021124;000000;25.21;1
@Brent Crude Oil;D;20021125;000000;24.67;1467
@Brent Crude Oil;D;20021126;000000;24.85;1649
@Brent Crude Oil;D;20021127;000000;25.25;1643
@Brent Crude Oil;D;20021128;000000;25.01;666
@Brent Crude Oil;D;20021129;000000;25.16;713
@Brent Crude Oil;D;20021130;000000;25.16;1
@Brent Crude Oil;D;20021202;000000;25.62;1440
@Brent Crude Oil;D;20021203;000000;25.85;1546
@Brent Crude Oil;D;20021204;000000;25.18;1627
@Brent Crude Oil;D;20021205;000000;25.8;1518
@Brent Crude Oil;D;20021206;000000;25.46;1413
@Brent Crude Oil;D;20021207;000000;25.46;2
@Brent Crude Oil;D;20021208;000000;25.46;1
@Brent Crude Oil;D;20021209;000000;25.76;1251
@Brent Crude Oil;D;20021210;000000;26.03;1299
@Brent Crude Oil;D;20021211;000000;25.74;1278
@Brent Crude Oil;D;20021212;000000;26.29;1420
@Brent Crude Oil;D;20021213;000000;26.68;1568
@Brent Crude Oil;D;20021214;000000;26.68;2
@Brent Crude Oil;D;20021215;000000;26.68;1
@Brent Crude Oil;D;20021216;000000;28.06;1893
@Brent Crude Oil;D;20021217;000000;27.92;1336
@Brent Crude Oil;D;20021218;000000;28.49;1655
@Brent Crude Oil;D;20021219;000000;28.22;1658
@Brent Crude Oil;D;20021220;000000;28.34;1480
@Brent Crude Oil;D;20021221;000000;28.34;2
@Brent Crude Oil;D;20021222;000000;28.34;1
@Brent Crude Oil;D;20021223;000000;29.72;1244
@Brent Crude Oil;D;20021224;000000;29.61;371
@Brent Crude Oil;D;20021225;000000;29.59;4
@Brent Crude Oil;D;20021226;000000;29.61;12
@Brent Crude Oil;D;20021227;000000;29.59;1125
@Brent Crude Oil;D;20021228;000000;29.59;30
@Brent Crude Oil;D;20021230;000000;29.66;1252
@Brent Crude Oil;D;20021231;000000;28.66;532
@Brent Crude Oil;D;20030101;000000;28.7;3
@Brent Crude Oil;D;20030102;000000;29.43;1485
@Brent Crude Oil;D;20030103;000000;30.77;1520
@Brent Crude Oil;D;20030106;000000;30.2;1645
@Brent Crude Oil;D;20030107;000000;29.33;1852
@Brent Crude Oil;D;20030108;000000;28.79;1406
@Brent Crude Oil;D;20030109;000000;29.64;1786
@Brent Crude Oil;D;20030110;000000;28.73;1619
@Brent Crude Oil;D;20030113;000000;29.38;1319
@Brent Crude Oil;D;20030114;000000;29.62;2068
@Brent Crude Oil;D;20030115;000000;30.14;2064
@Brent Crude Oil;D;20030116;000000;30.58;2098
@Brent Crude Oil;D;20030117;000000;30.54;1537
@Brent Crude Oil;D;20030120;000000;30.65;1007
@Brent Crude Oil;D;20030121;000000;30.74;2048
@Brent Crude Oil;D;20030122;000000;30.34;1817
@Brent Crude Oil;D;20030123;000000;29.72;1670
@Brent Crude Oil;D;20030124;000000;30.49;1641
@Brent Crude Oil;D;20030127;000000;29.86;1616
@Brent Crude Oil;D;20030128;000000;30.27;1437
@Brent Crude Oil;D;20030129;000000;31.02;1933
@Brent Crude Oil;D;20030130;000000;31.21;1538
@Brent Crude Oil;D;20030131;000000;31.1;1450
@Brent Crude Oil;D;20030201;000000;31.1;2
@Brent Crude Oil;D;20030203;000000;30.25;961
@Brent Crude Oil;D;20030204;000000;31.09;1634
@Brent Crude Oil;D;20030205;000000;31.36;1869
@Brent Crude Oil;D;20030206;000000;31.44;1712
@Brent Crude Oil;D;20030207;000000;32.34;865
@Brent Crude Oil;D;20030208;000000;32.34;1
@Brent Crude Oil;D;20030210;000000;31.27;1302
@Brent Crude Oil;D;20030211;000000;31.96;1447
@Brent Crude Oil;D;20030212;000000;31.93;1587
@Brent Crude Oil;D;20030213;000000;32.46;1317
@Brent Crude Oil;D;20030214;000000;32.5;1259
@Brent Crude Oil;D;20030215;000000;32.53;1
@Brent Crude Oil;D;20030217;000000;31.92;814
@Brent Crude Oil;D;20030218;000000;32.54;1117
@Brent Crude Oil;D;20030219;000000;32.33;1027
@Brent Crude Oil;D;20030220;000000;31.56;1406
@Brent Crude Oil;D;20030221;000000;32.25;1
@Brent Crude Oil;D;20030224;000000;33.15;838
@Brent Crude Oil;D;20030225;000000;32.32;1532
@Brent Crude Oil;D;20030226;000000;33.07;1328
@Brent Crude Oil;D;20030227;000000;33.04;1465
@Brent Crude Oil;D;20030228;000000;32.79;1269
@Brent Crude Oil;D;20030303;000000;32.48;1355
@Brent Crude Oil;D;20030304;000000;33.09;918
@Brent Crude Oil;D;20030305;000000;33;1319
@Brent Crude Oil;D;20030306;000000;33.53;1192
@Brent Crude Oil;D;20030307;000000;34.1;1164
@Brent Crude Oil;D;20030310;000000;32.92;1138
@Brent Crude Oil;D;20030311;000000;32.65;1208
@Brent Crude Oil;D;20030312;000000;33.21;1363
@Brent Crude Oil;D;20030313;000000;31.77;1459
@Brent Crude Oil;D;20030314;000000;30.13;1704
@Brent Crude Oil;D;20030317;000000;29.48;1326
@Brent Crude Oil;D;20030318;000000;27.25;1680
@Brent Crude Oil;D;20030319;000000;26.75;1561
@Brent Crude Oil;D;20030320;000000;25.5;1605
@Brent Crude Oil;D;20030321;000000;24.35;1584
@Brent Crude Oil;D;20030324;000000;26.09;1642
@Brent Crude Oil;D;20030325;000000;24.81;1650
@Brent Crude Oil;D;20030326;000000;25.29;1611
@Brent Crude Oil;D;20030327;000000;26.82;1720
@Brent Crude Oil;D;20030328;000000;26.35;1466
@Brent Crude Oil;D;20030329;000000;27.6;2
@Brent Crude Oil;D;20030331;000000;27.18;1394
@Brent Crude Oil;D;20030401;000000;26.36;1336
@Brent Crude Oil;D;20030402;000000;25.21;1427
@Brent Crude Oil;D;20030403;000000;25.5;1549
@Brent Crude Oil;D;20030404;000000;24.68;1496
@Brent Crude Oil;D;20030407;000000;24.58;1591
@Brent Crude Oil;D;20030408;000000;24.6;1294
@Brent Crude Oil;D;20030409;000000;25.25;1429
@Brent Crude Oil;D;20030410;000000;24.48;1665
@Brent Crude Oil;D;20030411;000000;24.77;1447
@Brent Crude Oil;D;20030414;000000;24.85;1296
@Brent Crude Oil;D;20030415;000000;25.16;2088
@Brent Crude Oil;D;20030416;000000;25.06;2185
@Brent Crude Oil;D;20030417;000000;25.85;1446
@Brent Crude Oil;D;20030418;000000;25.85;35772
@Brent Crude Oil;D;20030421;000000;25.85;71544
@Brent Crude Oil;D;20030422;000000;25.46;1539
@Brent Crude Oil;D;20030423;000000;24.26;1434
@Brent Crude Oil;D;20030424;000000;24.3;1465
@Brent Crude Oil;D;20030425;000000;23.9;1423
@Brent Crude Oil;D;20030426;000000;23.9;4
@Brent Crude Oil;D;20030428;000000;23.35;1378
@Brent Crude Oil;D;20030429;000000;23.28;1252
@Brent Crude Oil;D;20030430;000000;23.8;1610
@Brent Crude Oil;D;20030501;000000;23.85;1168
@Brent Crude Oil;D;20030502;000000;23.58;1277
@Brent Crude Oil;D;20030505;000000;23.58;2
@Brent Crude Oil;D;20030506;000000;23.57;1323
@Brent Crude Oil;D;20030507;000000;24.12;1356
@Brent Crude Oil;D;20030508;000000;24.65;1390
@Brent Crude Oil;D;20030509;000000;25.12;1529
@Brent Crude Oil;D;20030510;000000;25;1
@Brent Crude Oil;D;20030512;000000;24.63;1260
@Brent Crude Oil;D;20030513;000000;25.5;1377
@Brent Crude Oil;D;20030514;000000;26.2;1452
@Brent Crude Oil;D;20030515;000000;25.7;1400
@Brent Crude Oil;D;20030516;000000;26.12;1471
@Brent Crude Oil;D;20030517;000000;26.12;0
@Brent Crude Oil;D;20030519;000000;25.63;1343
@Brent Crude Oil;D;20030520;000000;25.69;1482
@Brent Crude Oil;D;20030521;000000;26.21;1517
@Brent Crude Oil;D;20030522;000000;25.97;1400
@Brent Crude Oil;D;20030523;000000;26.12;1113
@Brent Crude Oil;D;20030527;000000;26.38;1464
@Brent Crude Oil;D;20030528;000000;25.59;1401
@Brent Crude Oil;D;20030529;000000;26.01;1344
@Brent Crude Oil;D;20030530;000000;26.32;1235
@Brent Crude Oil;D;20030531;000000;26.32;0
@Brent Crude Oil;D;20030602;000000;27.38;0
@Brent Crude Oil;D;20030603;000000;27.28;0
@Brent Crude Oil;D;20030604;000000;26.8;0
@Brent Crude Oil;D;20030605;000000;27.7;0
@Brent Crude Oil;D;20030606;000000;27.8;0
@Brent Crude Oil;D;20030607;000000;27.8;0
@Brent Crude Oil;D;20030609;000000;27.85;0
@Brent Crude Oil;D;20030610;000000;27.65;0
@Brent Crude Oil;D;20030611;000000;27.85;0
@Brent Crude Oil;D;20030612;000000;27.22;0
@Brent Crude Oil;D;20030613;000000;26.43;0
@Brent Crude Oil;D;20030614;000000;26.43;0
@Brent Crude Oil;D;20030616;000000;26.64;0
@Brent Crude Oil;D;20030617;000000;26.7;0
@Brent Crude Oil;D;20030618;000000;26.25;0
@Brent Crude Oil;D;20030619;000000;26.28;0
@Brent Crude Oil;D;20030620;000000;27.02;0
@Brent Crude Oil;D;20030621;000000;27.02;0
@Brent Crude Oil;D;20030623;000000;26.85;0
@Brent Crude Oil;D;20030624;000000;26.62;0
@Brent Crude Oil;D;20030625;000000;27.65;0
@Brent Crude Oil;D;20030626;000000;27.06;0
@Brent Crude Oil;D;20030627;000000;27.3;0
@Brent Crude Oil;D;20030630;000000;28.31;0
@Brent Crude Oil;D;20030701;000000;28.28;0
@Brent Crude Oil;D;20030702;000000;27.98;0
@Brent Crude Oil;D;20030703;000000;28.2;0
@Brent Crude Oil;D;20030704;000000;27.63;0
@Brent Crude Oil;D;20030707;000000;27.83;0
@Brent Crude Oil;D;20030708;000000;27.99;0
@Brent Crude Oil;D;20030709;000000;28.77;0
@Brent Crude Oil;D;20030710;000000;28.8;0
@Brent Crude Oil;D;20030711;000000;28.97;0
@Brent Crude Oil;D;20030712;000000;28.97;0
@Brent Crude Oil;D;20030714;000000;28.85;0
@Brent Crude Oil;D;20030715;000000;28.98;0
@Brent Crude Oil;D;20030716;000000;28.38;0
@Brent Crude Oil;D;20030717;000000;28.64;0
@Brent Crude Oil;D;20030718;000000;28.93;0
@Brent Crude Oil;D;20030721;000000;28;0
@Brent Crude Oil;D;20030722;000000;27.49;0
@Brent Crude Oil;D;20030723;000000;27.78;0
@Brent Crude Oil;D;20030724;000000;28.16;0
@Brent Crude Oil;D;20030725;000000;28.18;0
@Brent Crude Oil;D;20030728;000000;27.7;0
@Brent Crude Oil;D;20030729;000000;28.12;0
@Brent Crude Oil;D;20030730;000000;28.5;0
@Brent Crude Oil;D;20030731;000000;28.4;0
@Brent Crude Oil;D;20030801;000000;29.99;0
@Brent Crude Oil;D;20030802;000000;29.9;0
@Brent Crude Oil;D;20030804;000000;29.63;0
@Brent Crude Oil;D;20030805;000000;29.93;0
@Brent Crude Oil;D;20030806;000000;29.47;0
@Brent Crude Oil;D;20030807;000000;30.26;0
@Brent Crude Oil;D;20030808;000000;29.99;0
@Brent Crude Oil;D;20030811;000000;29.62;939
@Brent Crude Oil;D;20030812;000000;29.55;1228
@Brent Crude Oil;D;20030813;000000;28.65;1310
@Brent Crude Oil;D;20030814;000000;28.88;1431
@Brent Crude Oil;D;20030815;000000;28.81;1142
@Brent Crude Oil;D;20030818;000000;28.66;1067
@Brent Crude Oil;D;20030819;000000;28.47;968
@Brent Crude Oil;D;20030820;000000;28.84;1303
@Brent Crude Oil;D;20030821;000000;29.72;1416
@Brent Crude Oil;D;20030822;000000;29.7;1136
@Brent Crude Oil;D;20030826;000000;29.77;1228
@Brent Crude Oil;D;20030827;000000;29.18;1303
@Brent Crude Oil;D;20030828;000000;29.45;1189
@Brent Crude Oil;D;20030829;000000;29.49;1061
@Brent Crude Oil;D;20030830;000000;29.48;1
@Brent Crude Oil;D;20030901;000000;29.25;817
@Brent Crude Oil;D;20030902;000000;27.55;1346
@Brent Crude Oil;D;20030903;000000;27.74;1533
@Brent Crude Oil;D;20030904;000000;27.27;1352
@Brent Crude Oil;D;20030905;000000;27.21;1216
@Brent Crude Oil;D;20030906;000000;27.24;1
@Brent Crude Oil;D;20030908;000000;27.17;1288
@Brent Crude Oil;D;20030909;000000;27.37;1183
@Brent Crude Oil;D;20030910;000000;27.36;1039
@Brent Crude Oil;D;20030911;000000;26.88;988
@Brent Crude Oil;D;20030912;000000;26.37;1194
@Brent Crude Oil;D;20030915;000000;26.47;1204
@Brent Crude Oil;D;20030916;000000;25.99;1194
@Brent Crude Oil;D;20030917;000000;25.67;1111
@Brent Crude Oil;D;20030918;000000;25.59;1420
@Brent Crude Oil;D;20030919;000000;25.32;1314
@Brent Crude Oil;D;20030922;000000;25.53;861
@Brent Crude Oil;D;20030923;000000;25.52;1331
@Brent Crude Oil;D;20030924;000000;26.68;1541
@Brent Crude Oil;D;20030925;000000;26.81;1355
@Brent Crude Oil;D;20030926;000000;26.64;1142
@Brent Crude Oil;D;20030929;000000;26.83;1195
@Brent Crude Oil;D;20030930;000000;27.61;1209
@Brent Crude Oil;D;20031001;000000;27.88;1150
@Brent Crude Oil;D;20031002;000000;28.27;1228
@Brent Crude Oil;D;20031003;000000;28.71;1152
@Brent Crude Oil;D;20031006;000000;28.89;867
@Brent Crude Oil;D;20031007;000000;29.03;1119
@Brent Crude Oil;D;20031008;000000;28.73;1068
@Brent Crude Oil;D;20031009;000000;30.14;1089
@Brent Crude Oil;D;20031010;000000;30.2;1445
@Brent Crude Oil;D;20031013;000000;30.19;1208
@Brent Crude Oil;D;20031014;000000;30.03;1395
@Brent Crude Oil;D;20031015;000000;30.1;1080
@Brent Crude Oil;D;20031016;000000;30;1325
@Brent Crude Oil;D;20031017;000000;29.03;1360
@Brent Crude Oil;D;20031020;000000;28.62;1552
@Brent Crude Oil;D;20031021;000000;28.63;1279
@Brent Crude Oil;D;20031022;000000;28.28;1110
@Brent Crude Oil;D;20031023;000000;28.63;1302
@Brent Crude Oil;D;20031024;000000;28.58;1272
@Brent Crude Oil;D;20031025;000000;28.58;1
@Brent Crude Oil;D;20031027;000000;28.39;1087
@Brent Crude Oil;D;20031028;000000;28.04;1012
@Brent Crude Oil;D;20031029;000000;27.44;1446
@Brent Crude Oil;D;20031030;000000;27.1;1500
@Brent Crude Oil;D;20031031;000000;27.7;1163
@Brent Crude Oil;D;20031101;000000;27.7;1
@Brent Crude Oil;D;20031103;000000;27.36;1285
@Brent Crude Oil;D;20031104;000000;27.16;1239
@Brent Crude Oil;D;20031105;000000;28.6;1311
@Brent Crude Oil;D;20031106;000000;28.41;1507
@Brent Crude Oil;D;20031107;000000;28.91;1235
@Brent Crude Oil;D;20031108;000000;28.91;1
@Brent Crude Oil;D;20031110;000000;28.74;1042
@Brent Crude Oil;D;20031111;000000;28.98;1263
@Brent Crude Oil;D;20031112;000000;28.88;1262
@Brent Crude Oil;D;20031113;000000;29.3;1476
@Brent Crude Oil;D;20031114;000000;29.56;1220
@Brent Crude Oil;D;20031115;000000;29.56;1
@Brent Crude Oil;D;20031117;000000;29.05;1330
@Brent Crude Oil;D;20031118;000000;30.47;1524
@Brent Crude Oil;D;20031119;000000;29.78;1475
@Brent Crude Oil;D;20031120;000000;29.56;1452
@Brent Crude Oil;D;20031121;000000;29.36;1272
@Brent Crude Oil;D;20031124;000000;27.86;1196
@Brent Crude Oil;D;20031125;000000;27.94;1451
@Brent Crude Oil;D;20031126;000000;28.47;1222
@Brent Crude Oil;D;20031127;000000;28.7;783
@Brent Crude Oil;D;20031128;000000;28.45;589
@Brent Crude Oil;D;20031201;000000;28.25;1426
@Brent Crude Oil;D;20031202;000000;28.94;1292
@Brent Crude Oil;D;20031203;000000;29.14;1329
@Brent Crude Oil;D;20031204;000000;29.23;1530
@Brent Crude Oil;D;20031205;000000;28.74;1193
@Brent Crude Oil;D;20031206;000000;28.74;1
@Brent Crude Oil;D;20031208;000000;29.98;1189
@Brent Crude Oil;D;20031209;000000;29.63;1267
@Brent Crude Oil;D;20031210;000000;29.38;972
@Brent Crude Oil;D;20031211;000000;29.28;1021
@Brent Crude Oil;D;20031212;000000;30.17;1066
@Brent Crude Oil;D;20031213;000000;30.17;1
@Brent Crude Oil;D;20031215;000000;30.25;1239
@Brent Crude Oil;D;20031216;000000;29.97;1163
@Brent Crude Oil;D;20031217;000000;30.59;1338
@Brent Crude Oil;D;20031218;000000;30.8;1493
@Brent Crude Oil;D;20031219;000000;30.05;982
@Brent Crude Oil;D;20031220;000000;30.05;1
@Brent Crude Oil;D;20031222;000000;28.99;1259
@Brent Crude Oil;D;20031223;000000;29.04;1248
@Brent Crude Oil;D;20031224;000000;29.06;400
@Brent Crude Oil;D;20031229;000000;29.31;840
@Brent Crude Oil;D;20031230;000000;29.74;894
@Brent Crude Oil;D;20031231;000000;30.17;354
@Brent Crude Oil;D;20040102;000000;29.32;333
@Brent Crude Oil;D;20040105;000000;30.89;1194
@Brent Crude Oil;D;20040106;000000;30.82;1407
@Brent Crude Oil;D;20040107;000000;30.76;1280
@Brent Crude Oil;D;20040108;000000;31.08;1139
@Brent Crude Oil;D;20040109;000000;31.37;1330
@Brent Crude Oil;D;20040110;000000;30.96;1
@Brent Crude Oil;D;20040112;000000;31.2;1332
@Brent Crude Oil;D;20040113;000000;30.85;1296
@Brent Crude Oil;D;20040114;000000;30.57;1355
@Brent Crude Oil;D;20040115;000000;29.34;1494
@Brent Crude Oil;D;20040116;000000;30.47;1203
@Brent Crude Oil;D;20040119;000000;30.57;657
@Brent Crude Oil;D;20040120;000000;31.23;1343
@Brent Crude Oil;D;20040121;000000;30.86;1216
@Brent Crude Oil;D;20040122;000000;31.11;1436
@Brent Crude Oil;D;20040123;000000;30.96;1386
@Brent Crude Oil;D;20040124;000000;30.96;1
@Brent Crude Oil;D;20040126;000000;30.45;1303
@Brent Crude Oil;D;20040127;000000;30.23;1364
@Brent Crude Oil;D;20040128;000000;29.77;1461
@Brent Crude Oil;D;20040129;000000;29.13;1432
@Brent Crude Oil;D;20040130;000000;29.18;1292
@Brent Crude Oil;D;20040202;000000;30.23;1284
@Brent Crude Oil;D;20040203;000000;29.5;1341
@Brent Crude Oil;D;20040204;000000;28.88;1201
@Brent Crude Oil;D;20040205;000000;29.27;1408
@Brent Crude Oil;D;20040206;000000;28.83;1190
@Brent Crude Oil;D;20040207;000000;28.83;1
@Brent Crude Oil;D;20040209;000000;29.11;1031
@Brent Crude Oil;D;20040210;000000;29.93;1494
@Brent Crude Oil;D;20040211;000000;29.8;1672
@Brent Crude Oil;D;20040212;000000;29.97;1239
@Brent Crude Oil;D;20040213;000000;30.57;1094
@Brent Crude Oil;D;20040216;000000;30.32;753
@Brent Crude Oil;D;20040217;000000;30.69;1012
@Brent Crude Oil;D;20040218;000000;30.99;1357
@Brent Crude Oil;D;20040219;000000;30.82;1139
@Brent Crude Oil;D;20040220;000000;30.69;1366
@Brent Crude Oil;D;20040221;000000;30.7;1
@Brent Crude Oil;D;20040223;000000;30.81;1296
@Brent Crude Oil;D;20040224;000000;30.81;1327
@Brent Crude Oil;D;20040225;000000;31.57;1437
@Brent Crude Oil;D;20040226;000000;31.57;1200
@Brent Crude Oil;D;20040227;000000;32.23;1204
@Brent Crude Oil;D;20040301;000000;33.34;1338
@Brent Crude Oil;D;20040302;000000;33.15;1311
@Brent Crude Oil;D;20040303;000000;32.23;1425
@Brent Crude Oil;D;20040304;000000;32.89;1296
@Brent Crude Oil;D;20040305;000000;33.35;1231
@Brent Crude Oil;D;20040306;000000;33.35;1
@Brent Crude Oil;D;20040308;000000;32.77;1316
@Brent Crude Oil;D;20040309;000000;32.23;1217
@Brent Crude Oil;D;20040310;000000;31.52;1244
@Brent Crude Oil;D;20040311;000000;32.23;1243
@Brent Crude Oil;D;20040312;000000;31.69;1399
@Brent Crude Oil;D;20040313;000000;31.75;1
@Brent Crude Oil;D;20040315;000000;32.81;1258
@Brent Crude Oil;D;20040316;000000;32.68;1305
@Brent Crude Oil;D;20040317;000000;33.53;1457
@Brent Crude Oil;D;20040318;000000;33.13;1476
@Brent Crude Oil;D;20040319;000000;33.26;968
@Brent Crude Oil;D;20040322;000000;32.8;1216
@Brent Crude Oil;D;20040323;000000;33.31;1246
@Brent Crude Oil;D;20040324;000000;33.01;1376
@Brent Crude Oil;D;20040325;000000;31.83;1504
@Brent Crude Oil;D;20040326;000000;31.99;1359
@Brent Crude Oil;D;20040327;000000;31.99;1
@Brent Crude Oil;D;20040329;000000;31.74;1050
@Brent Crude Oil;D;20040330;000000;32.45;1362
@Brent Crude Oil;D;20040331;000000;31.51;1548
@Brent Crude Oil;D;20040401;000000;31.55;1387
@Brent Crude Oil;D;20040402;000000;30.21;1412
@Brent Crude Oil;D;20040403;000000;30.18;1
@Brent Crude Oil;D;20040405;000000;30.69;1346
@Brent Crude Oil;D;20040406;000000;31.35;1348
@Brent Crude Oil;D;20040407;000000;32.45;1290
@Brent Crude Oil;D;20040408;000000;33.34;1225
@Brent Crude Oil;D;20040409;000000;33.34;1
@Brent Crude Oil;D;20040413;000000;33.15;1210
@Brent Crude Oil;D;20040414;000000;33.19;1410
@Brent Crude Oil;D;20040415;000000;33.82;1433
@Brent Crude Oil;D;20040416;000000;33.64;1236
@Brent Crude Oil;D;20040417;000000;33.64;1
@Brent Crude Oil;D;20040419;000000;33.46;1304
@Brent Crude Oil;D;20040420;000000;33.11;1462
@Brent Crude Oil;D;20040421;000000;32.46;1496
@Brent Crude Oil;D;20040422;000000;33.39;1295
@Brent Crude Oil;D;20040423;000000;33.09;1230
@Brent Crude Oil;D;20040424;000000;33.09;1
@Brent Crude Oil;D;20040426;000000;33.58;1215
@Brent Crude Oil;D;20040427;000000;34.28;1428
@Brent Crude Oil;D;20040428;000000;34.31;1538
@Brent Crude Oil;D;20040429;000000;34.38;1353
@Brent Crude Oil;D;20040430;000000;34.48;1318
@Brent Crude Oil;D;20040501;000000;34.48;1
@Brent Crude Oil;D;20040504;000000;35.93;1450
@Brent Crude Oil;D;20040505;000000;36.72;1396
@Brent Crude Oil;D;20040506;000000;36.53;1306
@Brent Crude Oil;D;20040507;000000;37;1161
@Brent Crude Oil;D;20040508;000000;37;1
@Brent Crude Oil;D;20040510;000000;35.56;1301
@Brent Crude Oil;D;20040511;000000;36.67;1381
@Brent Crude Oil;D;20040512;000000;37.27;1232
@Brent Crude Oil;D;20040513;000000;37.71;1304
@Brent Crude Oil;D;20040514;000000;37.86;1334
@Brent Crude Oil;D;20040517;000000;37.91;1234
@Brent Crude Oil;D;20040518;000000;36.95;1515
@Brent Crude Oil;D;20040519;000000;37.9;1429
@Brent Crude Oil;D;20040520;000000;37.26;1377
@Brent Crude Oil;D;20040521;000000;36.51;1338
@Brent Crude Oil;D;20040522;000000;36.51;1
@Brent Crude Oil;D;20040524;000000;38.17;1526
@Brent Crude Oil;D;20040525;000000;37.44;1556
@Brent Crude Oil;D;20040526;000000;37.08;1315
@Brent Crude Oil;D;20040527;000000;36.25;1566
@Brent Crude Oil;D;20040528;000000;36.58;1069
@Brent Crude Oil;D;20040530;000000;36.6;1
@Brent Crude Oil;D;20040531;000000;36.6;2
@Brent Crude Oil;D;20040601;000000;39.08;1514
@Brent Crude Oil;D;20040602;000000;36.86;1480
@Brent Crude Oil;D;20040603;000000;36.4;1574
@Brent Crude Oil;D;20040604;000000;35.67;1377
@Brent Crude Oil;D;20040605;000000;35.67;1
@Brent Crude Oil;D;20040607;000000;35.96;1369
@Brent Crude Oil;D;20040608;000000;35.05;1506
@Brent Crude Oil;D;20040609;000000;35.29;1401
@Brent Crude Oil;D;20040610;000000;35.86;1183
@Brent Crude Oil;D;20040611;000000;35.46;675
@Brent Crude Oil;D;20040614;000000;35.48;1179
@Brent Crude Oil;D;20040615;000000;35.03;1334
@Brent Crude Oil;D;20040616;000000;35.2;1348
@Brent Crude Oil;D;20040617;000000;36.21;1435
@Brent Crude Oil;D;20040618;000000;36.21;1306
@Brent Crude Oil;D;20040621;000000;35.13;1481
@Brent Crude Oil;D;20040622;000000;35.61;1410
@Brent Crude Oil;D;20040623;000000;35.03;1655
@Brent Crude Oil;D;20040624;000000;35.32;1326
@Brent Crude Oil;D;20040625;000000;34.97;1172
@Brent Crude Oil;D;20040628;000000;33.7;1303
@Brent Crude Oil;D;20040629;000000;33.11;1310
@Brent Crude Oil;D;20040630;000000;34.5;1326
@Brent Crude Oil;D;20040701;000000;36.07;1433
@Brent Crude Oil;D;20040702;000000;35.92;989
@Brent Crude Oil;D;20040705;000000;36.3;717
@Brent Crude Oil;D;20040706;000000;37.18;1333
@Brent Crude Oil;D;20040707;000000;36.61;1424
@Brent Crude Oil;D;20040708;000000;37.77;1408
@Brent Crude Oil;D;20040709;000000;37.05;1107
@Brent Crude Oil;D;20040710;000000;36.63;1
@Brent Crude Oil;D;20040712;000000;36.29;1369
@Brent Crude Oil;D;20040713;000000;36.23;1354
@Brent Crude Oil;D;20040714;000000;37.74;1290
@Brent Crude Oil;D;20040715;000000;37.48;1317
@Brent Crude Oil;D;20040716;000000;38;1384
@Brent Crude Oil;D;20040717;000000;37.95;1
@Brent Crude Oil;D;20040719;000000;37.9;1219
@Brent Crude Oil;D;20040720;000000;37.01;1407
@Brent Crude Oil;D;20040721;000000;37.16;1065
@Brent Crude Oil;D;20040722;000000;38.01;1395
@Brent Crude Oil;D;20040723;000000;38.27;1255
@Brent Crude Oil;D;20040726;000000;38.11;1253
@Brent Crude Oil;D;20040727;000000;38.54;1308
@Brent Crude Oil;D;20040728;000000;39.53;1524
@Brent Crude Oil;D;20040729;000000;39.25;1512
@Brent Crude Oil;D;20040730;000000;40.03;1195
@Brent Crude Oil;D;20040731;000000;40.03;1
@Brent Crude Oil;D;20040802;000000;39.97;1167
@Brent Crude Oil;D;20040803;000000;40.64;1226
@Brent Crude Oil;D;20040804;000000;39.7;1355
@Brent Crude Oil;D;20040805;000000;41.1;1067
@Brent Crude Oil;D;20040806;000000;40.65;393
@Brent Crude Oil;D;20040809;000000;41.56;489
@Brent Crude Oil;D;20040810;000000;40.59;496
@Brent Crude Oil;D;20040811;000000;39.85;287
@Brent Crude Oil;D;20040812;000000;41.54;1248
@Brent Crude Oil;D;20040813;000000;42.91;1254
@Brent Crude Oil;D;20040816;000000;42.69;1452
@Brent Crude Oil;D;20040817;000000;42.99;1398
@Brent Crude Oil;D;20040818;000000;43.03;1335
@Brent Crude Oil;D;20040819;000000;44.33;1416
@Brent Crude Oil;D;20040820;000000;43.54;1331
@Brent Crude Oil;D;20040821;000000;43.54;1
@Brent Crude Oil;D;20040823;000000;43.03;1437
@Brent Crude Oil;D;20040824;000000;42.32;1433
@Brent Crude Oil;D;20040825;000000;40.68;1480
@Brent Crude Oil;D;20040826;000000;40.33;1764
@Brent Crude Oil;D;20040827;000000;40.64;1281
@Brent Crude Oil;D;20040828;000000;40.62;1
@Brent Crude Oil;D;20040831;000000;39.61;1528
@Brent Crude Oil;D;20040901;000000;41.47;1608
@Brent Crude Oil;D;20040902;000000;41.57;1632
@Brent Crude Oil;D;20040903;000000;41.23;922
@Brent Crude Oil;D;20040906;000000;40.62;828
@Brent Crude Oil;D;20040907;000000;40.76;1416
@Brent Crude Oil;D;20040908;000000;40.39;1313
@Brent Crude Oil;D;20040909;000000;42.22;1421
@Brent Crude Oil;D;20040910;000000;39.79;1334
@Brent Crude Oil;D;20040911;000000;39.79;1
@Brent Crude Oil;D;20040913;000000;40.75;1526
@Brent Crude Oil;D;20040914;000000;41.18;1536
@Brent Crude Oil;D;20040915;000000;40.35;1392
@Brent Crude Oil;D;20040916;000000;40.75;1497
@Brent Crude Oil;D;20040917;000000;42.45;1688
@Brent Crude Oil;D;20040920;000000;42.91;1325
@Brent Crude Oil;D;20040921;000000;43.39;1483
@Brent Crude Oil;D;20040922;000000;44.93;1547
@Brent Crude Oil;D;20040923;000000;45.13;1619
@Brent Crude Oil;D;20040924;000000;45.33;1379
@Brent Crude Oil;D;20040925;000000;45.33;1
@Brent Crude Oil;D;20040927;000000;45.93;1297
@Brent Crude Oil;D;20040928;000000;46.45;1383
@Brent Crude Oil;D;20040929;000000;46.08;1286
@Brent Crude Oil;D;20040930;000000;46.38;1401
@Brent Crude Oil;D;20041001;000000;46.62;1200
@Brent Crude Oil;D;20041004;000000;46.17;1021
@Brent Crude Oil;D;20041005;000000;47.13;1504
@Brent Crude Oil;D;20041006;000000;47.99;1411
@Brent Crude Oil;D;20041007;000000;48.9;1315
@Brent Crude Oil;D;20041008;000000;49.71;1326
@Brent Crude Oil;D;20041009;000000;49.71;1
@Brent Crude Oil;D;20041011;000000;49.63;1372
@Brent Crude Oil;D;20041012;000000;48.59;1241
@Brent Crude Oil;D;20041013;000000;49.28;1730
@Brent Crude Oil;D;20041014;000000;50.09;1500
@Brent Crude Oil;D;20041015;000000;49.93;1279
@Brent Crude Oil;D;20041018;000000;48.91;1531
@Brent Crude Oil;D;20041019;000000;48.77;1688
@Brent Crude Oil;D;20041020;000000;50.52;1306
@Brent Crude Oil;D;20041021;000000;50.72;1379
@Brent Crude Oil;D;20041022;000000;51.22;1249
@Brent Crude Oil;D;20041023;000000;51.22;1
@Brent Crude Oil;D;20041025;000000;50.78;1461
@Brent Crude Oil;D;20041026;000000;51.56;1366
@Brent Crude Oil;D;20041027;000000;49.45;1525
@Brent Crude Oil;D;20041028;000000;48.37;1549
@Brent Crude Oil;D;20041029;000000;48.98;1444
@Brent Crude Oil;D;20041101;000000;47.06;1055
@Brent Crude Oil;D;20041102;000000;46.55;972
@Brent Crude Oil;D;20041103;000000;47.56;981
@Brent Crude Oil;D;20041104;000000;46.01;997
@Brent Crude Oil;D;20041105;000000;46.42;721
@Brent Crude Oil;D;20041106;000000;46.42;1
@Brent Crude Oil;D;20041108;000000;45.92;828
@Brent Crude Oil;D;20041109;000000;43.71;757
@Brent Crude Oil;D;20041110;000000;45.68;1013
@Brent Crude Oil;D;20041111;000000;45.68;1
@Brent Crude Oil;D;20041115;000000;43.04;916
@Brent Crude Oil;D;20041116;000000;42.29;875
@Brent Crude Oil;D;20041117;000000;42.76;765
@Brent Crude Oil;D;20041118;000000;42.72;1086
@Brent Crude Oil;D;20041119;000000;44.89;1002
@Brent Crude Oil;D;20041120;000000;44.9;1
@Brent Crude Oil;D;20041122;000000;44.38;988
@Brent Crude Oil;D;20041123;000000;44.45;1076
@Brent Crude Oil;D;20041124;000000;44.82;1050
@Brent Crude Oil;D;20041125;000000;44.66;447
@Brent Crude Oil;D;20041126;000000;44.57;359
@Brent Crude Oil;D;20041127;000000;44.57;1
@Brent Crude Oil;D;20041129;000000;45.75;954
@Brent Crude Oil;D;20041130;000000;45.51;1089
@Brent Crude Oil;D;20041201;000000;42.31;1087
@Brent Crude Oil;D;20041202;000000;40.15;1005
@Brent Crude Oil;D;20041203;000000;39.36;997
@Brent Crude Oil;D;20041206;000000;39.65;973
@Brent Crude Oil;D;20041207;000000;38.27;958
@Brent Crude Oil;D;20041208;000000;38.69;984
@Brent Crude Oil;D;20041209;000000;39.67;751
@Brent Crude Oil;D;20041210;000000;37.95;790
@Brent Crude Oil;D;20041213;000000;38.58;936
@Brent Crude Oil;D;20041214;000000;39.45;924
@Brent Crude Oil;D;20041215;000000;41.97;1016
@Brent Crude Oil;D;20041216;000000;41.43;903
@Brent Crude Oil;D;20041217;000000;43.39;832
@Brent Crude Oil;D;20041220;000000;42.45;837
@Brent Crude Oil;D;20041221;000000;42.37;732
@Brent Crude Oil;D;20041222;000000;40.64;828
@Brent Crude Oil;D;20041223;000000;40.71;467
@Brent Crude Oil;D;20041224;000000;40.07;2
@Brent Crude Oil;D;20041229;000000;39.17;721
@Brent Crude Oil;D;20041230;000000;40.37;609
@Brent Crude Oil;D;20041231;000000;40.46;2
@Brent Crude Oil;D;20050104;000000;41.04;998
@Brent Crude Oil;D;20050105;000000;40.51;979
@Brent Crude Oil;D;20050106;000000;42.85;922
@Brent Crude Oil;D;20050107;000000;43.18;821
@Brent Crude Oil;D;20050110;000000;42.4;919
@Brent Crude Oil;D;20050111;000000;42.68;938
@Brent Crude Oil;D;20050112;000000;43.3;922
@Brent Crude Oil;D;20050113;000000;45.09;1055
@Brent Crude Oil;D;20050114;000000;44.96;684
@Brent Crude Oil;D;20050117;000000;45.2;190
@Brent Crude Oil;D;20050118;000000;45.39;1152
@Brent Crude Oil;D;20050119;000000;44.7;825
@Brent Crude Oil;D;20050120;000000;44.32;1012
@Brent Crude Oil;D;20050121;000000;45.73;913
@Brent Crude Oil;D;20050122;000000;45.73;1
@Brent Crude Oil;D;20050124;000000;46.01;939
@Brent Crude Oil;D;20050125;000000;46.96;977
@Brent Crude Oil;D;20050126;000000;46.51;1013
@Brent Crude Oil;D;20050127;000000;46.44;881
@Brent Crude Oil;D;20050128;000000;44.95;830
@Brent Crude Oil;D;20050131;000000;45.92;1055
@Brent Crude Oil;D;20050201;000000;44.82;938
@Brent Crude Oil;D;20050202;000000;44.05;927
@Brent Crude Oil;D;20050203;000000;43.85;767
@Brent Crude Oil;D;20050204;000000;43.89;812
@Brent Crude Oil;D;20050205;000000;43.87;1
@Brent Crude Oil;D;20050207;000000;43.04;948
@Brent Crude Oil;D;20050208;000000;43.07;782
@Brent Crude Oil;D;20050209;000000;43.13;795
@Brent Crude Oil;D;20050210;000000;45;854
@Brent Crude Oil;D;20050211;000000;45.28;769
@Brent Crude Oil;D;20050214;000000;45.53;855
@Brent Crude Oil;D;20050215;000000;45.39;496
@Brent Crude Oil;D;20050216;000000;46.1;769
@Brent Crude Oil;D;20050217;000000;45.8;750
@Brent Crude Oil;D;20050218;000000;46.34;581
@Brent Crude Oil;D;20050221;000000;46.73;453
@Brent Crude Oil;D;20050223;000000;48.51;834
@Brent Crude Oil;D;20050224;000000;49.44;963
@Brent Crude Oil;D;20050225;000000;49.61;988
@Brent Crude Oil;D;20050228;000000;50.06;913
@Brent Crude Oil;D;20050301;000000;50.11;923
@Brent Crude Oil;D;20050302;000000;51.22;835
@Brent Crude Oil;D;20050303;000000;51.95;891
@Brent Crude Oil;D;20050304;000000;51.75;831
@Brent Crude Oil;D;20050305;000000;51.75;1
@Brent Crude Oil;D;20050307;000000;52.05;907
@Brent Crude Oil;D;20050308;000000;52.84;982
@Brent Crude Oil;D;20050309;000000;53.38;796
@Brent Crude Oil;D;20050310;000000;52.15;836
@Brent Crude Oil;D;20050311;000000;52.84;788
@Brent Crude Oil;D;20050314;000000;53.45;911
@Brent Crude Oil;D;20050315;000000;53.6;913
@Brent Crude Oil;D;20050316;000000;54.88;836
@Brent Crude Oil;D;20050317;000000;55.06;796
@Brent Crude Oil;D;20050318;000000;55.59;796
@Brent Crude Oil;D;20050321;000000;55.65;812
@Brent Crude Oil;D;20050322;000000;54.59;840
@Brent Crude Oil;D;20050323;000000;53.04;865
@Brent Crude Oil;D;20050324;000000;53.93;717
@Brent Crude Oil;D;20050325;000000;53.9;2
@Brent Crude Oil;D;20050329;000000;53.03;829
@Brent Crude Oil;D;20050330;000000;52.09;839
@Brent Crude Oil;D;20050331;000000;54.29;929
@Brent Crude Oil;D;20050401;000000;56.51;783
@Brent Crude Oil;D;20050404;000000;56.23;873
@Brent Crude Oil;D;20050405;000000;55.44;788
@Brent Crude Oil;D;20050406;000000;55.27;824
@Brent Crude Oil;D;20050407;000000;54.04;499
@Brent Crude Oil;D;20050408;000000;52.89;1
@Brent Crude Oil;D;20050411;000000;54.2;1
@Brent Crude Oil;D;20050412;000000;53.03;1
@Brent Crude Oil;D;20050413;000000;51.51;1244
@Brent Crude Oil;D;20050414;000000;52.2;2278
@Brent Crude Oil;D;20050415;000000;51.63;2224
@Brent Crude Oil;D;20050416;000000;51.61;1
@Brent Crude Oil;D;20050418;000000;50.9;2138
@Brent Crude Oil;D;20050419;000000;52.98;2107
@Brent Crude Oil;D;20050420;000000;53.38;2504
@Brent Crude Oil;D;20050421;000000;54.3;1911
@Brent Crude Oil;D;20050422;000000;54.97;1995
@Brent Crude Oil;D;20050425;000000;54.07;2313
@Brent Crude Oil;D;20050426;000000;54.14;2265
@Brent Crude Oil;D;20050427;000000;51.96;2266
@Brent Crude Oil;D;20050428;000000;52.59;2612
@Brent Crude Oil;D;20050429;000000;50.6;2363
@Brent Crude Oil;D;20050430;000000;51.09;1
@Brent Crude Oil;D;20050503;000000;50.52;2031
@Brent Crude Oil;D;20050504;000000;51.15;2173
@Brent Crude Oil;D;20050505;000000;51.6;2348
@Brent Crude Oil;D;20050506;000000;50.77;2433
@Brent Crude Oil;D;20050509;000000;51.55;2353
@Brent Crude Oil;D;20050510;000000;52.04;2366
@Brent Crude Oil;D;20050511;000000;50.75;2389
@Brent Crude Oil;D;20050512;000000;49.2;2511
@Brent Crude Oil;D;20050513;000000;49.49;2415
@Brent Crude Oil;D;20050516;000000;49.27;2017
@Brent Crude Oil;D;20050517;000000;49.38;2568
@Brent Crude Oil;D;20050518;000000;48.15;2435
@Brent Crude Oil;D;20050519;000000;48;2565
@Brent Crude Oil;D;20050520;000000;48.03;2426
@Brent Crude Oil;D;20050523;000000;48.33;2359
@Brent Crude Oil;D;20050524;000000;48.71;2423
@Brent Crude Oil;D;20050525;000000;50.07;2258
@Brent Crude Oil;D;20050526;000000;50.1;2323
@Brent Crude Oil;D;20050527;000000;50.55;1750
@Brent Crude Oil;D;20050528;000000;50.7;1
@Brent Crude Oil;D;20050531;000000;50.79;2386
@Brent Crude Oil;D;20050601;000000;53.06;2485
@Brent Crude Oil;D;20050602;000000;52.4;2521
@Brent Crude Oil;D;20050603;000000;54.08;2290
@Brent Crude Oil;D;20050604;000000;54.17;1
@Brent Crude Oil;D;20050606;000000;53.75;2336
@Brent Crude Oil;D;20050607;000000;53.13;2340
@Brent Crude Oil;D;20050608;000000;51.97;2484
@Brent Crude Oil;D;20050609;000000;53.79;2687
@Brent Crude Oil;D;20050610;000000;53.7;2169
@Brent Crude Oil;D;20050611;000000;53.62;1
@Brent Crude Oil;D;20050613;000000;55.77;2040
@Brent Crude Oil;D;20050614;000000;54.89;2502
@Brent Crude Oil;D;20050615;000000;55.2;2553
@Brent Crude Oil;D;20050616;000000;56.22;2652
@Brent Crude Oil;D;20050617;000000;57.92;2440
@Brent Crude Oil;D;20050618;000000;57.76;1
@Brent Crude Oil;D;20050620;000000;58.3;2652
@Brent Crude Oil;D;20050621;000000;57.35;2562
@Brent Crude Oil;D;20050622;000000;56.75;2458
@Brent Crude Oil;D;20050623;000000;58.02;2630
@Brent Crude Oil;D;20050624;000000;58.2;2652
@Brent Crude Oil;D;20050625;000000;58.36;1
@Brent Crude Oil;D;20050627;000000;59.03;2393
@Brent Crude Oil;D;20050628;000000;57.25;2755
@Brent Crude Oil;D;20050629;000000;56.15;2660
@Brent Crude Oil;D;20050630;000000;55.65;2219
@Brent Crude Oil;D;20050701;000000;57.91;2150
@Brent Crude Oil;D;20050702;000000;57.54;1
@Brent Crude Oil;D;20050704;000000;57.94;1194
@Brent Crude Oil;D;20050705;000000;58.41;2639
@Brent Crude Oil;D;20050706;000000;59.89;2667
@Brent Crude Oil;D;20050707;000000;57.92;2519
@Brent Crude Oil;D;20050708;000000;58.08;2610
@Brent Crude Oil;D;20050709;000000;58.2;1
@Brent Crude Oil;D;20050711;000000;58.82;2945
@Brent Crude Oil;D;20050712;000000;59.93;3062
@Brent Crude Oil;D;20050713;000000;59;3886
@Brent Crude Oil;D;20050714;000000;57.03;2616
@Brent Crude Oil;D;20050715;000000;57.56;3060
@Brent Crude Oil;D;20050716;000000;57.61;1
@Brent Crude Oil;D;20050718;000000;56.74;2791
@Brent Crude Oil;D;20050719;000000;57.44;2979
@Brent Crude Oil;D;20050720;000000;56.7;3039
@Brent Crude Oil;D;20050721;000000;55.68;3493
@Brent Crude Oil;D;20050722;000000;57.01;3226
@Brent Crude Oil;D;20050723;000000;57.58;679
@Brent Crude Oil;D;20050725;000000;57.57;3235
@Brent Crude Oil;D;20050726;000000;57.93;2943
@Brent Crude Oil;D;20050727;000000;57.9;2710
@Brent Crude Oil;D;20050728;000000;58.7;2685
@Brent Crude Oil;D;20050729;000000;59.52;2559
@Brent Crude Oil;D;20050730;000000;59.37;1
@Brent Crude Oil;D;20050801;000000;60.17;2868
@Brent Crude Oil;D;20050802;000000;60.61;3034
@Brent Crude Oil;D;20050803;000000;59.37;2693
@Brent Crude Oil;D;20050804;000000;60.18;2412
@Brent Crude Oil;D;20050805;000000;61.07;2424
@Brent Crude Oil;D;20050808;000000;62.69;2792
@Brent Crude Oil;D;20050809;000000;62.04;2658
@Brent Crude Oil;D;20050810;000000;64.28;2841
@Brent Crude Oil;D;20050811;000000;64.93;3287
@Brent Crude Oil;D;20050812;000000;65.79;2825
@Brent Crude Oil;D;20050813;000000;65.7;1
@Brent Crude Oil;D;20050815;000000;65.55;2769
@Brent Crude Oil;D;20050816;000000;65.2;3319
@Brent Crude Oil;D;20050817;000000;62.6;2398
@Brent Crude Oil;D;20050818;000000;62.83;3482
@Brent Crude Oil;D;20050819;000000;64.36;3051
@Brent Crude Oil;D;20050822;000000;64.3;2562
@Brent Crude Oil;D;20050823;000000;64.77;3081
@Brent Crude Oil;D;20050824;000000;66.14;3024
@Brent Crude Oil;D;20050825;000000;66.23;3463
@Brent Crude Oil;D;20050826;000000;64.82;2952
@Brent Crude Oil;D;20050829;000000;64.87;1
@Brent Crude Oil;D;20050830;000000;67.27;3768
@Brent Crude Oil;D;20050831;000000;66.75;3739
@Brent Crude Oil;D;20050901;000000;67.65;3679
@Brent Crude Oil;D;20050902;000000;64.85;3240
@Brent Crude Oil;D;20050903;000000;66.06;1
@Brent Crude Oil;D;20050905;000000;64.85;1630
@Brent Crude Oil;D;20050906;000000;64.53;3378
@Brent Crude Oil;D;20050907;000000;63.28;3674
@Brent Crude Oil;D;20050908;000000;63.37;3455
@Brent Crude Oil;D;20050909;000000;62.86;3144
@Brent Crude Oil;D;20050910;000000;63.35;1
@Brent Crude Oil;D;20050912;000000;62.24;3037
@Brent Crude Oil;D;20050913;000000;62.27;3217
@Brent Crude Oil;D;20050914;000000;64.13;2976
@Brent Crude Oil;D;20050915;000000;63.47;3070
@Brent Crude Oil;D;20050916;000000;61.84;3117
@Brent Crude Oil;D;20050917;000000;61.81;1
@Brent Crude Oil;D;20050919;000000;65.44;3367
@Brent Crude Oil;D;20050920;000000;64.57;3834
@Brent Crude Oil;D;20050921;000000;65.04;3811
@Brent Crude Oil;D;20050922;000000;64.7;3710
@Brent Crude Oil;D;20050923;000000;62.4;3506
@Brent Crude Oil;D;20050924;000000;62.44;11
@Brent Crude Oil;D;20050925;000000;61.4;517
@Brent Crude Oil;D;20050926;000000;64;3761
@Brent Crude Oil;D;20050927;000000;62.97;3387
@Brent Crude Oil;D;20050928;000000;63.98;3320
@Brent Crude Oil;D;20050929;000000;63.6;3172
@Brent Crude Oil;D;20050930;000000;63.53;3193
@Brent Crude Oil;D;20051001;000000;63.48;1
@Brent Crude Oil;D;20051003;000000;62.58;2939
@Brent Crude Oil;D;20051004;000000;61.14;3124
@Brent Crude Oil;D;20051005;000000;59.83;3117
@Brent Crude Oil;D;20051006;000000;58.74;3391
@Brent Crude Oil;D;20051007;000000;59.04;2776
@Brent Crude Oil;D;20051008;000000;59.21;3
@Brent Crude Oil;D;20051010;000000;59.77;1452
@Brent Crude Oil;D;20051011;000000;60.82;2880
@Brent Crude Oil;D;20051012;000000;60.95;3151
@Brent Crude Oil;D;20051013;000000;60.22;3195
@Brent Crude Oil;D;20051014;000000;59.57;3417
@Brent Crude Oil;D;20051015;000000;59.48;3
@Brent Crude Oil;D;20051017;000000;60.43;3302
@Brent Crude Oil;D;20051018;000000;59.05;3357
@Brent Crude Oil;D;20051019;000000;58.58;3335
@Brent Crude Oil;D;20051020;000000;57.46;3312
@Brent Crude Oil;D;20051021;000000;58.41;3010
@Brent Crude Oil;D;20051022;000000;58.48;4
@Brent Crude Oil;D;20051024;000000;58.05;3042
@Brent Crude Oil;D;20051025;000000;60.06;3248
@Brent Crude Oil;D;20051026;000000;59.03;3027
@Brent Crude Oil;D;20051027;000000;59.13;3167
@Brent Crude Oil;D;20051028;000000;59.6;2861
@Brent Crude Oil;D;20051029;000000;59.42;1
@Brent Crude Oil;D;20051031;000000;58.15;3098
@Brent Crude Oil;D;20051101;000000;58.44;3251
@Brent Crude Oil;D;20051102;000000;58.25;2818
@Brent Crude Oil;D;20051103;000000;60.57;3172
@Brent Crude Oil;D;20051104;000000;59.11;2965
@Brent Crude Oil;D;20051105;000000;59.25;25
@Brent Crude Oil;D;20051107;000000;58.07;3161
@Brent Crude Oil;D;20051108;000000;57.66;3143
@Brent Crude Oil;D;20051109;000000;56.66;3052
@Brent Crude Oil;D;20051110;000000;56.2;3020
@Brent Crude Oil;D;20051111;000000;56.06;2939
@Brent Crude Oil;D;20051112;000000;55.98;5
@Brent Crude Oil;D;20051114;000000;55.96;2837
@Brent Crude Oil;D;20051115;000000;55.16;3051
@Brent Crude Oil;D;20051116;000000;55.9;3245
@Brent Crude Oil;D;20051117;000000;54.94;3369
@Brent Crude Oil;D;20051118;000000;55.15;2868
@Brent Crude Oil;D;20051119;000000;54.88;2
@Brent Crude Oil;D;20051121;000000;55.45;2781
@Brent Crude Oil;D;20051122;000000;56.3;2940
@Brent Crude Oil;D;20051123;000000;56.02;2793
@Brent Crude Oil;D;20051124;000000;55.3;1539
@Brent Crude Oil;D;20051125;000000;55.01;1477
@Brent Crude Oil;D;20051128;000000;54.82;3051
@Brent Crude Oil;D;20051129;000000;54.1;3176
@Brent Crude Oil;D;20051130;000000;55.19;3010
@Brent Crude Oil;D;20051201;000000;55.93;3066
@Brent Crude Oil;D;20051202;000000;57.1;3091
@Brent Crude Oil;D;20051203;000000;57.05;3
@Brent Crude Oil;D;20051205;000000;57.76;3147
@Brent Crude Oil;D;20051206;000000;57.7;2566
@Brent Crude Oil;D;20051207;000000;57.13;2936
@Brent Crude Oil;D;20051208;000000;58.88;3152
@Brent Crude Oil;D;20051209;000000;57.47;3385
@Brent Crude Oil;D;20051212;000000;59.97;2971
@Brent Crude Oil;D;20051213;000000;59.98;3172
@Brent Crude Oil;D;20051214;000000;59.8;2667
@Brent Crude Oil;D;20051215;000000;59.44;3086
@Brent Crude Oil;D;20051216;000000;57.12;2797
@Brent Crude Oil;D;20051217;000000;57.13;5
@Brent Crude Oil;D;20051219;000000;56.11;1665
@Brent Crude Oil;D;20051220;000000;56.17;2940
@Brent Crude Oil;D;20051221;000000;56.73;2490
@Brent Crude Oil;D;20051222;000000;56.55;2518
@Brent Crude Oil;D;20051223;000000;56.4;2034
@Brent Crude Oil;D;20051224;000000;56.69;1
@Brent Crude Oil;D;20051227;000000;56.17;1923
@Brent Crude Oil;D;20051228;000000;57.64;2634
@Brent Crude Oil;D;20051229;000000;58.01;2561
@Brent Crude Oil;D;20051230;000000;59.2;1951
@Brent Crude Oil;D;20051231;000000;58.98;1
@Brent Crude Oil;D;20060103;000000;61.4;3462
@Brent Crude Oil;D;20060104;000000;61.57;3313
@Brent Crude Oil;D;20060105;000000;61.14;3290
@Brent Crude Oil;D;20060106;000000;62.86;3243
@Brent Crude Oil;D;20060107;000000;62.72;4
@Brent Crude Oil;D;20060109;000000;61.86;2154
@Brent Crude Oil;D;20060110;000000;62.22;3279
@Brent Crude Oil;D;20060111;000000;62.6;3153
@Brent Crude Oil;D;20060112;000000;62.65;2874
@Brent Crude Oil;D;20060113;000000;62.65;3211
@Brent Crude Oil;D;20060114;000000;62.6;2
@Brent Crude Oil;D;20060116;000000;63.41;1841
@Brent Crude Oil;D;20060117;000000;65.22;3508
@Brent Crude Oil;D;20060118;000000;64.3;3686
@Brent Crude Oil;D;20060119;000000;65.5;3099
@Brent Crude Oil;D;20060120;000000;66.32;3308
@Brent Crude Oil;D;20060121;000000;66.43;26
@Brent Crude Oil;D;20060123;000000;66.05;3723
@Brent Crude Oil;D;20060124;000000;65.24;3477
@Brent Crude Oil;D;20060125;000000;64.2;3187
@Brent Crude Oil;D;20060126;000000;65.03;3452
@Brent Crude Oil;D;20060127;000000;66.22;3166
@Brent Crude Oil;D;20060128;000000;66.24;2
@Brent Crude Oil;D;20060130;000000;66.75;3310
@Brent Crude Oil;D;20060131;000000;65.85;3563
@Brent Crude Oil;D;20060201;000000;64.56;3624
@Brent Crude Oil;D;20060202;000000;63.1;2986
@Brent Crude Oil;D;20060203;000000;63.45;3233
@Brent Crude Oil;D;20060204;000000;63.39;12
@Brent Crude Oil;D;20060206;000000;63.26;3137
@Brent Crude Oil;D;20060207;000000;61.39;3342
@Brent Crude Oil;D;20060208;000000;61.1;3263
@Brent Crude Oil;D;20060209;000000;60.96;3149
@Brent Crude Oil;D;20060210;000000;61.1;3217
@Brent Crude Oil;D;20060211;000000;61.06;11
@Brent Crude Oil;D;20060213;000000;60.55;3025
@Brent Crude Oil;D;20060214;000000;59.32;3346
@Brent Crude Oil;D;20060215;000000;58.2;2714
@Brent Crude Oil;D;20060216;000000;59.36;3569
@Brent Crude Oil;D;20060217;000000;59.85;3016
@Brent Crude Oil;D;20060218;000000;59.89;14
@Brent Crude Oil;D;20060220;000000;61.71;2329
@Brent Crude Oil;D;20060221;000000;61.35;3298
@Brent Crude Oil;D;20060222;000000;60.26;3260
@Brent Crude Oil;D;20060223;000000;60.68;3221
@Brent Crude Oil;D;20060224;000000;62.6;3619
@Brent Crude Oil;D;20060225;000000;62.6;14
@Brent Crude Oil;D;20060227;000000;60.89;3159
@Brent Crude Oil;D;20060228;000000;62.1;0
@Brent Crude Oil;D;20060301;000000;62.65;0
@Brent Crude Oil;D;20060302;000000;64.25;3393
@Brent Crude Oil;D;20060303;000000;64.12;3149
@Brent Crude Oil;D;20060304;000000;64.18;11
@Brent Crude Oil;D;20060306;000000;62.15;3435
@Brent Crude Oil;D;20060307;000000;61.04;3463
@Brent Crude Oil;D;20060308;000000;59.93;3496
@Brent Crude Oil;D;20060309;000000;61.25;3580
@Brent Crude Oil;D;20060310;000000;61.18;3187
@Brent Crude Oil;D;20060311;000000;61.1;10
@Brent Crude Oil;D;20060313;000000;62.75;3466
@Brent Crude Oil;D;20060314;000000;64.04;3565
@Brent Crude Oil;D;20060315;000000;62.81;3430
@Brent Crude Oil;D;20060316;000000;64.04;3559
@Brent Crude Oil;D;20060317;000000;63.5;3394
@Brent Crude Oil;D;20060318;000000;63.26;4
@Brent Crude Oil;D;20060320;000000;61.45;3406
@Brent Crude Oil;D;20060321;000000;62.1;3609
@Brent Crude Oil;D;20060322;000000;61.71;3250
@Brent Crude Oil;D;20060323;000000;63.36;2941
@Brent Crude Oil;D;20060324;000000;63.44;3439
@Brent Crude Oil;D;20060325;000000;63.51;16
@Brent Crude Oil;D;20060327;000000;63.64;3388
@Brent Crude Oil;D;20060328;000000;65.13;3589
@Brent Crude Oil;D;20060329;000000;65.75;3334
@Brent Crude Oil;D;20060330;000000;66.87;3323
@Brent Crude Oil;D;20060331;000000;66.43;3407
@Brent Crude Oil;D;20060401;000000;65.91;70
@Brent Crude Oil;D;20060403;000000;66.66;2993
@Brent Crude Oil;D;20060404;000000;66.33;3423
@Brent Crude Oil;D;20060405;000000;67.2;3608
@Brent Crude Oil;D;20060406;000000;67.69;3475
@Brent Crude Oil;D;20060407;000000;67.24;3351
@Brent Crude Oil;D;20060408;000000;67.29;29
@Brent Crude Oil;D;20060410;000000;69.44;3278
@Brent Crude Oil;D;20060411;000000;69.66;3597
@Brent Crude Oil;D;20060412;000000;69.68;3494
@Brent Crude Oil;D;20060413;000000;70.87;3258
@Brent Crude Oil;D;20060414;000000;70.57;27
@Brent Crude Oil;D;20060417;000000;71.47;2474
@Brent Crude Oil;D;20060418;000000;72.45;3483
@Brent Crude Oil;D;20060419;000000;73.62;3372
@Brent Crude Oil;D;20060420;000000;72.8;3613
@Brent Crude Oil;D;20060421;000000;74.62;3686
@Brent Crude Oil;D;20060422;000000;74.57;44
@Brent Crude Oil;D;20060424;000000;72.88;3610
@Brent Crude Oil;D;20060425;000000;73.08;3662
@Brent Crude Oil;D;20060426;000000;71.77;3657
@Brent Crude Oil;D;20060427;000000;70.82;3772
@Brent Crude Oil;D;20060428;000000;71.81;3504
@Brent Crude Oil;D;20060429;000000;72.02;79
@Brent Crude Oil;D;20060501;000000;73.9;2910
@Brent Crude Oil;D;20060502;000000;74.65;3464
@Brent Crude Oil;D;20060503;000000;72.7;3459
@Brent Crude Oil;D;20060504;000000;70.95;3868
@Brent Crude Oil;D;20060505;000000;70.83;3815
@Brent Crude Oil;D;20060506;000000;70.95;56
@Brent Crude Oil;D;20060508;000000;70.38;3678
@Brent Crude Oil;D;20060509;000000;70.94;3716
@Brent Crude Oil;D;20060510;000000;73.16;3122
@Brent Crude Oil;D;20060511;000000;73.57;3313
@Brent Crude Oil;D;20060512;000000;72.43;3583
@Brent Crude Oil;D;20060513;000000;72.79;39
@Brent Crude Oil;D;20060515;000000;70.01;4102
@Brent Crude Oil;D;20060516;000000;70.05;4009
@Brent Crude Oil;D;20060517;000000;68.92;3347
@Brent Crude Oil;D;20060518;000000;69.98;3721
@Brent Crude Oil;D;20060519;000000;68.51;3623
@Brent Crude Oil;D;20060520;000000;68.68;25
@Brent Crude Oil;D;20060522;000000;69.32;3793
@Brent Crude Oil;D;20060523;000000;70.66;3794
@Brent Crude Oil;D;20060524;000000;69;3803
@Brent Crude Oil;D;20060525;000000;70.8;3479
@Brent Crude Oil;D;20060526;000000;70.67;2979
@Brent Crude Oil;D;20060527;000000;70.59;3
@Brent Crude Oil;D;20060530;000000;71.05;3519
@Brent Crude Oil;D;20060531;000000;70.5;3624
@Brent Crude Oil;D;20060601;000000;69.39;3705
@Brent Crude Oil;D;20060602;000000;71.36;3288
@Brent Crude Oil;D;20060603;000000;71.03;54
@Brent Crude Oil;D;20060605;000000;71.16;3976
@Brent Crude Oil;D;20060606;000000;70.83;3826
@Brent Crude Oil;D;20060607;000000;69.14;3610
@Brent Crude Oil;D;20060608;000000;69.1;3778
@Brent Crude Oil;D;20060609;000000;70.56;3524
@Brent Crude Oil;D;20060610;000000;71.55;69
@Brent Crude Oil;D;20060612;000000;70.18;3322
@Brent Crude Oil;D;20060613;000000;68.16;3235
@Brent Crude Oil;D;20060614;000000;68.5;3373
@Brent Crude Oil;D;20060615;000000;68.63;3628
@Brent Crude Oil;D;20060616;000000;68.8;1366
@Brent Crude Oil;D;20060617;000000;68.8;45
@Brent Crude Oil;D;20060619;000000;68.25;3299
@Brent Crude Oil;D;20060620;000000;68;3511
@Brent Crude Oil;D;20060621;000000;69.2;3642
@Brent Crude Oil;D;20060622;000000;70;3437
@Brent Crude Oil;D;20060623;000000;69.95;3415
@Brent Crude Oil;D;20060624;000000;69.93;30
@Brent Crude Oil;D;20060626;000000;70.68;3237
@Brent Crude Oil;D;20060627;000000;71.14;3307
@Brent Crude Oil;D;20060628;000000;71.62;3301
@Brent Crude Oil;D;20060629;000000;73;3189
@Brent Crude Oil;D;20060630;000000;73.39;3263
@Brent Crude Oil;D;20060701;000000;73.51;50
@Brent Crude Oil;D;20060703;000000;73.25;2001
@Brent Crude Oil;D;20060704;000000;72.51;1893
@Brent Crude Oil;D;20060705;000000;73.95;3511
@Brent Crude Oil;D;20060706;000000;73.91;3420
@Brent Crude Oil;D;20060707;000000;73.25;3788
@Brent Crude Oil;D;20060708;000000;73.51;25
@Brent Crude Oil;D;20060710;000000;73.46;3214
@Brent Crude Oil;D;20060711;000000;73.95;3353
@Brent Crude Oil;D;20060712;000000;74.96;3388
@Brent Crude Oil;D;20060713;000000;77.33;3865
@Brent Crude Oil;D;20060714;000000;77.32;4328
@Brent Crude Oil;D;20060715;000000;77.58;73
@Brent Crude Oil;D;20060717;000000;75.74;3981
@Brent Crude Oil;D;20060718;000000;74.75;3882
@Brent Crude Oil;D;20060719;000000;73.98;4233
@Brent Crude Oil;D;20060720;000000;73.42;3829
@Brent Crude Oil;D;20060721;000000;73.88;3642
@Brent Crude Oil;D;20060722;000000;73.75;41
@Brent Crude Oil;D;20060724;000000;74.68;2612
@Brent Crude Oil;D;20060725;000000;73.45;3694
@Brent Crude Oil;D;20060726;000000;74;3642
@Brent Crude Oil;D;20060727;000000;75.08;3593
@Brent Crude Oil;D;20060728;000000;73.47;3508
@Brent Crude Oil;D;20060729;000000;73.54;34
@Brent Crude Oil;D;20060731;000000;75.14;4012
@Brent Crude Oil;D;20060801;000000;76.03;3821
@Brent Crude Oil;D;20060802;000000;77.18;3557
@Brent Crude Oil;D;20060803;000000;76.61;3841
@Brent Crude Oil;D;20060804;000000;76.21;3286
@Brent Crude Oil;D;20060805;000000;76.13;18
@Brent Crude Oil;D;20060807;000000;78.43;4120
@Brent Crude Oil;D;20060808;000000;77.61;3271
@Brent Crude Oil;D;20060809;000000;77.29;3426
@Brent Crude Oil;D;20060810;000000;75.24;4002
@Brent Crude Oil;D;20060811;000000;75.46;3609
@Brent Crude Oil;D;20060812;000000;75.51;45
@Brent Crude Oil;D;20060814;000000;74.14;3435
@Brent Crude Oil;D;20060815;000000;73.72;3761
@Brent Crude Oil;D;20060816;000000;72.73;3732
@Brent Crude Oil;D;20060817;000000;71.99;3900
@Brent Crude Oil;D;20060818;000000;72.05;3578
@Brent Crude Oil;D;20060819;000000;72.15;48
@Brent Crude Oil;D;20060821;000000;73.49;3702
@Brent Crude Oil;D;20060822;000000;73.24;3596
@Brent Crude Oil;D;20060823;000000;71.99;3687
@Brent Crude Oil;D;20060824;000000;72.83;3456
@Brent Crude Oil;D;20060825;000000;72.6;3735
@Brent Crude Oil;D;20060826;000000;72.65;77
@Brent Crude Oil;D;20060828;000000;70.69;3128
@Brent Crude Oil;D;20060829;000000;69.89;3730
@Brent Crude Oil;D;20060830;000000;70.54;3427
@Brent Crude Oil;D;20060831;000000;70.31;3686
@Brent Crude Oil;D;20060901;000000;69.2;2993
@Brent Crude Oil;D;20060902;000000;69.2;16
@Brent Crude Oil;D;20060904;000000;67.71;2116
@Brent Crude Oil;D;20060905;000000;68.28;3773
@Brent Crude Oil;D;20060906;000000;67;3638
@Brent Crude Oil;D;20060907;000000;66.39;3365
@Brent Crude Oil;D;20060908;000000;65.41;3762
@Brent Crude Oil;D;20060909;000000;65.35;90
@Brent Crude Oil;D;20060911;000000;65.69;3794
@Brent Crude Oil;D;20060912;000000;64.28;3881
@Brent Crude Oil;D;20060913;000000;64.51;3828
@Brent Crude Oil;D;20060914;000000;63.75;3883
@Brent Crude Oil;D;20060915;000000;63.42;3746
@Brent Crude Oil;D;20060916;000000;63.47;51
@Brent Crude Oil;D;20060918;000000;64.1;3539
@Brent Crude Oil;D;20060919;000000;62.12;3663
@Brent Crude Oil;D;20060920;000000;60.42;4205
@Brent Crude Oil;D;20060921;000000;61.4;3879
@Brent Crude Oil;D;20060922;000000;60.27;3606
@Brent Crude Oil;D;20060923;000000;60.3;72
@Brent Crude Oil;D;20060925;000000;60.67;3626
@Brent Crude Oil;D;20060926;000000;60.23;4060
@Brent Crude Oil;D;20060927;000000;62.28;3750
@Brent Crude Oil;D;20060928;000000;62.37;4089
@Brent Crude Oil;D;20060929;000000;62.55;2013
@Brent Crude Oil;D;20060930;000000;62.5;41
@Brent Crude Oil;D;20061002;000000;60.38;2452
@Brent Crude Oil;D;20061003;000000;58.41;3904
@Brent Crude Oil;D;20061004;000000;59.23;4070
@Brent Crude Oil;D;20061005;000000;60.1;4226
@Brent Crude Oil;D;20061006;000000;59.87;3721
@Brent Crude Oil;D;20061007;000000;59.83;93
@Brent Crude Oil;D;20061009;000000;60.54;3659
@Brent Crude Oil;D;20061010;000000;60.36;3638
@Brent Crude Oil;D;20061011;000000;59.5;4009
@Brent Crude Oil;D;20061012;000000;60.29;3585
@Brent Crude Oil;D;20061013;000000;60.63;4047
@Brent Crude Oil;D;20061014;000000;60.68;78
@Brent Crude Oil;D;20061016;000000;61.57;3620
@Brent Crude Oil;D;20061017;000000;60.96;3870
@Brent Crude Oil;D;20061018;000000;59.71;3690
@Brent Crude Oil;D;20061019;000000;61;4006
@Brent Crude Oil;D;20061020;000000;59.66;3934
@Brent Crude Oil;D;20061021;000000;59.68;63
@Brent Crude Oil;D;20061023;000000;59.29;3982
@Brent Crude Oil;D;20061024;000000;59.93;3778
@Brent Crude Oil;D;20061025;000000;62.13;3770
@Brent Crude Oil;D;20061026;000000;61.37;2674
@Brent Crude Oil;D;20061027;000000;61.09;2007
@Brent Crude Oil;D;20061028;000000;61.08;133
@Brent Crude Oil;D;20061030;000000;58.68;3462
@Brent Crude Oil;D;20061031;000000;58.95;4092
@Brent Crude Oil;D;20061101;000000;58.8;3670
@Brent Crude Oil;D;20061102;000000;57.82;3820
@Brent Crude Oil;D;20061103;000000;59.17;3516
@Brent Crude Oil;D;20061104;000000;59.15;47
@Brent Crude Oil;D;20061106;000000;59.87;3491
@Brent Crude Oil;D;20061107;000000;58.66;3857
@Brent Crude Oil;D;20061108;000000;59.83;3307
@Brent Crude Oil;D;20061109;000000;61.2;3661
@Brent Crude Oil;D;20061110;000000;61.18;3482
@Brent Crude Oil;D;20061111;000000;61.18;62
@Brent Crude Oil;D;20061113;000000;60.44;3557
@Brent Crude Oil;D;20061114;000000;60.51;1432
@Brent Crude Oil;D;20061115;000000;60.6;3005
@Brent Crude Oil;D;20061116;000000;58.54;3697
@Brent Crude Oil;D;20061117;000000;59;3964
@Brent Crude Oil;D;20061118;000000;59;69
@Brent Crude Oil;D;20061120;000000;58.93;1822
@Brent Crude Oil;D;20061121;000000;60.33;3426
@Brent Crude Oil;D;20061122;000000;59.49;3286
@Brent Crude Oil;D;20061123;000000;59.35;2078
@Brent Crude Oil;D;20061124;000000;60.03;2453
@Brent Crude Oil;D;20061127;000000;60.44;3252
@Brent Crude Oil;D;20061128;000000;61.21;3551
@Brent Crude Oil;D;20061129;000000;63.07;3620
@Brent Crude Oil;D;20061130;000000;64.26;3679
@Brent Crude Oil;D;20061201;000000;64.8;3597
@Brent Crude Oil;D;20061202;000000;64.62;79
@Brent Crude Oil;D;20061204;000000;63.35;3395
@Brent Crude Oil;D;20061205;000000;63.32;3702
@Brent Crude Oil;D;20061206;000000;63.07;3490
@Brent Crude Oil;D;20061207;000000;62.57;3161
@Brent Crude Oil;D;20061208;000000;62.32;3653
@Brent Crude Oil;D;20061209;000000;62.2;39
@Brent Crude Oil;D;20061211;000000;62.23;3644
@Brent Crude Oil;D;20061212;000000;61.62;3537
@Brent Crude Oil;D;20061213;000000;61.73;3279
@Brent Crude Oil;D;20061214;000000;63;3451
@Brent Crude Oil;D;20061215;000000;63.5;3219
@Brent Crude Oil;D;20061216;000000;63.49;141
@Brent Crude Oil;D;20061218;000000;62.11;3304
@Brent Crude Oil;D;20061219;000000;62.68;2648
@Brent Crude Oil;D;20061220;000000;63.13;3457
@Brent Crude Oil;D;20061221;000000;62.5;3049
@Brent Crude Oil;D;20061222;000000;62.3;2566
@Brent Crude Oil;D;20061223;000000;62.42;31
@Brent Crude Oil;D;20061226;000000;60.88;2355
@Brent Crude Oil;D;20061227;000000;60.52;2919
@Brent Crude Oil;D;20061228;000000;60.55;204
@Brent Crude Oil;D;20061229;000000;60.88;1757
@Brent Crude Oil;D;20061230;000000;60.86;9
@Brent Crude Oil;D;20070102;000000;60.6;2893
@Brent Crude Oil;D;20070103;000000;57.71;3596
@Brent Crude Oil;D;20070104;000000;55.25;4047
@Brent Crude Oil;D;20070105;000000;55.62;4338
@Brent Crude Oil;D;20070106;000000;55.64;77
@Brent Crude Oil;D;20070108;000000;55.6;3868
@Brent Crude Oil;D;20070109;000000;55.46;4316
@Brent Crude Oil;D;20070110;000000;54.18;3791
@Brent Crude Oil;D;20070111;000000;52.78;4344
@Brent Crude Oil;D;20070112;000000;53.4;4163
@Brent Crude Oil;D;20070113;000000;53.44;46
@Brent Crude Oil;D;20070115;000000;53.4;2790
@Brent Crude Oil;D;20070116;000000;51.78;4109
@Brent Crude Oil;D;20070117;000000;52.86;4450
@Brent Crude Oil;D;20070118;000000;51.77;4249
@Brent Crude Oil;D;20070119;000000;53.43;3785
@Brent Crude Oil;D;20070120;000000;53.44;118
@Brent Crude Oil;D;20070122;000000;52.76;4301
@Brent Crude Oil;D;20070123;000000;54.98;4242
@Brent Crude Oil;D;20070124;000000;55.46;4036
@Brent Crude Oil;D;20070125;000000;54.13;3971
@Brent Crude Oil;D;20070126;000000;55.32;3963
@Brent Crude Oil;D;20070127;000000;55.29;100
@Brent Crude Oil;D;20070129;000000;53.61;3708
@Brent Crude Oil;D;20070130;000000;56.27;3205
@Brent Crude Oil;D;20070131;000000;57.25;3967
@Brent Crude Oil;D;20070201;000000;56.75;4097
@Brent Crude Oil;D;20070202;000000;58.48;3876
@Brent Crude Oil;D;20070203;000000;58.41;169
@Brent Crude Oil;D;20070205;000000;58.15;3997
@Brent Crude Oil;D;20070206;000000;58.6;3796
@Brent Crude Oil;D;20070207;000000;57.3;4080
@Brent Crude Oil;D;20070208;000000;57.16;3387
@Brent Crude Oil;D;20070209;000000;58.85;3751
@Brent Crude Oil;D;20070210;000000;59.77;55
@Brent Crude Oil;D;20070212;000000;57.37;3725
@Brent Crude Oil;D;20070213;000000;58.6;4025
@Brent Crude Oil;D;20070214;000000;57.51;3690
@Brent Crude Oil;D;20070215;000000;57.44;4096
@Brent Crude Oil;D;20070216;000000;58.8;3716
@Brent Crude Oil;D;20070217;000000;58.95;64
@Brent Crude Oil;D;20070219;000000;58.34;2372
@Brent Crude Oil;D;20070220;000000;57.98;4107
@Brent Crude Oil;D;20070221;000000;59.4;4164
@Brent Crude Oil;D;20070222;000000;60.46;4212
@Brent Crude Oil;D;20070223;000000;60.65;4251
@Brent Crude Oil;D;20070224;000000;60.88;93
@Brent Crude Oil;D;20070226;000000;61.33;3916
@Brent Crude Oil;D;20070228;000000;61.8;988
@Brent Crude Oil;D;20070301;000000;62;4282
@Brent Crude Oil;D;20070302;000000;61.81;4240
@Brent Crude Oil;D;20070303;000000;62.08;120
@Brent Crude Oil;D;20070305;000000;60.41;3786
@Brent Crude Oil;D;20070306;000000;61.35;3546
@Brent Crude Oil;D;20070307;000000;62.48;3925
@Brent Crude Oil;D;20070308;000000;62.35;4047
@Brent Crude Oil;D;20070309;000000;61.13;3834
@Brent Crude Oil;D;20070310;000000;61.7;37
@Brent Crude Oil;D;20070312;000000;61.15;4023
@Brent Crude Oil;D;20070313;000000;61.37;3964
@Brent Crude Oil;D;20070314;000000;61.2;3927
@Brent Crude Oil;D;20070315;000000;60.56;3467
@Brent Crude Oil;D;20070316;000000;60.38;3391
@Brent Crude Oil;D;20070317;000000;60.3;8
@Brent Crude Oil;D;20070319;000000;60.74;3750
@Brent Crude Oil;D;20070320;000000;60.65;3792
@Brent Crude Oil;D;20070321;000000;61.25;3651
@Brent Crude Oil;D;20070322;000000;62.83;3738
@Brent Crude Oil;D;20070323;000000;63.19;3800
@Brent Crude Oil;D;20070324;000000;63.18;11
@Brent Crude Oil;D;20070326;000000;64.46;3942
@Brent Crude Oil;D;20070327;000000;64.7;3748
@Brent Crude Oil;D;20070328;000000;65.67;4038
@Brent Crude Oil;D;20070329;000000;68.17;4228
@Brent Crude Oil;D;20070330;000000;68.05;4750
@Brent Crude Oil;D;20070331;000000;68.1;63
@Brent Crude Oil;D;20070402;000000;68.79;4295
@Brent Crude Oil;D;20070403;000000;67.71;4406
@Brent Crude Oil;D;20070404;000000;68.42;2262
@Brent Crude Oil;D;20070405;000000;68;3555
@Brent Crude Oil;D;20070406;000000;68.24;69
@Brent Crude Oil;D;20070409;000000;68.6;1213
@Brent Crude Oil;D;20070410;000000;67.63;3870
@Brent Crude Oil;D;20070411;000000;67.82;3698
@Brent Crude Oil;D;20070412;000000;68.86;3499
@Brent Crude Oil;D;20070413;000000;68.55;4010
@Brent Crude Oil;D;20070414;000000;68.63;76
@Brent Crude Oil;D;20070416;000000;67.35;3540
@Brent Crude Oil;D;20070417;000000;65.95;3689
@Brent Crude Oil;D;20070418;000000;66.2;4082
@Brent Crude Oil;D;20070419;000000;65.73;4127
@Brent Crude Oil;D;20070420;000000;66.54;3952
@Brent Crude Oil;D;20070421;000000;66.49;38
@Brent Crude Oil;D;20070423;000000;67.99;3616
@Brent Crude Oil;D;20070424;000000;67.17;2739
@Brent Crude Oil;D;20070425;000000;68.47;3696
@Brent Crude Oil;D;20070426;000000;67.85;3951
@Brent Crude Oil;D;20070427;000000;68.3;3111
@Brent Crude Oil;D;20070428;000000;68.41;94
@Brent Crude Oil;D;20070430;000000;67.57;3618
@Brent Crude Oil;D;20070501;000000;67.13;3518
@Brent Crude Oil;D;20070502;000000;66.4;4005
@Brent Crude Oil;D;20070503;000000;66.21;3775
@Brent Crude Oil;D;20070504;000000;65.35;3451
@Brent Crude Oil;D;20070505;000000;65.31;49
@Brent Crude Oil;D;20070507;000000;64.63;3728
@Brent Crude Oil;D;20070508;000000;65.5;3851
@Brent Crude Oil;D;20070509;000000;65.26;2711
@Brent Crude Oil;D;20070510;000000;66.36;3510
@Brent Crude Oil;D;20070511;000000;67.25;3717
@Brent Crude Oil;D;20070512;000000;67.3;53
@Brent Crude Oil;D;20070514;000000;67.2;3592
@Brent Crude Oil;D;20070515;000000;68.34;4010
@Brent Crude Oil;D;20070516;000000;67.92;3784
@Brent Crude Oil;D;20070517;000000;70.25;3740
@Brent Crude Oil;D;20070518;000000;69.49;3730
@Brent Crude Oil;D;20070519;000000;69.42;49
@Brent Crude Oil;D;20070521;000000;70.44;3589
@Brent Crude Oil;D;20070522;000000;69.65;3132
@Brent Crude Oil;D;20070523;000000;70.75;3787
@Brent Crude Oil;D;20070524;000000;70.6;1672
@Brent Crude Oil;D;20070525;000000;70.68;3621
@Brent Crude Oil;D;20070526;000000;70.74;37
@Brent Crude Oil;D;20070528;000000;69.7;1458
@Brent Crude Oil;D;20070529;000000;68.44;3917
@Brent Crude Oil;D;20070530;000000;67.9;3780
@Brent Crude Oil;D;20070531;000000;68.2;3496
@Brent Crude Oil;D;20070601;000000;68.96;3824
@Brent Crude Oil;D;20070602;000000;68.8;47
@Brent Crude Oil;D;20070604;000000;70.18;3835
@Brent Crude Oil;D;20070605;000000;70.46;3783
@Brent Crude Oil;D;20070606;000000;70.95;3615
@Brent Crude Oil;D;20070607;000000;71.1;3624
@Brent Crude Oil;D;20070608;000000;68.63;3934
@Brent Crude Oil;D;20070609;000000;68.72;117
@Brent Crude Oil;D;20070611;000000;69.51;3708
@Brent Crude Oil;D;20070612;000000;68.88;3721
@Brent Crude Oil;D;20070613;000000;69.74;3700
@Brent Crude Oil;D;20070614;000000;71.34;3730
@Brent Crude Oil;D;20070615;000000;71.62;3525
@Brent Crude Oil;D;20070616;000000;71.55;44
@Brent Crude Oil;D;20070618;000000;72.04;3783
@Brent Crude Oil;D;20070619;000000;71.7;3677
@Brent Crude Oil;D;20070620;000000;70.42;3729
@Brent Crude Oil;D;20070621;000000;70.35;4067
@Brent Crude Oil;D;20070622;000000;71.22;3745
@Brent Crude Oil;D;20070623;000000;71.12;51
@Brent Crude Oil;D;20070625;000000;71.3;3852
@Brent Crude Oil;D;20070626;000000;70.34;4073
@Brent Crude Oil;D;20070627;000000;70.55;3819
@Brent Crude Oil;D;20070628;000000;70.51;3887
@Brent Crude Oil;D;20070629;000000;71.24;3654
@Brent Crude Oil;D;20070630;000000;71.35;68
@Brent Crude Oil;D;20070702;000000;72.58;3638
@Brent Crude Oil;D;20070703;000000;72.9;3689
@Brent Crude Oil;D;20070704;000000;73.05;1756
@Brent Crude Oil;D;20070705;000000;74.68;3841
@Brent Crude Oil;D;20070706;000000;75.5;3929
@Brent Crude Oil;D;20070707;000000;75.5;37
@Brent Crude Oil;D;20070709;000000;75.76;3864
@Brent Crude Oil;D;20070710;000000;76.58;2349
@Brent Crude Oil;D;20070711;000000;75.71;3384
@Brent Crude Oil;D;20070712;000000;76.51;3918
@Brent Crude Oil;D;20070713;000000;77.06;3424
@Brent Crude Oil;D;20070714;000000;77.05;50
@Brent Crude Oil;D;20070715;000000;77.05;2
@Brent Crude Oil;D;20070716;000000;76.3;3914
@Brent Crude Oil;D;20070717;000000;75.51;4067
@Brent Crude Oil;D;20070718;000000;76.77;3667
@Brent Crude Oil;D;20070719;000000;77.72;3902
@Brent Crude Oil;D;20070720;000000;77.59;3775
@Brent Crude Oil;D;20070721;000000;77.51;56
@Brent Crude Oil;D;20070723;000000;76.93;3825
@Brent Crude Oil;D;20070724;000000;74.98;4210
@Brent Crude Oil;D;20070725;000000;76.4;4075
@Brent Crude Oil;D;20070726;000000;74.88;3713
@Brent Crude Oil;D;20070727;000000;76.24;4189
@Brent Crude Oil;D;20070728;000000;76.36;94
@Brent Crude Oil;D;20070730;000000;75.56;3718
@Brent Crude Oil;D;20070731;000000;76.94;3716
@Brent Crude Oil;D;20070801;000000;75.4;3830
@Brent Crude Oil;D;20070802;000000;76;4080
@Brent Crude Oil;D;20070803;000000;74.5;3829
@Brent Crude Oil;D;20070804;000000;74.45;65
@Brent Crude Oil;D;20070805;000000;74.45;2
@Brent Crude Oil;D;20070806;000000;71.2;4081
@Brent Crude Oil;D;20070807;000000;71.76;4484
@Brent Crude Oil;D;20070808;000000;71.2;3840
@Brent Crude Oil;D;20070809;000000;70.25;4170
@Brent Crude Oil;D;20070810;000000;70.64;3724
@Brent Crude Oil;D;20070811;000000;70.7;76
@Brent Crude Oil;D;20070812;000000;70.7;1
@Brent Crude Oil;D;20070813;000000;70.53;3682
@Brent Crude Oil;D;20070814;000000;70.85;3871
@Brent Crude Oil;D;20070815;000000;71.9;3686
@Brent Crude Oil;D;20070816;000000;69.97;4256
@Brent Crude Oil;D;20070817;000000;70.2;3968
@Brent Crude Oil;D;20070818;000000;70.2;81
@Brent Crude Oil;D;20070820;000000;69.76;3886
@Brent Crude Oil;D;20070821;000000;68.69;3742
@Brent Crude Oil;D;20070822;000000;68.74;3947
@Brent Crude Oil;D;20070823;000000;69.84;3852
@Brent Crude Oil;D;20070824;000000;70.69;3645
@Brent Crude Oil;D;20070825;000000;70.72;90
@Brent Crude Oil;D;20070827;000000;71;3033
@Brent Crude Oil;D;20070828;000000;70.48;3597
@Brent Crude Oil;D;20070829;000000;72.07;3664
@Brent Crude Oil;D;20070830;000000;71.95;3666
@Brent Crude Oil;D;20070831;000000;72.57;3473
@Brent Crude Oil;D;20070901;000000;72.57;27
@Brent Crude Oil;D;20070903;000000;73.41;1900
@Brent Crude Oil;D;20070904;000000;73.92;3474
@Brent Crude Oil;D;20070905;000000;74.42;3551
@Brent Crude Oil;D;20070906;000000;74.86;3492
@Brent Crude Oil;D;20070907;000000;75.05;3502
@Brent Crude Oil;D;20070908;000000;74.97;29
@Brent Crude Oil;D;20070910;000000;75.74;3666
@Brent Crude Oil;D;20070911;000000;75.79;3854
@Brent Crude Oil;D;20070912;000000;77.05;3605
@Brent Crude Oil;D;20070913;000000;77.13;3781
@Brent Crude Oil;D;20070914;000000;76.35;3364
@Brent Crude Oil;D;20070915;000000;76.3;37
@Brent Crude Oil;D;20070917;000000;76.95;3542
@Brent Crude Oil;D;20070918;000000;78.11;4086
@Brent Crude Oil;D;20070919;000000;78.2;3724
@Brent Crude Oil;D;20070920;000000;79.01;3770
@Brent Crude Oil;D;20070921;000000;79.02;3894
@Brent Crude Oil;D;20070922;000000;79.03;51
@Brent Crude Oil;D;20070924;000000;78.67;3634
@Brent Crude Oil;D;20070925;000000;77.59;4001
@Brent Crude Oil;D;20070926;000000;77.64;4170
@Brent Crude Oil;D;20070927;000000;80;4025
@Brent Crude Oil;D;20070928;000000;79.09;3868
@Brent Crude Oil;D;20070929;000000;79.09;81
@Brent Crude Oil;D;20071001;000000;77.52;3795
@Brent Crude Oil;D;20071002;000000;77.44;3916
@Brent Crude Oil;D;20071003;000000;77.11;3753
@Brent Crude Oil;D;20071004;000000;79;3870
@Brent Crude Oil;D;20071005;000000;78.76;3893
@Brent Crude Oil;D;20071006;000000;78.83;64
@Brent Crude Oil;D;20071008;000000;76.48;3617
@Brent Crude Oil;D;20071009;000000;77.45;4214
@Brent Crude Oil;D;20071010;000000;78.33;3799
@Brent Crude Oil;D;20071011;000000;79.75;4016
@Brent Crude Oil;D;20071012;000000;80.24;3167
@Brent Crude Oil;D;20071013;000000;80.24;80
@Brent Crude Oil;D;20071015;000000;82.38;3936
@Brent Crude Oil;D;20071016;000000;83.5;4249
@Brent Crude Oil;D;20071017;000000;83;4039
@Brent Crude Oil;D;20071018;000000;84.6;4236
@Brent Crude Oil;D;20071019;000000;83.52;4048
@Brent Crude Oil;D;20071020;000000;83.5;18
@Brent Crude Oil;D;20071022;000000;83.17;4239
@Brent Crude Oil;D;20071023;000000;82.88;4204
@Brent Crude Oil;D;20071024;000000;84.95;4217
@Brent Crude Oil;D;20071025;000000;87.3;4622
@Brent Crude Oil;D;20071026;000000;88.77;4484
@Brent Crude Oil;D;20071027;000000;88.76;130
@Brent Crude Oil;D;20071029;000000;90.36;4805
@Brent Crude Oil;D;20071030;000000;86.82;4566
@Brent Crude Oil;D;20071031;000000;91.14;4215
@Brent Crude Oil;D;20071101;000000;89.82;4033
@Brent Crude Oil;D;20071102;000000;92;4019
@Brent Crude Oil;D;20071103;000000;91.85;28
@Brent Crude Oil;D;20071105;000000;90.65;4525
@Brent Crude Oil;D;20071106;000000;93.18;4225
@Brent Crude Oil;D;20071107;000000;94.27;3727
@Brent Crude Oil;D;20071108;000000;94.53;2681
@Brent Crude Oil;D;20071109;000000;93.17;4095
@Brent Crude Oil;D;20071110;000000;92.76;109
@Brent Crude Oil;D;20071112;000000;90.81;4543
@Brent Crude Oil;D;20071113;000000;88.52;4844
@Brent Crude Oil;D;20071114;000000;90.7;4592
@Brent Crude Oil;D;20071115;000000;90.2;4571
@Brent Crude Oil;D;20071116;000000;91.44;4634
@Brent Crude Oil;D;20071117;000000;91.51;159
@Brent Crude Oil;D;20071119;000000;91.63;3401
@Brent Crude Oil;D;20071120;000000;93.85;3019
@Brent Crude Oil;D;20071121;000000;94.86;3904
@Brent Crude Oil;D;20071122;000000;94.5;2171
@Brent Crude Oil;D;20071123;000000;95.67;3780
@Brent Crude Oil;D;20071124;000000;95.67;9
@Brent Crude Oil;D;20071126;000000;94.89;4544
@Brent Crude Oil;D;20071127;000000;93.37;3712
@Brent Crude Oil;D;20071128;000000;91.94;2590
@Brent Crude Oil;D;20071129;000000;90.3;4321
@Brent Crude Oil;D;20071130;000000;88.05;4307
@Brent Crude Oil;D;20071201;000000;88.1;153
@Brent Crude Oil;D;20071203;000000;90.22;4832
@Brent Crude Oil;D;20071204;000000;89.58;4723
@Brent Crude Oil;D;20071205;000000;88.28;4829
@Brent Crude Oil;D;20071206;000000;90.41;4786
@Brent Crude Oil;D;20071207;000000;88.61;4440
@Brent Crude Oil;D;20071208;000000;88.61;80
@Brent Crude Oil;D;20071210;000000;88.15;4385
@Brent Crude Oil;D;20071211;000000;88.95;4234
@Brent Crude Oil;D;20071212;000000;93.13;3806
@Brent Crude Oil;D;20071213;000000;91.9;3985
@Brent Crude Oil;D;20071214;000000;91.7;4389
@Brent Crude Oil;D;20071215;000000;91.65;45
@Brent Crude Oil;D;20071217;000000;91.29;4018
@Brent Crude Oil;D;20071218;000000;90.37;4449
@Brent Crude Oil;D;20071219;000000;91.21;12501
@Brent Crude Oil;D;20071220;000000;91.06;4151
@Brent Crude Oil;D;20071221;000000;92.21;3942
@Brent Crude Oil;D;20071222;000000;92.45;93
@Brent Crude Oil;D;20071224;000000;92.7;8840
@Brent Crude Oil;D;20071225;000000;92.77;1
@Brent Crude Oil;D;20071226;000000;94.05;9838
@Brent Crude Oil;D;20071227;000000;94.95;12060
@Brent Crude Oil;D;20071228;000000;94;10997
@Brent Crude Oil;D;20071229;000000;94.15;342
@Brent Crude Oil;D;20071231;000000;93.85;8044
@Brent Crude Oil;D;20080101;000000;94.02;1
@Brent Crude Oil;D;20080102;000000;97.65;11317
@Brent Crude Oil;D;20080103;000000;97.65;12037
@Brent Crude Oil;D;20080104;000000;96.84;11932
@Brent Crude Oil;D;20080105;000000;96.75;268
@Brent Crude Oil;D;20080107;000000;94.66;13632
@Brent Crude Oil;D;20080108;000000;95.4;12811
@Brent Crude Oil;D;20080109;000000;94.26;12235
@Brent Crude Oil;D;20080110;000000;92.36;13540
@Brent Crude Oil;D;20080111;000000;90.77;12019
@Brent Crude Oil;D;20080112;000000;90.98;151
@Brent Crude Oil;D;20080114;000000;92.65;12300
@Brent Crude Oil;D;20080115;000000;90.88;11637
@Brent Crude Oil;D;20080116;000000;89.37;4813
@Brent Crude Oil;D;20080117;000000;88.65;11993
@Brent Crude Oil;D;20080118;000000;89.26;14241
@Brent Crude Oil;D;20080119;000000;89.23;1
@Brent Crude Oil;D;20080121;000000;87.47;15471
@Brent Crude Oil;D;20080122;000000;88.29;16401
@Brent Crude Oil;D;20080123;000000;87.36;14190
@Brent Crude Oil;D;20080124;000000;89.22;16027
@Brent Crude Oil;D;20080125;000000;90.87;14844
@Brent Crude Oil;D;20080126;000000;91;168
@Brent Crude Oil;D;20080128;000000;91.63;14857
@Brent Crude Oil;D;20080129;000000;92.1;14364
@Brent Crude Oil;D;20080130;000000;92.25;13138
@Brent Crude Oil;D;20080131;000000;91.98;17003
@Brent Crude Oil;D;20080201;000000;89.42;14660
@Brent Crude Oil;D;20080202;000000;89.57;255
@Brent Crude Oil;D;20080204;000000;90.4;13881
@Brent Crude Oil;D;20080205;000000;88.65;15109
@Brent Crude Oil;D;20080206;000000;87.7;17237
@Brent Crude Oil;D;20080207;000000;88.76;15877
@Brent Crude Oil;D;20080208;000000;92.01;17030
@Brent Crude Oil;D;20080209;000000;91.91;227
@Brent Crude Oil;D;20080210;000000;91.63;1
@Brent Crude Oil;D;20080211;000000;93.2;16635
@Brent Crude Oil;D;20080212;000000;92.26;18983
@Brent Crude Oil;D;20080213;000000;92.98;20829
@Brent Crude Oil;D;20080214;000000;95;33332
@Brent Crude Oil;D;20080215;000000;94.72;26267
@Brent Crude Oil;D;20080216;000000;94.8;186
@Brent Crude Oil;D;20080217;000000;94.8;1
@Brent Crude Oil;D;20080218;000000;94.76;23207
@Brent Crude Oil;D;20080219;000000;97.96;33075
@Brent Crude Oil;D;20080220;000000;98.46;28096
@Brent Crude Oil;D;20080221;000000;95.59;25518
@Brent Crude Oil;D;20080222;000000;97.37;27314
@Brent Crude Oil;D;20080223;000000;97.1;1045
@Brent Crude Oil;D;20080224;000000;97.1;1
@Brent Crude Oil;D;20080225;000000;97.67;24253
@Brent Crude Oil;D;20080226;000000;99.62;28541
@Brent Crude Oil;D;20080227;000000;98.22;29159
@Brent Crude Oil;D;20080228;000000;100.81;28303
@Brent Crude Oil;D;20080229;000000;99.96;26299
@Brent Crude Oil;D;20080301;000000;100.1;331
@Brent Crude Oil;D;20080302;000000;100.1;1
@Brent Crude Oil;D;20080303;000000;100.42;26822
@Brent Crude Oil;D;20080304;000000;98.04;25573
@Brent Crude Oil;D;20080305;000000;101.62;26587
@Brent Crude Oil;D;20080306;000000;102.72;24527
@Brent Crude Oil;D;20080307;000000;102.85;23177
@Brent Crude Oil;D;20080308;000000;102.65;2376
@Brent Crude Oil;D;20080309;000000;102.65;1
@Brent Crude Oil;D;20080310;000000;103.5;19956
@Brent Crude Oil;D;20080311;000000;104.3;25183
@Brent Crude Oil;D;20080312;000000;105.38;22306
@Brent Crude Oil;D;20080313;000000;106.27;25335
@Brent Crude Oil;D;20080314;000000;106.1;22954
@Brent Crude Oil;D;20080315;000000;106.2;34
@Brent Crude Oil;D;20080316;000000;106.2;1
@Brent Crude Oil;D;20080317;000000;102.2;24168
@Brent Crude Oil;D;20080318;000000;105.12;26343
@Brent Crude Oil;D;20080319;000000;100.28;26245
@Brent Crude Oil;D;20080320;000000;99.98;24929
@Brent Crude Oil;D;20080321;000000;99.98;8
@Brent Crude Oil;D;20080322;000000;99.98;1
@Brent Crude Oil;D;20080323;000000;99.98;2
@Brent Crude Oil;D;20080324;000000;99.52;21918
@Brent Crude Oil;D;20080325;000000;100.73;28272
@Brent Crude Oil;D;20080326;000000;103.95;26314
@Brent Crude Oil;D;20080327;000000;104.5;24023
@Brent Crude Oil;D;20080328;000000;103.4;27163
@Brent Crude Oil;D;20080329;000000;103.36;125
@Brent Crude Oil;D;20080330;000000;103.36;3
@Brent Crude Oil;D;20080331;000000;100.57;23719
@Brent Crude Oil;D;20080401;000000;100.2;24365
@Brent Crude Oil;D;20080402;000000;103.69;26433
@Brent Crude Oil;D;20080403;000000;102.9;24206
@Brent Crude Oil;D;20080404;000000;104.77;21672
@Brent Crude Oil;D;20080405;000000;104.85;179
@Brent Crude Oil;D;20080406;000000;104.85;1
@Brent Crude Oil;D;20080407;000000;107.04;24561
@Brent Crude Oil;D;20080408;000000;106.68;24450
@Brent Crude Oil;D;20080409;000000;108.5;21146
@Brent Crude Oil;D;20080410;000000;108.15;21459
@Brent Crude Oil;D;20080411;000000;108.64;21797
@Brent Crude Oil;D;20080412;000000;108.66;156
@Brent Crude Oil;D;20080413;000000;108.66;1
@Brent Crude Oil;D;20080414;000000;109.64;25732
@Brent Crude Oil;D;20080415;000000;111.77;26543
@Brent Crude Oil;D;20080416;000000;112.68;28602
@Brent Crude Oil;D;20080417;000000;112.56;23110
@Brent Crude Oil;D;20080418;000000;114.01;22228
@Brent Crude Oil;D;20080419;000000;114.18;301
@Brent Crude Oil;D;20080420;000000;114.18;1
@Brent Crude Oil;D;20080421;000000;114.59;22810
@Brent Crude Oil;D;20080422;000000;115.67;25754
@Brent Crude Oil;D;20080423;000000;116.41;24310
@Brent Crude Oil;D;20080424;000000;114.24;26595
@Brent Crude Oil;D;20080425;000000;116.41;26919
@Brent Crude Oil;D;20080426;000000;116.65;437
@Brent Crude Oil;D;20080427;000000;116.65;1
@Brent Crude Oil;D;20080428;000000;116.72;23971
@Brent Crude Oil;D;20080429;000000;113.07;27546
@Brent Crude Oil;D;20080430;000000;112.71;23601
@Brent Crude Oil;D;20080501;000000;110.29;24086
@Brent Crude Oil;D;20080502;000000;114.7;23827
@Brent Crude Oil;D;20080503;000000;114.45;593
@Brent Crude Oil;D;20080504;000000;114.45;23
@Brent Crude Oil;D;20080505;000000;118.22;19547
@Brent Crude Oil;D;20080506;000000;120.33;22808
@Brent Crude Oil;D;20080507;000000;122.6;22594
@Brent Crude Oil;D;20080508;000000;123.82;24807
@Brent Crude Oil;D;20080509;000000;125.46;24198
@Brent Crude Oil;D;20080510;000000;125.78;491
@Brent Crude Oil;D;20080511;000000;125.78;2
@Brent Crude Oil;D;20080512;000000;123.17;24311
@Brent Crude Oil;D;20080513;000000;124.72;25077
@Brent Crude Oil;D;20080514;000000;122.68;21047
@Brent Crude Oil;D;20080515;000000;122.98;17888
@Brent Crude Oil;D;20080516;000000;125.45;23894
@Brent Crude Oil;D;20080517;000000;125.05;1107
@Brent Crude Oil;D;20080518;000000;125.05;1
@Brent Crude Oil;D;20080519;000000;125.34;18936
@Brent Crude Oil;D;20080520;000000;127.88;21519
@Brent Crude Oil;D;20080521;000000;133.09;20950
@Brent Crude Oil;D;20080522;000000;130.41;25870
@Brent Crude Oil;D;20080523;000000;130.93;23254
@Brent Crude Oil;D;20080524;000000;130.75;1039
@Brent Crude Oil;D;20080525;000000;130.75;11
@Brent Crude Oil;D;20080526;000000;132.87;9494
@Brent Crude Oil;D;20080527;000000;128.31;23467
@Brent Crude Oil;D;20080528;000000;130.74;22456
@Brent Crude Oil;D;20080529;000000;127.07;20861
@Brent Crude Oil;D;20080530;000000;127.96;24226
@Brent Crude Oil;D;20080531;000000;128.27;292
@Brent Crude Oil;D;20080601;000000;128.27;1
@Brent Crude Oil;D;20080602;000000;127.9;19426
@Brent Crude Oil;D;20080603;000000;124.7;21016
@Brent Crude Oil;D;20080604;000000;121.83;23767
@Brent Crude Oil;D;20080605;000000;127.65;22890
@Brent Crude Oil;D;20080606;000000;137.54;20992
@Brent Crude Oil;D;20080607;000000;137.41;915
@Brent Crude Oil;D;20080609;000000;134.1;19593
@Brent Crude Oil;D;20080610;000000;132.1;19676
@Brent Crude Oil;D;20080611;000000;136.77;22060
@Brent Crude Oil;D;20080612;000000;137.06;22283
@Brent Crude Oil;D;20080613;000000;135.08;21396
@Brent Crude Oil;D;20080614;000000;134.64;265
@Brent Crude Oil;D;20080615;000000;134.64;6
@Brent Crude Oil;D;20080616;000000;133.91;22317
@Brent Crude Oil;D;20080617;000000;133.43;21906
@Brent Crude Oil;D;20080618;000000;136.1;20529
@Brent Crude Oil;D;20080619;000000;131.92;22610
@Brent Crude Oil;D;20080620;000000;134.4;21366
@Brent Crude Oil;D;20080621;000000;134.4;212
@Brent Crude Oil;D;20080623;000000;136.2;22346
@Brent Crude Oil;D;20080624;000000;136.49;22374
@Brent Crude Oil;D;20080625;000000;134.22;21554
@Brent Crude Oil;D;20080626;000000;139.91;21764
@Brent Crude Oil;D;20080627;000000;140.56;26417
@Brent Crude Oil;D;20080628;000000;140.37;298
@Brent Crude Oil;D;20080629;000000;140.37;2
@Brent Crude Oil;D;20080630;000000;140.47;18744
@Brent Crude Oil;D;20080701;000000;141.26;19220
@Brent Crude Oil;D;20080702;000000;144.65;17922
@Brent Crude Oil;D;20080703;000000;146.09;17426
@Brent Crude Oil;D;20080704;000000;144.48;11126
@Brent Crude Oil;D;20080705;000000;144.48;2
@Brent Crude Oil;D;20080706;000000;144.48;1
@Brent Crude Oil;D;20080707;000000;142.18;18407
@Brent Crude Oil;D;20080708;000000;136.18;19448
@Brent Crude Oil;D;20080709;000000;136.12;20212
@Brent Crude Oil;D;20080710;000000;142.14;13948
@Brent Crude Oil;D;20080711;000000;145.57;17011
@Brent Crude Oil;D;20080712;000000;144.98;262
@Brent Crude Oil;D;20080713;000000;144.98;4
@Brent Crude Oil;D;20080714;000000;145.19;17487
@Brent Crude Oil;D;20080715;000000;139.63;19368
@Brent Crude Oil;D;20080716;000000;135.61;19590
@Brent Crude Oil;D;20080717;000000;131.75;19641
@Brent Crude Oil;D;20080718;000000;130.13;22930
@Brent Crude Oil;D;20080719;000000;130;338
@Brent Crude Oil;D;20080720;000000;130;1
@Brent Crude Oil;D;20080721;000000;133.32;18132
@Brent Crude Oil;D;20080722;000000;129.42;19155
@Brent Crude Oil;D;20080723;000000;125.18;20653
@Brent Crude Oil;D;20080724;000000;126.4;22467
@Brent Crude Oil;D;20080725;000000;124.43;20744
@Brent Crude Oil;D;20080726;000000;124.34;250
@Brent Crude Oil;D;20080727;000000;124.34;3
@Brent Crude Oil;D;20080728;000000;125.78;19890
@Brent Crude Oil;D;20080729;000000;122.36;23530
@Brent Crude Oil;D;20080730;000000;127.04;20128
@Brent Crude Oil;D;20080731;000000;123.96;20680
@Brent Crude Oil;D;20080801;000000;124.29;19697
@Brent Crude Oil;D;20080802;000000;124.26;149
@Brent Crude Oil;D;20080803;000000;124.26;1
@Brent Crude Oil;D;20080804;000000;120.65;19414
@Brent Crude Oil;D;20080805;000000;117.17;18187
@Brent Crude Oil;D;20080806;000000;116.83;20707
@Brent Crude Oil;D;20080807;000000;117.86;19538
@Brent Crude Oil;D;20080808;000000;113.02;18745
@Brent Crude Oil;D;20080809;000000;113.2;187
@Brent Crude Oil;D;20080810;000000;114.22;1
@Brent Crude Oil;D;20080811;000000;114.24;19844
@Brent Crude Oil;D;20080812;000000;112.59;18327
@Brent Crude Oil;D;20080813;000000;115.33;19005
@Brent Crude Oil;D;20080814;000000;113.85;21851
@Brent Crude Oil;D;20080815;000000;112.45;17894
@Brent Crude Oil;D;20080816;000000;112.69;375
@Brent Crude Oil;D;20080817;000000;112.69;5
@Brent Crude Oil;D;20080818;000000;111.9;19754
@Brent Crude Oil;D;20080819;000000;113.92;18130
@Brent Crude Oil;D;20080820;000000;114.77;17847
@Brent Crude Oil;D;20080821;000000;120.66;21697
@Brent Crude Oil;D;20080822;000000;113.95;18572
@Brent Crude Oil;D;20080823;000000;113.9;283
@Brent Crude Oil;D;20080824;000000;113.9;1
@Brent Crude Oil;D;20080825;000000;114.33;16694
@Brent Crude Oil;D;20080826;000000;114.49;21788
@Brent Crude Oil;D;20080827;000000;116.39;19155
@Brent Crude Oil;D;20080828;000000;114.01;19245
@Brent Crude Oil;D;20080829;000000;114.1;19489
@Brent Crude Oil;D;20080830;000000;115.17;1854
@Brent Crude Oil;D;20080831;000000;115.17;1
@Brent Crude Oil;D;20080901;000000;109.67;19139
@Brent Crude Oil;D;20080902;000000;109;22195
@Brent Crude Oil;D;20080903;000000;108.25;20409
@Brent Crude Oil;D;20080904;000000;106.1;19264
@Brent Crude Oil;D;20080905;000000;104.4;18331
@Brent Crude Oil;D;20080906;000000;104.58;1169
@Brent Crude Oil;D;20080907;000000;104.58;2
@Brent Crude Oil;D;20080908;000000;103.4;18257
@Brent Crude Oil;D;20080909;000000;99.3;21472
@Brent Crude Oil;D;20080910;000000;101.38;20131
@Brent Crude Oil;D;20080911;000000;99.38;19836
@Brent Crude Oil;D;20080912;000000;98.7;18247
@Brent Crude Oil;D;20080913;000000;98.88;486
@Brent Crude Oil;D;20080914;000000;98.88;1
@Brent Crude Oil;D;20080915;000000;92.75;20567
@Brent Crude Oil;D;20080916;000000;91.28;22019
@Brent Crude Oil;D;20080917;000000;94.46;23873
@Brent Crude Oil;D;20080918;000000;95.54;20344
@Brent Crude Oil;D;20080919;000000;100;20343
@Brent Crude Oil;D;20080920;000000;99.75;399
@Brent Crude Oil;D;20080921;000000;99.75;1
@Brent Crude Oil;D;20080922;000000;105.47;22157
@Brent Crude Oil;D;20080923;000000;103.4;20677
@Brent Crude Oil;D;20080924;000000;102.17;21567
@Brent Crude Oil;D;20080925;000000;104.48;19874
@Brent Crude Oil;D;20080926;000000;103.85;21998
@Brent Crude Oil;D;20080927;000000;103.53;301
@Brent Crude Oil;D;20080928;000000;103.53;1
@Brent Crude Oil;D;20080929;000000;93.13;20914
@Brent Crude Oil;D;20080930;000000;99;19282
@Brent Crude Oil;D;20081001;000000;95.6;21501
@Brent Crude Oil;D;20081002;000000;90.47;19694
@Brent Crude Oil;D;20081003;000000;89.48;18626
@Brent Crude Oil;D;20081004;000000;89.26;523
@Brent Crude Oil;D;20081005;000000;89.26;1
@Brent Crude Oil;D;20081006;000000;84.94;19083
@Brent Crude Oil;D;20081007;000000;84.45;19263
@Brent Crude Oil;D;20081008;000000;84.04;18244
@Brent Crude Oil;D;20081009;000000;81.14;18336
@Brent Crude Oil;D;20081010;000000;78.22;20719
@Brent Crude Oil;D;20081011;000000;78.54;444
@Brent Crude Oil;D;20081012;000000;78.54;1
@Brent Crude Oil;D;20081013;000000;79.72;19423
@Brent Crude Oil;D;20081014;000000;77.12;22186
@Brent Crude Oil;D;20081015;000000;72.2;18566
@Brent Crude Oil;D;20081016;000000;70.07;19729
@Brent Crude Oil;D;20081017;000000;69.7;18310
@Brent Crude Oil;D;20081018;000000;69.75;348
@Brent Crude Oil;D;20081019;000000;69.75;1
@Brent Crude Oil;D;20081020;000000;72.46;19027
@Brent Crude Oil;D;20081021;000000;69.4;36399
@Brent Crude Oil;D;20081022;000000;64.71;43581
@Brent Crude Oil;D;20081023;000000;67.26;40666
@Brent Crude Oil;D;20081024;000000;62.6;38849
@Brent Crude Oil;D;20081025;000000;62.7;675
@Brent Crude Oil;D;20081026;000000;62.7;6
@Brent Crude Oil;D;20081027;000000;60.28;41467
@Brent Crude Oil;D;20081028;000000;62.35;43846
@Brent Crude Oil;D;20081029;000000;66.13;47816
@Brent Crude Oil;D;20081030;000000;63.41;43363
@Brent Crude Oil;D;20081031;000000;65.6;41938
@Brent Crude Oil;D;20081101;000000;65.6;141
@Brent Crude Oil;D;20081102;000000;65.6;1
@Brent Crude Oil;D;20081103;000000;60.9;44400
@Brent Crude Oil;D;20081104;000000;66.05;43773
@Brent Crude Oil;D;20081105;000000;61.93;44193
@Brent Crude Oil;D;20081106;000000;57.77;36669
@Brent Crude Oil;D;20081107;000000;57.3;42945
@Brent Crude Oil;D;20081108;000000;57.5;298
@Brent Crude Oil;D;20081109;000000;57.5;1
@Brent Crude Oil;D;20081110;000000;60.9;50875
@Brent Crude Oil;D;20081111;000000;57.38;42270
@Brent Crude Oil;D;20081112;000000;54.05;39575
@Brent Crude Oil;D;20081113;000000;57.5;35047
@Brent Crude Oil;D;20081114;000000;53.95;42613
@Brent Crude Oil;D;20081115;000000;53.85;1032
@Brent Crude Oil;D;20081116;000000;53.85;3
@Brent Crude Oil;D;20081117;000000;52.34;41505
@Brent Crude Oil;D;20081118;000000;51.92;41942
@Brent Crude Oil;D;20081119;000000;51.2;39570
@Brent Crude Oil;D;20081120;000000;47.76;41658
@Brent Crude Oil;D;20081121;000000;49.76;42936
@Brent Crude Oil;D;20081122;000000;49.25;691
@Brent Crude Oil;D;20081123;000000;49.25;16
@Brent Crude Oil;D;20081124;000000;54.11;36396
@Brent Crude Oil;D;20081125;000000;50.5;44868
@Brent Crude Oil;D;20081126;000000;54.4;40282
@Brent Crude Oil;D;20081127;000000;53.13;26399
@Brent Crude Oil;D;20081128;000000;54.5;38087
@Brent Crude Oil;D;20081129;000000;54.5;3
@Brent Crude Oil;D;20081130;000000;54.5;2
@Brent Crude Oil;D;20081201;000000;47.87;43581
@Brent Crude Oil;D;20081202;000000;45.9;43017
@Brent Crude Oil;D;20081203;000000;45.47;41989
@Brent Crude Oil;D;20081204;000000;42.35;44578
@Brent Crude Oil;D;20081205;000000;40.92;50290
@Brent Crude Oil;D;20081206;000000;39.74;2487
@Brent Crude Oil;D;20081207;000000;39.74;20
@Brent Crude Oil;D;20081208;000000;44.05;41924
@Brent Crude Oil;D;20081209;000000;41.68;41657
@Brent Crude Oil;D;20081210;000000;45.54;38443
@Brent Crude Oil;D;20081211;000000;49.7;45591
@Brent Crude Oil;D;20081212;000000;49.3;45492
@Brent Crude Oil;D;20081213;000000;49.45;199
@Brent Crude Oil;D;20081214;000000;49.45;6
@Brent Crude Oil;D;20081215;000000;47.43;46469
@Brent Crude Oil;D;20081216;000000;46.72;48700
@Brent Crude Oil;D;20081217;000000;45.7;35507
@Brent Crude Oil;D;20081218;000000;44.1;43252
@Brent Crude Oil;D;20081219;000000;44.55;40000
@Brent Crude Oil;D;20081220;000000;44.42;557
@Brent Crude Oil;D;20081221;000000;44.42;3
@Brent Crude Oil;D;20081222;000000;41.28;41845
@Brent Crude Oil;D;20081223;000000;40.27;40504
@Brent Crude Oil;D;20081224;000000;36.49;31508
@Brent Crude Oil;D;20081225;000000;36.49;5
@Brent Crude Oil;D;20081226;000000;38.66;18170
@Brent Crude Oil;D;20081227;000000;38.44;1101
@Brent Crude Oil;D;20081228;000000;38.44;90
@Brent Crude Oil;D;20081229;000000;40.69;44293
@Brent Crude Oil;D;20081230;000000;40.36;36991
@Brent Crude Oil;D;20081231;000000;44.25;37115
@Brent Crude Oil;D;20090101;000000;44.25;15
@Brent Crude Oil;D;20090102;000000;46.9;42056
@Brent Crude Oil;D;20090103;000000;47.04;324
@Brent Crude Oil;D;20090108;000000;45.58;72739
@Brent Crude Oil;D;20090109;000000;44.56;40871
@Brent Crude Oil;D;20090110;000000;47;907
@Brent Crude Oil;D;20090111;000000;47;12
@Brent Crude Oil;D;20090112;000000;45.81;34763
@Brent Crude Oil;D;20090113;000000;47.75;45898
@Brent Crude Oil;D;20090114;000000;47.76;46281
@Brent Crude Oil;D;20090115;000000;47.11;51439
@Brent Crude Oil;D;20090116;000000;46.31;49058
@Brent Crude Oil;D;20090117;000000;46.18;737
@Brent Crude Oil;D;20090118;000000;46.18;1
@Brent Crude Oil;D;20090119;000000;44.84;34554
@Brent Crude Oil;D;20090120;000000;43.77;46691
@Brent Crude Oil;D;20090121;000000;45.21;43285
@Brent Crude Oil;D;20090122;000000;44.45;50679
@Brent Crude Oil;D;20090123;000000;47.49;46518
@Brent Crude Oil;D;20090124;000000;47.46;989
@Brent Crude Oil;D;20090125;000000;47.46;1
@Brent Crude Oil;D;20090126;000000;46.82;43395
@Brent Crude Oil;D;20090127;000000;44.29;45346
@Brent Crude Oil;D;20090128;000000;44.94;44540
@Brent Crude Oil;D;20090129;000000;45.4;43649
@Brent Crude Oil;D;20090130;000000;45.79;57696
@Brent Crude Oil;D;20090131;000000;45.93;534
@Brent Crude Oil;D;20090201;000000;45.93;1
@Brent Crude Oil;D;20090202;000000;44.38;45361
@Brent Crude Oil;D;20090203;000000;44.27;40967
@Brent Crude Oil;D;20090204;000000;44.11;40341
@Brent Crude Oil;D;20090205;000000;46.31;44124
@Brent Crude Oil;D;20090206;000000;46.34;40469
@Brent Crude Oil;D;20090207;000000;46.4;495
@Brent Crude Oil;D;20090208;000000;46.4;5
@Brent Crude Oil;D;20090209;000000;46.49;42225
@Brent Crude Oil;D;20090210;000000;46.14;48326
@Brent Crude Oil;D;20090211;000000;45.54;45602
@Brent Crude Oil;D;20090212;000000;46.48;45186
@Brent Crude Oil;D;20090213;000000;44.7;42200
@Brent Crude Oil;D;20090214;000000;45;75
@Brent Crude Oil;D;20090215;000000;45;1
@Brent Crude Oil;D;20090216;000000;43.87;27912
@Brent Crude Oil;D;20090217;000000;40.59;39494
@Brent Crude Oil;D;20090218;000000;39.59;39651
@Brent Crude Oil;D;20090219;000000;41.86;42517
@Brent Crude Oil;D;20090220;000000;41.82;42846
@Brent Crude Oil;D;20090221;000000;41.83;186
@Brent Crude Oil;D;20090222;000000;41.83;1
@Brent Crude Oil;D;20090223;000000;40.59;49332
@Brent Crude Oil;D;20090224;000000;42.35;44925
@Brent Crude Oil;D;20090225;000000;44.07;46235
@Brent Crude Oil;D;20090226;000000;46.09;37971
@Brent Crude Oil;D;20090227;000000;45.93;44803
@Brent Crude Oil;D;20090228;000000;45.84;1610
@Brent Crude Oil;D;20090301;000000;45.84;1
@Brent Crude Oil;D;20090302;000000;41.91;45186
@Brent Crude Oil;D;20090303;000000;43.66;45643
@Brent Crude Oil;D;20090304;000000;45.83;46203
@Brent Crude Oil;D;20090305;000000;43.76;45390
@Brent Crude Oil;D;20090306;000000;44.86;40670
@Brent Crude Oil;D;20090307;000000;44.59;825
@Brent Crude Oil;D;20090308;000000;44.59;2
@Brent Crude Oil;D;20090309;000000;44.27;43529
@Brent Crude Oil;D;20090310;000000;45.18;39727
@Brent Crude Oil;D;20090311;000000;43;37796
@Brent Crude Oil;D;20090312;000000;46;39431
@Brent Crude Oil;D;20090313;000000;45.65;43873
@Brent Crude Oil;D;20090314;000000;45.65;119
@Brent Crude Oil;D;20090315;000000;45.65;1
@Brent Crude Oil;D;20090316;000000;46.21;45631
@Brent Crude Oil;D;20090317;000000;48;44820
@Brent Crude Oil;D;20090318;000000;48.79;44304
@Brent Crude Oil;D;20090319;000000;50.11;46065
@Brent Crude Oil;D;20090320;000000;51.4;41924
@Brent Crude Oil;D;20090321;000000;51.4;67
@Brent Crude Oil;D;20090322;000000;51.4;1
@Brent Crude Oil;D;20090323;000000;53.5;44526
@Brent Crude Oil;D;20090324;000000;52.82;46170
@Brent Crude Oil;D;20090325;000000;51.78;83330
@Brent Crude Oil;D;20090326;000000;53.1;42367
@Brent Crude Oil;D;20090327;000000;51.6;38578
@Brent Crude Oil;D;20090328;000000;51.6;575
@Brent Crude Oil;D;20090329;000000;51.6;3
@Brent Crude Oil;D;20090330;000000;48.1;43287
@Brent Crude Oil;D;20090331;000000;48.78;48882
@Brent Crude Oil;D;20090401;000000;48.56;46893
@Brent Crude Oil;D;20090402;000000;52.42;51151
@Brent Crude Oil;D;20090403;000000;53.35;45070
@Brent Crude Oil;D;20090404;000000;53.55;2020
@Brent Crude Oil;D;20090405;000000;53.55;2
@Brent Crude Oil;D;20090406;000000;52.17;48219
@Brent Crude Oil;D;20090407;000000;51.2;49056
@Brent Crude Oil;D;20090408;000000;52.05;48349
@Brent Crude Oil;D;20090409;000000;54.05;36901
@Brent Crude Oil;D;20090410;000000;55.02;805
@Brent Crude Oil;D;20090411;000000;55.02;2
@Brent Crude Oil;D;20090412;000000;55.02;2
@Brent Crude Oil;D;20090413;000000;53;35094
@Brent Crude Oil;D;20090414;000000;52.66;48889
@Brent Crude Oil;D;20090415;000000;53.14;49272
@Brent Crude Oil;D;20090416;000000;53.04;50405
@Brent Crude Oil;D;20090417;000000;53.41;45335
@Brent Crude Oil;D;20090418;000000;53.3;959
@Brent Crude Oil;D;20090419;000000;53.3;14
@Brent Crude Oil;D;20090420;000000;49.88;48211
@Brent Crude Oil;D;20090421;000000;49.95;48643
@Brent Crude Oil;D;20090422;000000;49.74;47756
@Brent Crude Oil;D;20090423;000000;50.12;48167
@Brent Crude Oil;D;20090424;000000;51.58;48748
@Brent Crude Oil;D;20090425;000000;51.59;467
@Brent Crude Oil;D;20090426;000000;51.59;1
@Brent Crude Oil;D;20090427;000000;50.34;53277
@Brent Crude Oil;D;20090428;000000;49.6;49977
@Brent Crude Oil;D;20090429;000000;50.72;54659
@Brent Crude Oil;D;20090430;000000;50.64;54218
@Brent Crude Oil;D;20090501;000000;52.5;40776
@Brent Crude Oil;D;20090502;000000;52.65;859
@Brent Crude Oil;D;20090503;000000;52.65;1
@Brent Crude Oil;D;20090504;000000;54.69;38745
@Brent Crude Oil;D;20090505;000000;54.13;42063
@Brent Crude Oil;D;20090506;000000;56.2;47928
@Brent Crude Oil;D;20090507;000000;56.13;50914
@Brent Crude Oil;D;20090508;000000;57.98;50647
@Brent Crude Oil;D;20090509;000000;58.5;584
@Brent Crude Oil;D;20090510;000000;59.19;2
@Brent Crude Oil;D;20090511;000000;58.07;49061
@Brent Crude Oil;D;20090512;000000;58.78;41958
@Brent Crude Oil;D;20090513;000000;58.09;47920
@Brent Crude Oil;D;20090514;000000;58.33;44830
@Brent Crude Oil;D;20090515;000000;56.25;47053
@Brent Crude Oil;D;20090516;000000;56.1;510
@Brent Crude Oil;D;20090517;000000;56.1;39
@Brent Crude Oil;D;20090518;000000;58.7;48841
@Brent Crude Oil;D;20090519;000000;58.74;50240
@Brent Crude Oil;D;20090520;000000;60.47;48957
@Brent Crude Oil;D;20090521;000000;59.91;47575
@Brent Crude Oil;D;20090522;000000;60.61;41424
@Brent Crude Oil;D;20090523;000000;60.63;531
@Brent Crude Oil;D;20090524;000000;60.63;33
@Brent Crude Oil;D;20090525;000000;60.03;13937
@Brent Crude Oil;D;20090526;000000;61.07;48676
@Brent Crude Oil;D;20090527;000000;62.17;50519
@Brent Crude Oil;D;20090528;000000;63.88;47122
@Brent Crude Oil;D;20090529;000000;65.64;45555
@Brent Crude Oil;D;20090530;000000;65.8;3040
@Brent Crude Oil;D;20090531;000000;65.8;24
@Brent Crude Oil;D;20090601;000000;67.78;50757
@Brent Crude Oil;D;20090602;000000;68.36;48166
@Brent Crude Oil;D;20090603;000000;65.99;47128
@Brent Crude Oil;D;20090604;000000;68.68;48811
@Brent Crude Oil;D;20090605;000000;68.28;45116
@Brent Crude Oil;D;20090606;000000;68.5;724
@Brent Crude Oil;D;20090607;000000;68.5;2
@Brent Crude Oil;D;20090608;000000;68.36;45699
@Brent Crude Oil;D;20090609;000000;69.5;44359
@Brent Crude Oil;D;20090610;000000;71.35;47775
@Brent Crude Oil;D;20090611;000000;72.26;45247
@Brent Crude Oil;D;20090612;000000;71.7;44066
@Brent Crude Oil;D;20090613;000000;71.75;883
@Brent Crude Oil;D;20090614;000000;71.75;2
@Brent Crude Oil;D;20090615;000000;70.17;43266
@Brent Crude Oil;D;20090616;000000;70.33;49005
@Brent Crude Oil;D;20090617;000000;70.66;46610
@Brent Crude Oil;D;20090618;000000;70.97;53464
@Brent Crude Oil;D;20090619;000000;69.53;46557
@Brent Crude Oil;D;20090620;000000;69.3;958
@Brent Crude Oil;D;20090621;000000;69.3;2
@Brent Crude Oil;D;20090622;000000;66.58;50629
@Brent Crude Oil;D;20090623;000000;68.7;50505
@Brent Crude Oil;D;20090624;000000;68.22;54728
@Brent Crude Oil;D;20090625;000000;69.82;49659
@Brent Crude Oil;D;20090626;000000;69.01;44148
@Brent Crude Oil;D;20090627;000000;69.15;566
@Brent Crude Oil;D;20090628;000000;69.15;2
@Brent Crude Oil;D;20090629;000000;70.99;47224
@Brent Crude Oil;D;20090630;000000;69.5;69625
@Brent Crude Oil;D;20090701;000000;68.71;47461
@Brent Crude Oil;D;20090702;000000;66.4;45069
@Brent Crude Oil;D;20090703;000000;65.43;24306
@Brent Crude Oil;D;20090704;000000;65.43;1
@Brent Crude Oil;D;20090705;000000;65.43;1
@Brent Crude Oil;D;20090706;000000;64.18;47597
@Brent Crude Oil;D;20090707;000000;62.71;49049
@Brent Crude Oil;D;20090708;000000;60.47;49415
@Brent Crude Oil;D;20090709;000000;61.12;47111
@Brent Crude Oil;D;20090710;000000;60.6;44251
@Brent Crude Oil;D;20090711;000000;60.42;648
@Brent Crude Oil;D;20090712;000000;60.42;1
@Brent Crude Oil;D;20090713;000000;60.9;53407
@Brent Crude Oil;D;20090714;000000;60.73;42654
@Brent Crude Oil;D;20090715;000000;63.79;47244
@Brent Crude Oil;D;20090716;000000;63.68;45742
@Brent Crude Oil;D;20090717;000000;65.23;44547
@Brent Crude Oil;D;20090718;000000;65.33;545
@Brent Crude Oil;D;20090719;000000;65.33;1
@Brent Crude Oil;D;20090720;000000;66.48;43598
@Brent Crude Oil;D;20090721;000000;66.94;45478
@Brent Crude Oil;D;20090722;000000;67.29;46888
@Brent Crude Oil;D;20090723;000000;69.35;52660
@Brent Crude Oil;D;20090724;000000;70.27;42289
@Brent Crude Oil;D;20090725;000000;70.32;896
@Brent Crude Oil;D;20090726;000000;70.32;1
@Brent Crude Oil;D;20090727;000000;70.7;53218
@Brent Crude Oil;D;20090728;000000;69.97;47539
@Brent Crude Oil;D;20090729;000000;66.32;49492
@Brent Crude Oil;D;20090730;000000;69.8;46099
@Brent Crude Oil;D;20090731;000000;71.52;47074
@Brent Crude Oil;D;20090801;000000;71.8;2503
@Brent Crude Oil;D;20090802;000000;71.7;1
@Brent Crude Oil;D;20090803;000000;73.46;47877
@Brent Crude Oil;D;20090804;000000;74.34;43700
@Brent Crude Oil;D;20090805;000000;75.34;44308
@Brent Crude Oil;D;20090806;000000;74.75;42809
@Brent Crude Oil;D;20090807;000000;73.62;42609
@Brent Crude Oil;D;20090808;000000;73.19;996
@Brent Crude Oil;D;20090809;000000;73.59;1
@Brent Crude Oil;D;20090810;000000;74.3;36901
@Brent Crude Oil;D;20090811;000000;72.82;43100
@Brent Crude Oil;D;20090812;000000;73.44;42773
@Brent Crude Oil;D;20090813;000000;74.46;42300
@Brent Crude Oil;D;20090814;000000;71.59;45253
@Brent Crude Oil;D;20090815;000000;71.47;804
@Brent Crude Oil;D;20090816;000000;71.44;1
@Brent Crude Oil;D;20090817;000000;70.4;46330
@Brent Crude Oil;D;20090818;000000;72.4;47765
@Brent Crude Oil;D;20090819;000000;74.35;54084
@Brent Crude Oil;D;20090820;000000;73.25;46631
@Brent Crude Oil;D;20090821;000000;74.15;46506
@Brent Crude Oil;D;20090822;000000;74.08;1013
@Brent Crude Oil;D;20090823;000000;74.19;2
@Brent Crude Oil;D;20090824;000000;73.92;47055
@Brent Crude Oil;D;20090825;000000;71.64;47355
@Brent Crude Oil;D;20090826;000000;71.59;48290
@Brent Crude Oil;D;20090827;000000;72.8;44508
@Brent Crude Oil;D;20090828;000000;72.74;47561
@Brent Crude Oil;D;20090829;000000;72.87;511
@Brent Crude Oil;D;20090830;000000;72.79;2
@Brent Crude Oil;D;20090831;000000;69.31;43611
@Brent Crude Oil;D;20090901;000000;67.82;47229
@Brent Crude Oil;D;20090902;000000;67.52;47825
@Brent Crude Oil;D;20090903;000000;67.29;46001
@Brent Crude Oil;D;20090904;000000;66.61;41622
@Brent Crude Oil;D;20090905;000000;66.56;222
@Brent Crude Oil;D;20090906;000000;66.82;1
@Brent Crude Oil;D;20090907;000000;66.79;31839
@Brent Crude Oil;D;20090908;000000;69.69;47307
@Brent Crude Oil;D;20090909;000000;69.8;48349
@Brent Crude Oil;D;20090910;000000;70.97;42310
@Brent Crude Oil;D;20090911;000000;68.5;43225
@Brent Crude Oil;D;20090912;000000;68.47;872
@Brent Crude Oil;D;20090913;000000;68.5;2
@Brent Crude Oil;D;20090914;000000;68.37;49714
@Brent Crude Oil;D;20090915;000000;69.75;44113
@Brent Crude Oil;D;20090916;000000;71.46;46008
@Brent Crude Oil;D;20090917;000000;71.51;39032
@Brent Crude Oil;D;20090918;000000;71.04;43759
@Brent Crude Oil;D;20090919;000000;71.1;552
@Brent Crude Oil;D;20090920;000000;71.32;2
@Brent Crude Oil;D;20090921;000000;68.52;45125
@Brent Crude Oil;D;20090922;000000;70.57;47027
@Brent Crude Oil;D;20090923;000000;67.41;47041
@Brent Crude Oil;D;20090924;000000;64.97;51415
@Brent Crude Oil;D;20090925;000000;65.13;48087
@Brent Crude Oil;D;20090926;000000;65.15;412
@Brent Crude Oil;D;20090927;000000;65.11;1
@Brent Crude Oil;D;20090928;000000;65.75;43519
@Brent Crude Oil;D;20090929;000000;65.42;41878
@Brent Crude Oil;D;20090930;000000;68.95;49594
@Brent Crude Oil;D;20091001;000000;68.81;55677
@Brent Crude Oil;D;20091002;000000;67.76;43655
@Brent Crude Oil;D;20091003;000000;67.68;540
@Brent Crude Oil;D;20091004;000000;68.07;1
@Brent Crude Oil;D;20091005;000000;67.96;44626
@Brent Crude Oil;D;20091006;000000;68.72;46032
@Brent Crude Oil;D;20091007;000000;67.59;47009
@Brent Crude Oil;D;20091008;000000;69.37;37310
@Brent Crude Oil;D;20091009;000000;70.48;44352
@Brent Crude Oil;D;20091010;000000;70.97;139
@Brent Crude Oil;D;20091011;000000;70.71;1
@Brent Crude Oil;D;20091012;000000;71.96;45403
@Brent Crude Oil;D;20091013;000000;73;47945
@Brent Crude Oil;D;20091014;000000;73.87;49948
@Brent Crude Oil;D;20091015;000000;76.2;52631
@Brent Crude Oil;D;20091016;000000;77.07;46197
@Brent Crude Oil;D;20091017;000000;77.14;589
@Brent Crude Oil;D;20091018;000000;76.99;10
@Brent Crude Oil;D;20091019;000000;77.48;46556
@Brent Crude Oil;D;20091020;000000;77.12;47785
@Brent Crude Oil;D;20091021;000000;79.25;52486
@Brent Crude Oil;D;20091022;000000;79.51;51713
@Brent Crude Oil;D;20091023;000000;78.42;46961
@Brent Crude Oil;D;20091024;000000;78.16;1281
@Brent Crude Oil;D;20091025;000000;78.92;2
@Brent Crude Oil;D;20091026;000000;77.03;49139
@Brent Crude Oil;D;20091027;000000;77.86;50279
@Brent Crude Oil;D;20091028;000000;75.66;49806
@Brent Crude Oil;D;20091029;000000;78.08;50779
@Brent Crude Oil;D;20091030;000000;75.25;50145
@Brent Crude Oil;D;20091031;000000;75.09;307
@Brent Crude Oil;D;20091101;000000;75.2;2
@Brent Crude Oil;D;20091102;000000;76.63;53411
@Brent Crude Oil;D;20091103;000000;77.96;55657
@Brent Crude Oil;D;20091104;000000;78.62;49110
@Brent Crude Oil;D;20091105;000000;78.18;47535
@Brent Crude Oil;D;20091106;000000;76.04;50678
@Brent Crude Oil;D;20091107;000000;76.05;565
@Brent Crude Oil;D;20091108;000000;75.87;7
@Brent Crude Oil;D;20091109;000000;77.59;47800
@Brent Crude Oil;D;20091110;000000;78.37;53749
@Brent Crude Oil;D;20091111;000000;78.65;52626
@Brent Crude Oil;D;20091112;000000;76.56;48934
@Brent Crude Oil;D;20091113;000000;76.33;45055
@Brent Crude Oil;D;20091114;000000;76.46;544
@Brent Crude Oil;D;20091115;000000;76.31;1
@Brent Crude Oil;D;20091116;000000;78.69;50170
@Brent Crude Oil;D;20091117;000000;79.12;49578
@Brent Crude Oil;D;20091118;000000;79.55;52848
@Brent Crude Oil;D;20091119;000000;77.9;49764
@Brent Crude Oil;D;20091120;000000;77.48;48779
@Brent Crude Oil;D;20091121;000000;77.6;617
@Brent Crude Oil;D;20091122;000000;77.2;1
@Brent Crude Oil;D;20091123;000000;77.69;49190
@Brent Crude Oil;D;20091124;000000;76.68;48519
@Brent Crude Oil;D;20091125;000000;78.47;49252
@Brent Crude Oil;D;20091126;000000;77.05;36326
@Brent Crude Oil;D;20091127;000000;77.12;52045
@Brent Crude Oil;D;20091128;000000;77.12;1
@Brent Crude Oil;D;20091129;000000;77.18;1
@Brent Crude Oil;D;20091130;000000;78.36;54751
@Brent Crude Oil;D;20091201;000000;79.11;48597
@Brent Crude Oil;D;20091202;000000;77.97;46221
@Brent Crude Oil;D;20091203;000000;78;46710
@Brent Crude Oil;D;20091204;000000;77.68;48431
@Brent Crude Oil;D;20091205;000000;77.74;574
@Brent Crude Oil;D;20091206;000000;77.52;1
@Brent Crude Oil;D;20091207;000000;76.53;46682
@Brent Crude Oil;D;20091208;000000;75.33;48092
@Brent Crude Oil;D;20091209;000000;72.56;47288
@Brent Crude Oil;D;20091210;000000;72.79;50098
@Brent Crude Oil;D;20091211;000000;72.69;42842
@Brent Crude Oil;D;20091212;000000;72.48;933
@Brent Crude Oil;D;20091213;000000;72.7;2
@Brent Crude Oil;D;20091214;000000;72.82;46727
@Brent Crude Oil;D;20091215;000000;72.92;38642
@Brent Crude Oil;D;20091216;000000;74.41;41239
@Brent Crude Oil;D;20091217;000000;73.02;46634
@Brent Crude Oil;D;20091218;000000;73.65;44860
@Brent Crude Oil;D;20091219;000000;73.88;1212
@Brent Crude Oil;D;20091220;000000;73.75;2
@Brent Crude Oil;D;20091221;000000;72.64;37396
@Brent Crude Oil;D;20091222;000000;73.11;40456
@Brent Crude Oil;D;20091223;000000;75.31;40866
@Brent Crude Oil;D;20091224;000000;76.1;33033
@Brent Crude Oil;D;20091225;000000;76.1;8
@Brent Crude Oil;D;20091226;000000;76.1;2
@Brent Crude Oil;D;20091227;000000;76.31;2
@Brent Crude Oil;D;20091228;000000;77.32;33376
@Brent Crude Oil;D;20091229;000000;77.55;37224
@Brent Crude Oil;D;20091230;000000;78.15;37222
@Brent Crude Oil;D;20091231;000000;78;33437
@Brent Crude Oil;D;20100101;000000;78;5
@Brent Crude Oil;D;20100102;000000;78;1
@Brent Crude Oil;D;20100103;000000;77.93;1
@Brent Crude Oil;D;20100104;000000;80.27;43769
@Brent Crude Oil;D;20100105;000000;80.74;43966
@Brent Crude Oil;D;20100106;000000;81.82;42575
@Brent Crude Oil;D;20100107;000000;81.45;42987
@Brent Crude Oil;D;20100108;000000;81.48;45900
@Brent Crude Oil;D;20100109;000000;81.43;1081
@Brent Crude Oil;D;20100110;000000;81.94;2
@Brent Crude Oil;D;20100111;000000;81.17;48637
@Brent Crude Oil;D;20100112;000000;79.6;50108
@Brent Crude Oil;D;20100113;000000;78.8;45623
@Brent Crude Oil;D;20100114;000000;78.4;40614
@Brent Crude Oil;D;20100115;000000;77.1;44585
@Brent Crude Oil;D;20100116;000000;77.2;439
@Brent Crude Oil;D;20100117;000000;77.11;1
@Brent Crude Oil;D;20100118;000000;77.08;33021
@Brent Crude Oil;D;20100119;000000;77.75;49956
@Brent Crude Oil;D;20100120;000000;75.86;56568
@Brent Crude Oil;D;20100121;000000;74.6;50867
@Brent Crude Oil;D;20100122;000000;72.42;50413
@Brent Crude Oil;D;20100123;000000;72.38;1211
@Brent Crude Oil;D;20100124;000000;72.83;2
@Brent Crude Oil;D;20100125;000000;73.56;48396
@Brent Crude Oil;D;20100126;000000;73.1;49557
@Brent Crude Oil;D;20100127;000000;72.27;44825
@Brent Crude Oil;D;20100128;000000;72.27;51640
@Brent Crude Oil;D;20100129;000000;71.38;49407
@Brent Crude Oil;D;20100130;000000;71.18;953
@Brent Crude Oil;D;20100131;000000;71.46;1
@Brent Crude Oil;D;20100201;000000;73.62;47643
@Brent Crude Oil;D;20100202;000000;76.15;49268
@Brent Crude Oil;D;20100203;000000;75.83;49748
@Brent Crude Oil;D;20100204;000000;71.88;51943
@Brent Crude Oil;D;20100205;000000;70.35;55350
@Brent Crude Oil;D;20100206;000000;69.59;4184
@Brent Crude Oil;D;20100207;000000;69.59;4470
@Brent Crude Oil;D;20100208;000000;69.96;50902
@Brent Crude Oil;D;20100209;000000;72.25;51804
@Brent Crude Oil;D;20100210;000000;73.1;51611
@Brent Crude Oil;D;20100211;000000;73.91;48060
@Brent Crude Oil;D;20100212;000000;73.1;49587
@Brent Crude Oil;D;20100213;000000;72.9;501
@Brent Crude Oil;D;20100214;000000;72.9;1
@Brent Crude Oil;D;20100215;000000;72.63;26885
@Brent Crude Oil;D;20100216;000000;75.77;44597
@Brent Crude Oil;D;20100217;000000;76.41;48425
@Brent Crude Oil;D;20100218;000000;77.86;50082
@Brent Crude Oil;D;20100219;000000;78.35;44327
@Brent Crude Oil;D;20100220;000000;78.45;1140
@Brent Crude Oil;D;20100221;000000;78.19;1
@Brent Crude Oil;D;20100222;000000;78.4;47466
@Brent Crude Oil;D;20100223;000000;77.14;50651
@Brent Crude Oil;D;20100224;000000;78.25;48670
@Brent Crude Oil;D;20100225;000000;76.4;51415
@Brent Crude Oil;D;20100226;000000;77.73;51905
@Brent Crude Oil;D;20100227;000000;77.65;797
@Brent Crude Oil;D;20100228;000000;77.59;1
@Brent Crude Oil;D;20100301;000000;76.98;47768
@Brent Crude Oil;D;20100302;000000;78.1;52324
@Brent Crude Oil;D;20100303;000000;79.33;48417
@Brent Crude Oil;D;20100304;000000;78.86;54515
@Brent Crude Oil;D;20100305;000000;80.1;44476
@Brent Crude Oil;D;20100306;000000;80.08;685
@Brent Crude Oil;D;20100307;000000;79.89;0
@Brent Crude Oil;D;20100308;000000;80.39;44439
@Brent Crude Oil;D;20100309;000000;79.69;49293
@Brent Crude Oil;D;20100310;000000;80.62;45715
@Brent Crude Oil;D;20100311;000000;80.91;44875
@Brent Crude Oil;D;20100312;000000;79.89;46619
@Brent Crude Oil;D;20100313;000000;79.98;1411
@Brent Crude Oil;D;20100314;000000;79.96;1
@Brent Crude Oil;D;20100315;000000;78.78;44881
@Brent Crude Oil;D;20100316;000000;80.81;45934
@Brent Crude Oil;D;20100317;000000;81.8;47400
@Brent Crude Oil;D;20100318;000000;81.4;44872
@Brent Crude Oil;D;20100319;000000;79.79;44281
@Brent Crude Oil;D;20100320;000000;79.88;181
@Brent Crude Oil;D;20100321;000000;79.88;1
@Brent Crude Oil;D;20100322;000000;80.79;48022
@Brent Crude Oil;D;20100323;000000;80.49;47251
@Brent Crude Oil;D;20100324;000000;79.36;49670
@Brent Crude Oil;D;20100325;000000;79.3;53031
@Brent Crude Oil;D;20100326;000000;79.41;50581
@Brent Crude Oil;D;20100327;000000;79.36;155
@Brent Crude Oil;D;20100328;000000;79.29;1
@Brent Crude Oil;D;20100329;000000;81.49;59496
@Brent Crude Oil;D;20100330;000000;81.34;47512
@Brent Crude Oil;D;20100331;000000;82.24;51259
@Brent Crude Oil;D;20100401;000000;84.25;52426
@Brent Crude Oil;D;20100402;000000;84.42;1825
@Brent Crude Oil;D;20100403;000000;84.42;8
@Brent Crude Oil;D;20100404;000000;84.01;4
@Brent Crude Oil;D;20100405;000000;86.03;36605
@Brent Crude Oil;D;20100406;000000;86.11;52325
@Brent Crude Oil;D;20100407;000000;85.32;55262
@Brent Crude Oil;D;20100408;000000;85.06;49279
@Brent Crude Oil;D;20100409;000000;84.82;109703
@Brent Crude Oil;D;20100410;000000;85.73;498
@Brent Crude Oil;D;20100411;000000;85.64;1
@Brent Crude Oil;D;20100412;000000;85.66;48602
@Brent Crude Oil;D;20100413;000000;85.51;51165
@Brent Crude Oil;D;20100414;000000;86.96;51257
@Brent Crude Oil;D;20100415;000000;87.68;53052
@Brent Crude Oil;D;20100416;000000;85.85;53172
@Brent Crude Oil;D;20100417;000000;85.66;992
@Brent Crude Oil;D;20100418;000000;85.99;26
@Brent Crude Oil;D;20100419;000000;84.5;59674
@Brent Crude Oil;D;20100420;000000;84.74;53306
@Brent Crude Oil;D;20100421;000000;85.86;56315
@Brent Crude Oil;D;20100422;000000;85.74;54408
@Brent Crude Oil;D;20100423;000000;87.26;53496
@Brent Crude Oil;D;20100424;000000;87.21;812
@Brent Crude Oil;D;20100425;000000;87.25;1
@Brent Crude Oil;D;20100426;000000;86.71;50332
@Brent Crude Oil;D;20100427;000000;85.36;55028
@Brent Crude Oil;D;20100428;000000;85.95;61631
@Brent Crude Oil;D;20100429;000000;86.93;51386
@Brent Crude Oil;D;20100430;000000;87.3;49728
@Brent Crude Oil;D;20100501;000000;87.47;910
@Brent Crude Oil;D;20100502;000000;87.44;2
@Brent Crude Oil;D;20100503;000000;88.98;49338
@Brent Crude Oil;D;20100504;000000;85.54;59493
@Brent Crude Oil;D;20100505;000000;82.52;56136
@Brent Crude Oil;D;20100506;000000;79.65;58435
@Brent Crude Oil;D;20100507;000000;78.55;63090
@Brent Crude Oil;D;20100508;000000;78.58;863
@Brent Crude Oil;D;20100509;000000;78.27;1
@Brent Crude Oil;D;20100510;000000;81.69;63553
@Brent Crude Oil;D;20100511;000000;81.58;48736
@Brent Crude Oil;D;20100512;000000;82.47;55381
@Brent Crude Oil;D;20100513;000000;81.12;51316
@Brent Crude Oil;D;20100514;000000;78.13;57866
@Brent Crude Oil;D;20100515;000000;78.5;1447
@Brent Crude Oil;D;20100516;000000;77.93;6
@Brent Crude Oil;D;20100517;000000;75.56;59912
@Brent Crude Oil;D;20100518;000000;74.58;59977
@Brent Crude Oil;D;20100519;000000;73.88;63478
@Brent Crude Oil;D;20100520;000000;71.1;66324
@Brent Crude Oil;D;20100521;000000;71.8;65330
@Brent Crude Oil;D;20100522;000000;72.11;1250
@Brent Crude Oil;D;20100523;000000;71.68;1
@Brent Crude Oil;D;20100524;000000;71.11;62329
@Brent Crude Oil;D;20100525;000000;69.96;69561
@Brent Crude Oil;D;20100526;000000;71.41;65529
@Brent Crude Oil;D;20100527;000000;74.82;65583
@Brent Crude Oil;D;20100528;000000;74.12;60469
@Brent Crude Oil;D;20100529;000000;74.2;650
@Brent Crude Oil;D;20100530;000000;74.02;3
@Brent Crude Oil;D;20100531;000000;74.6;33234
@Brent Crude Oil;D;20100601;000000;72.31;66761
@Brent Crude Oil;D;20100602;000000;74.45;63686
@Brent Crude Oil;D;20100603;000000;75.4;63423
@Brent Crude Oil;D;20100604;000000;71.75;59358
@Brent Crude Oil;D;20100605;000000;71.66;1549
@Brent Crude Oil;D;20100606;000000;72.09;2
@Brent Crude Oil;D;20100607;000000;71.63;64958
@Brent Crude Oil;D;20100608;000000;72.34;62459
@Brent Crude Oil;D;20100609;000000;73.91;58710
@Brent Crude Oil;D;20100610;000000;76.32;64505
@Brent Crude Oil;D;20100611;000000;75.52;59121
@Brent Crude Oil;D;20100612;000000;75.59;675
@Brent Crude Oil;D;20100613;000000;75.14;2
@Brent Crude Oil;D;20100614;000000;75.31;56093
@Brent Crude Oil;D;20100615;000000;77.31;59241
@Brent Crude Oil;D;20100616;000000;78.07;54701
@Brent Crude Oil;D;20100617;000000;78.68;57380
@Brent Crude Oil;D;20100618;000000;78.4;53380
@Brent Crude Oil;D;20100619;000000;78.42;995
@Brent Crude Oil;D;20100620;000000;78.22;2
@Brent Crude Oil;D;20100621;000000;78.46;56700
@Brent Crude Oil;D;20100622;000000;77.87;56336
@Brent Crude Oil;D;20100623;000000;75.8;59753
@Brent Crude Oil;D;20100624;000000;76.26;56939
@Brent Crude Oil;D;20100625;000000;78.44;47056
@Brent Crude Oil;D;20100626;000000;78.41;820
@Brent Crude Oil;D;20100627;000000;78.12;1
@Brent Crude Oil;D;20100628;000000;77.42;45675
@Brent Crude Oil;D;20100629;000000;75.07;56251
@Brent Crude Oil;D;20100630;000000;74.66;60325
@Brent Crude Oil;D;20100701;000000;72.17;61177
@Brent Crude Oil;D;20100702;000000;71.81;57762
@Brent Crude Oil;D;20100703;000000;71.93;578
@Brent Crude Oil;D;20100704;000000;71.65;11
@Brent Crude Oil;D;20100705;000000;71.5;35253
@Brent Crude Oil;D;20100706;000000;71.75;56114
@Brent Crude Oil;D;20100707;000000;73.94;56275
@Brent Crude Oil;D;20100708;000000;75.17;53289
@Brent Crude Oil;D;20100709;000000;75.49;49612
@Brent Crude Oil;D;20100710;000000;75.41;517
@Brent Crude Oil;D;20100712;000000;74.37;56336
@Brent Crude Oil;D;20100713;000000;76.78;56830
@Brent Crude Oil;D;20100714;000000;76.54;53591
@Brent Crude Oil;D;20100715;000000;76.29;54620
@Brent Crude Oil;D;20100716;000000;75.34;53581
@Brent Crude Oil;D;20100717;000000;75.35;713
@Brent Crude Oil;D;20100718;000000;75.37;1
@Brent Crude Oil;D;20100719;000000;75.61;52788
@Brent Crude Oil;D;20100720;000000;76.44;53941
@Brent Crude Oil;D;20100721;000000;75.18;55617
@Brent Crude Oil;D;20100722;000000;77.6;55474
@Brent Crude Oil;D;20100723;000000;77.63;56861
@Brent Crude Oil;D;20100724;000000;77.34;953
@Brent Crude Oil;D;20100725;000000;77.45;1
@Brent Crude Oil;D;20100726;000000;77.52;51707
@Brent Crude Oil;D;20100727;000000;76.13;53165
@Brent Crude Oil;D;20100728;000000;75.8;54038
@Brent Crude Oil;D;20100729;000000;77.5;51425
@Brent Crude Oil;D;20100730;000000;78.18;53904
@Brent Crude Oil;D;20100731;000000;78.26;1038
@Brent Crude Oil;D;20100801;000000;78.18;1
@Brent Crude Oil;D;20100802;000000;80.91;51316
@Brent Crude Oil;D;20100803;000000;82.6;52445
@Brent Crude Oil;D;20100804;000000;82.18;50460
@Brent Crude Oil;D;20100805;000000;81.53;48828
@Brent Crude Oil;D;20100806;000000;80.37;49549
@Brent Crude Oil;D;20100807;000000;80.36;501
@Brent Crude Oil;D;20100808;000000;80.16;1
@Brent Crude Oil;D;20100809;000000;81.11;44977
@Brent Crude Oil;D;20100810;000000;79.99;55131
@Brent Crude Oil;D;20100811;000000;77.67;52677
@Brent Crude Oil;D;20100812;000000;75.88;58906
@Brent Crude Oil;D;20100813;000000;75.74;59327
@Brent Crude Oil;D;20100814;000000;75.2;834
@Brent Crude Oil;D;20100815;000000;75.52;1
@Brent Crude Oil;D;20100816;000000;75.52;52275
@Brent Crude Oil;D;20100817;000000;76.89;52688
@Brent Crude Oil;D;20100818;000000;76.3;50906
@Brent Crude Oil;D;20100819;000000;75.38;52288
@Brent Crude Oil;D;20100820;000000;74.43;51521
@Brent Crude Oil;D;20100821;000000;74.33;625
@Brent Crude Oil;D;20100822;000000;74.26;1
@Brent Crude Oil;D;20100823;000000;73.47;50463
@Brent Crude Oil;D;20100824;000000;72.18;51609
@Brent Crude Oil;D;20100825;000000;73.72;55896
@Brent Crude Oil;D;20100826;000000;74.88;54730
@Brent Crude Oil;D;20100827;000000;76.87;49904
@Brent Crude Oil;D;20100828;000000;76.93;1046
@Brent Crude Oil;D;20100829;000000;76.65;1
@Brent Crude Oil;D;20100830;000000;76.2;43765
@Brent Crude Oil;D;20100831;000000;74.42;55333
@Brent Crude Oil;D;20100901;000000;76.39;50612
@Brent Crude Oil;D;20100902;000000;76.89;49309
@Brent Crude Oil;D;20100903;000000;76.57;46837
@Brent Crude Oil;D;20100904;000000;76.62;239
@Brent Crude Oil;D;20100905;000000;76.67;18
@Brent Crude Oil;D;20100906;000000;76.81;33507
@Brent Crude Oil;D;20100907;000000;77.26;51078
@Brent Crude Oil;D;20100908;000000;77.93;50639
@Brent Crude Oil;D;20100909;000000;77.21;48036
@Brent Crude Oil;D;20100910;000000;78.41;55693
@Brent Crude Oil;D;20100911;000000;78.36;454
@Brent Crude Oil;D;20100912;000000;78.31;1
@Brent Crude Oil;D;20100913;000000;79.19;48436
@Brent Crude Oil;D;20100914;000000;79.1;49675
@Brent Crude Oil;D;20100915;000000;79.13;50418
@Brent Crude Oil;D;20100916;000000;78.33;49556
@Brent Crude Oil;D;20100917;000000;78.09;51778
@Brent Crude Oil;D;20100918;000000;77.97;508
@Brent Crude Oil;D;20100919;000000;78.21;1
@Brent Crude Oil;D;20100920;000000;79.33;49735
@Brent Crude Oil;D;20100921;000000;78.02;50229
@Brent Crude Oil;D;20100922;000000;77.98;50307
@Brent Crude Oil;D;20100923;000000;77.88;51681
@Brent Crude Oil;D;20100924;000000;78.9;48017
@Brent Crude Oil;D;20100925;000000;78.8;992
@Brent Crude Oil;D;20100926;000000;78.87;2
@Brent Crude Oil;D;20100927;000000;78.2;47821
@Brent Crude Oil;D;20100928;000000;78.7;49395
@Brent Crude Oil;D;20100929;000000;80.74;50432
@Brent Crude Oil;D;20100930;000000;82.25;55409
@Brent Crude Oil;D;20101001;000000;83.79;51930
@Brent Crude Oil;D;20101002;000000;83.81;799
@Brent Crude Oil;D;20101003;000000;83.75;2
@Brent Crude Oil;D;20101004;000000;83.31;47734
@Brent Crude Oil;D;20101005;000000;84.76;51756
@Brent Crude Oil;D;20101006;000000;84.99;53121
@Brent Crude Oil;D;20101007;000000;83;52967
@Brent Crude Oil;D;20101008;000000;84.2;47350
@Brent Crude Oil;D;20101009;000000;84.19;312
@Brent Crude Oil;D;20101010;000000;84.37;1
@Brent Crude Oil;D;20101011;000000;83.84;45813
@Brent Crude Oil;D;20101012;000000;83.8;57774
@Brent Crude Oil;D;20101013;000000;84.67;51241
@Brent Crude Oil;D;20101014;000000;84.09;55718
@Brent Crude Oil;D;20101015;000000;82.68;53246
@Brent Crude Oil;D;20101016;000000;82.76;1131
@Brent Crude Oil;D;20101017;000000;82.45;1
@Brent Crude Oil;D;20101018;000000;84.45;56674
@Brent Crude Oil;D;20101019;000000;80.99;57872
@Brent Crude Oil;D;20101020;000000;83.44;58121
@Brent Crude Oil;D;20101021;000000;82;58013
@Brent Crude Oil;D;20101022;000000;83.25;53138
@Brent Crude Oil;D;20101023;000000;82.9;692
@Brent Crude Oil;D;20101024;000000;82.96;0
@Brent Crude Oil;D;20101025;000000;83.3;58610
@Brent Crude Oil;D;20101026;000000;83.63;54871
@Brent Crude Oil;D;20101027;000000;83.27;50445
@Brent Crude Oil;D;20101028;000000;83.41;30992
@Brent Crude Oil;D;20101029;000000;83.1;32723
@Brent Crude Oil;D;20101030;000000;83.14;472
@Brent Crude Oil;D;20101031;000000;83.15;2
@Brent Crude Oil;D;20101101;000000;84.54;33031
@Brent Crude Oil;D;20101102;000000;85.85;30237
@Brent Crude Oil;D;20101103;000000;86.58;30868
@Brent Crude Oil;D;20101104;000000;88.13;29543
@Brent Crude Oil;D;20101105;000000;88.3;28050
@Brent Crude Oil;D;20101106;000000;88.47;494
@Brent Crude Oil;D;20101107;000000;88.11;1
@Brent Crude Oil;D;20101108;000000;88.31;29177
@Brent Crude Oil;D;20101109;000000;87.45;30514
@Brent Crude Oil;D;20101110;000000;89.5;35297
@Brent Crude Oil;D;20101111;000000;89.04;32412
@Brent Crude Oil;D;20101112;000000;86.15;42986
@Brent Crude Oil;D;20101113;000000;86.18;831
@Brent Crude Oil;D;20101114;000000;86.53;1
@Brent Crude Oil;D;20101115;000000;86.6;30953
@Brent Crude Oil;D;20101116;000000;84.6;35088
@Brent Crude Oil;D;20101117;000000;83.21;33872
@Brent Crude Oil;D;20101118;000000;85.31;32316
@Brent Crude Oil;D;20101119;000000;84.44;35689
@Brent Crude Oil;D;20101120;000000;84.13;492
@Brent Crude Oil;D;20101121;000000;84.34;0
@Brent Crude Oil;D;20101122;000000;83.86;32474
@Brent Crude Oil;D;20101123;000000;83.43;36823
@Brent Crude Oil;D;20101124;000000;86;34855
@Brent Crude Oil;D;20101125;000000;85.91;20166
@Brent Crude Oil;D;20101126;000000;85.8;27558
@Brent Crude Oil;D;20101127;000000;85.8;15
@Brent Crude Oil;D;20101128;000000;85.58;15
@Brent Crude Oil;D;20101129;000000;87.39;35727
@Brent Crude Oil;D;20101130;000000;85.79;33990
@Brent Crude Oil;D;20101201;000000;88.84;35152
@Brent Crude Oil;D;20101202;000000;90.58;34122
@Brent Crude Oil;D;20101203;000000;91.56;30625
@Brent Crude Oil;D;20101204;000000;91.68;589
@Brent Crude Oil;D;20101205;000000;91.42;2
@Brent Crude Oil;D;20101206;000000;91.22;29434
@Brent Crude Oil;D;20101207;000000;90.81;33066
@Brent Crude Oil;D;20101208;000000;90.97;32665
@Brent Crude Oil;D;20101209;000000;91.07;30459
@Brent Crude Oil;D;20101210;000000;90.75;27953
@Brent Crude Oil;D;20101211;000000;90.73;311
@Brent Crude Oil;D;20101212;000000;90.64;1
@Brent Crude Oil;D;20101213;000000;91;27594
@Brent Crude Oil;D;20101214;000000;91.5;27747
@Brent Crude Oil;D;20101215;000000;92.06;33422
@Brent Crude Oil;D;20101216;000000;91.77;28542
@Brent Crude Oil;D;20101217;000000;91.56;25854
@Brent Crude Oil;D;20101218;000000;91.75;357
@Brent Crude Oil;D;20101219;000000;91.67;1
@Brent Crude Oil;D;20101220;000000;92.51;25457
@Brent Crude Oil;D;20101221;000000;93.29;24006
@Brent Crude Oil;D;20101222;000000;93.77;22368
@Brent Crude Oil;D;20101223;000000;94.22;20021
@Brent Crude Oil;D;20101224;000000;93.46;12406
@Brent Crude Oil;D;20101225;000000;93.46;1
@Brent Crude Oil;D;20101226;000000;93.77;0
@Brent Crude Oil;D;20101227;000000;93.64;15698
@Brent Crude Oil;D;20101228;000000;94.25;16001
@Brent Crude Oil;D;20101229;000000;94.02;17014
@Brent Crude Oil;D;20101230;000000;92.62;20186
@Brent Crude Oil;D;20101231;000000;94.59;17362
@Brent Crude Oil;D;20110101;000000;94.59;1
@Brent Crude Oil;D;20110102;000000;94.59;1
@Brent Crude Oil;D;20110103;000000;94.99;22099
@Brent Crude Oil;D;20110104;000000;93.46;28405
@Brent Crude Oil;D;20110105;000000;95.51;30245
@Brent Crude Oil;D;20110106;000000;94.45;31242
@Brent Crude Oil;D;20110107;000000;93.57;31519
@Brent Crude Oil;D;20110108;000000;93.72;434
@Brent Crude Oil;D;20110109;000000;93.33;1
@Brent Crude Oil;D;20110110;000000;95.52;31501
@Brent Crude Oil;D;20110111;000000;97.21;31777
@Brent Crude Oil;D;20110112;000000;97.43;31139
@Brent Crude Oil;D;20110113;000000;97.46;29726
@Brent Crude Oil;D;20110114;000000;98.52;33864
@Brent Crude Oil;D;20110115;000000;98.36;399
@Brent Crude Oil;D;20110116;000000;98.38;25
@Brent Crude Oil;D;20110117;000000;97.46;18429
@Brent Crude Oil;D;20110118;000000;97.47;30796
@Brent Crude Oil;D;20110119;000000;98.08;28548
@Brent Crude Oil;D;20110120;000000;96.34;32774
@Brent Crude Oil;D;20110121;000000;97.68;28876
@Brent Crude Oil;D;20110122;000000;97.59;522
@Brent Crude Oil;D;20110123;000000;97.6;3
@Brent Crude Oil;D;20110124;000000;96.5;31234
@Brent Crude Oil;D;20110125;000000;95.25;33875
@Brent Crude Oil;D;20110126;000000;98.24;32196
@Brent Crude Oil;D;20110127;000000;97.38;34327
@Brent Crude Oil;D;20110128;000000;99.32;35295
@Brent Crude Oil;D;20110129;000000;99.33;809
@Brent Crude Oil;D;20110130;000000;99.42;2
@Brent Crude Oil;D;20110131;000000;100.6;36210
@Brent Crude Oil;D;20110201;000000;101.42;32225
@Brent Crude Oil;D;20110202;000000;102.36;28350
@Brent Crude Oil;D;20110203;000000;101.68;32166
@Brent Crude Oil;D;20110204;000000;99.93;29078
@Brent Crude Oil;D;20110205;000000;100.1;1082
@Brent Crude Oil;D;20110206;000000;99.83;2
@Brent Crude Oil;D;20110207;000000;99.22;29836
@Brent Crude Oil;D;20110208;000000;100.1;33804
@Brent Crude Oil;D;20110209;000000;102.03;30311
@Brent Crude Oil;D;20110210;000000;101.77;34876
@Brent Crude Oil;D;20110211;000000;101.38;31196
@Brent Crude Oil;D;20110212;000000;101.16;327
@Brent Crude Oil;D;20110213;000000;100.94;2
@Brent Crude Oil;D;20110214;000000;103.1;31884
@Brent Crude Oil;D;20110215;000000;101.65;32752
@Brent Crude Oil;D;20110216;000000;104.05;33529
@Brent Crude Oil;D;20110217;000000;103.14;33287
@Brent Crude Oil;D;20110218;000000;103.07;33444
@Brent Crude Oil;D;20110219;000000;102.82;342
@Brent Crude Oil;D;20110220;000000;102.52;2
@Brent Crude Oil;D;20110221;000000;108.03;34599
@Brent Crude Oil;D;20110222;000000;106.16;42457
@Brent Crude Oil;D;20110223;000000;111.8;38874
@Brent Crude Oil;D;20110224;000000;110.32;49925
@Brent Crude Oil;D;20110225;000000;112.21;36879
@Brent Crude Oil;D;20110226;000000;112.14;431
@Brent Crude Oil;D;20110227;000000;112.14;16
@Brent Crude Oil;D;20110228;000000;111.79;37850
@Brent Crude Oil;D;20110301;000000;116.26;36423
@Brent Crude Oil;D;20110302;000000;116.46;38193
@Brent Crude Oil;D;20110303;000000;114.87;41108
@Brent Crude Oil;D;20110304;000000;115.99;33115
@Brent Crude Oil;D;20110305;000000;115.99;959
@Brent Crude Oil;D;20110306;000000;115.97;1
@Brent Crude Oil;D;20110307;000000;114.53;37425
@Brent Crude Oil;D;20110308;000000;112.7;41215
@Brent Crude Oil;D;20110309;000000;115.85;34319
@Brent Crude Oil;D;20110310;000000;114.87;34801
@Brent Crude Oil;D;20110311;000000;113.34;38406
@Brent Crude Oil;D;20110312;000000;113.25;437
@Brent Crude Oil;D;20110313;000000;113.84;4
@Brent Crude Oil;D;20110314;000000;113.72;36205
@Brent Crude Oil;D;20110315;000000;108.29;46605
@Brent Crude Oil;D;20110316;000000;110.84;45973
@Brent Crude Oil;D;20110317;000000;115.25;36579
@Brent Crude Oil;D;20110318;000000;114.11;39783
@Brent Crude Oil;D;20110319;000000;114.49;322
@Brent Crude Oil;D;20110320;000000;113.93;5
@Brent Crude Oil;D;20110321;000000;114.75;34667
@Brent Crude Oil;D;20110322;000000;115.85;32420
@Brent Crude Oil;D;20110323;000000;115.37;30183
@Brent Crude Oil;D;20110324;000000;115.7;31480
@Brent Crude Oil;D;20110325;000000;116;27721
@Brent Crude Oil;D;20110326;000000;116.02;152
@Brent Crude Oil;D;20110327;000000;115.59;1
@Brent Crude Oil;D;20110328;000000;114.62;29264
@Brent Crude Oil;D;20110329;000000;115.19;30018
@Brent Crude Oil;D;20110330;000000;115.1;26757
@Brent Crude Oil;D;20110331;000000;117.24;29725
@Brent Crude Oil;D;20110401;000000;118.75;27306
@Brent Crude Oil;D;20110402;000000;119.1;1145
@Brent Crude Oil;D;20110403;000000;118.7;2
@Brent Crude Oil;D;20110404;000000;120.92;27339
@Brent Crude Oil;D;20110405;000000;121.69;31811
@Brent Crude Oil;D;20110406;000000;122.05;28655
@Brent Crude Oil;D;20110407;000000;122.44;26618
@Brent Crude Oil;D;20110408;000000;126.89;30634
@Brent Crude Oil;D;20110409;000000;126.9;885
@Brent Crude Oil;D;20110410;000000;126.12;1
@Brent Crude Oil;D;20110411;000000;123.09;31443
@Brent Crude Oil;D;20110412;000000;120.25;37544
@Brent Crude Oil;D;20110413;000000;122.35;36754
@Brent Crude Oil;D;20110414;000000;122.18;35839
@Brent Crude Oil;D;20110415;000000;123.41;31375
@Brent Crude Oil;D;20110416;000000;123.73;432
@Brent Crude Oil;D;20110417;000000;123.45;1
@Brent Crude Oil;D;20110418;000000;121.83;33631
@Brent Crude Oil;D;20110419;000000;121.08;41150
@Brent Crude Oil;D;20110420;000000;123.87;35985
@Brent Crude Oil;D;20110421;000000;123.83;32078
@Brent Crude Oil;D;20110422;000000;124.04;912
@Brent Crude Oil;D;20110425;000000;123.57;21646
@Brent Crude Oil;D;20110426;000000;123.94;31043
@Brent Crude Oil;D;20110427;000000;125.62;33557
@Brent Crude Oil;D;20110428;000000;124.96;34158
@Brent Crude Oil;D;20110429;000000;125.9;23218
@Brent Crude Oil;D;20110430;000000;126.03;1628
@Brent Crude Oil;D;20110501;000000;125.89;2
@Brent Crude Oil;D;20110502;000000;125.11;12729
@Brent Crude Oil;D;20110503;000000;122.39;34641
@Brent Crude Oil;D;20110504;000000;120.8;35553
@Brent Crude Oil;D;20110505;000000;109.67;49141
@Brent Crude Oil;D;20110506;000000;109.7;57890
@Brent Crude Oil;D;20110507;000000;109.24;985
@Brent Crude Oil;D;20110508;000000;109.13;2
@Brent Crude Oil;D;20110509;000000;116.25;44492
@Brent Crude Oil;D;20110510;000000;116.97;41348
@Brent Crude Oil;D;20110511;000000;112.81;41283
@Brent Crude Oil;D;20110512;000000;112.58;46097
@Brent Crude Oil;D;20110513;000000;113.4;38254
@Brent Crude Oil;D;20110514;000000;113.26;1220
@Brent Crude Oil;D;20110515;000000;113.28;20
@Brent Crude Oil;D;20110516;000000;110.38;40671
@Brent Crude Oil;D;20110517;000000;110.31;40378
@Brent Crude Oil;D;20110518;000000;112.06;37262
@Brent Crude Oil;D;20110519;000000;111.43;33656
@Brent Crude Oil;D;20110520;000000;112.48;36697
@Brent Crude Oil;D;20110521;000000;112.42;442
@Brent Crude Oil;D;20110522;000000;112.39;1
@Brent Crude Oil;D;20110523;000000;109.73;40886
@Brent Crude Oil;D;20110524;000000;112.35;37251
@Brent Crude Oil;D;20110525;000000;114.88;40092
@Brent Crude Oil;D;20110526;000000;115.04;37778
@Brent Crude Oil;D;20110527;000000;114.94;32337
@Brent Crude Oil;D;20110528;000000;115;239
@Brent Crude Oil;D;20110529;000000;115.03;1
@Brent Crude Oil;D;20110530;000000;114.54;9532
@Brent Crude Oil;D;20110531;000000;116.51;32147
@Brent Crude Oil;D;20110601;000000;114.6;35422
@Brent Crude Oil;D;20110602;000000;115.55;38553
@Brent Crude Oil;D;20110603;000000;116.01;33425
@Brent Crude Oil;D;20110604;000000;116.05;383
@Brent Crude Oil;D;20110605;000000;115.84;2
@Brent Crude Oil;D;20110606;000000;114.24;34617
@Brent Crude Oil;D;20110607;000000;116.71;37309
@Brent Crude Oil;D;20110608;000000;117.83;39678
@Brent Crude Oil;D;20110609;000000;119.62;32688
@Brent Crude Oil;D;20110610;000000;118.04;31602
@Brent Crude Oil;D;20110611;000000;117.96;557
@Brent Crude Oil;D;20110612;000000;118.35;2
@Brent Crude Oil;D;20110613;000000;118.21;32156
@Brent Crude Oil;D;20110614;000000;119.18;33536
@Brent Crude Oil;D;20110615;000000;113.73;36533
@Brent Crude Oil;D;20110616;000000;114.05;43368
@Brent Crude Oil;D;20110617;000000;113.25;41262
@Brent Crude Oil;D;20110618;000000;113.2;541
@Brent Crude Oil;D;20110620;000000;111.59;30233
@Brent Crude Oil;D;20110621;000000;110.35;40881
@Brent Crude Oil;D;20110622;000000;113.52;35475
@Brent Crude Oil;D;20110623;000000;107.87;46250
@Brent Crude Oil;D;20110624;000000;105.55;42037
@Brent Crude Oil;D;20110625;000000;105.67;825
@Brent Crude Oil;D;20110626;000000;105.12;0
@Brent Crude Oil;D;20110627;000000;106.5;39140
@Brent Crude Oil;D;20110628;000000;108.61;38608
@Brent Crude Oil;D;20110629;000000;112.37;40386
@Brent Crude Oil;D;20110630;000000;111.97;34573
@Brent Crude Oil;D;20110701;000000;111.59;32116
@Brent Crude Oil;D;20110702;000000;111.24;449
@Brent Crude Oil;D;20110703;000000;111.77;4
@Brent Crude Oil;D;20110704;000000;111.45;16005
@Brent Crude Oil;D;20110705;000000;113.45;31128
@Brent Crude Oil;D;20110706;000000;113.66;35762
@Brent Crude Oil;D;20110707;000000;118.21;36676
@Brent Crude Oil;D;20110708;000000;118.26;37821
@Brent Crude Oil;D;20110709;000000;118.3;528
@Brent Crude Oil;D;20110710;000000;117.7;2
@Brent Crude Oil;D;20110711;000000;116.26;35214
@Brent Crude Oil;D;20110712;000000;116.3;35582
@Brent Crude Oil;D;20110713;000000;117.69;35882
@Brent Crude Oil;D;20110714;000000;116.19;36686
@Brent Crude Oil;D;20110715;000000;117.65;33411
@Brent Crude Oil;D;20110716;000000;117.66;532
@Brent Crude Oil;D;20110717;000000;117.26;4
@Brent Crude Oil;D;20110718;000000;116.26;31325
@Brent Crude Oil;D;20110719;000000;117.18;32101
@Brent Crude Oil;D;20110720;000000;118.16;34131
@Brent Crude Oil;D;20110721;000000;117.99;35820
@Brent Crude Oil;D;20110722;000000;118.61;29678
@Brent Crude Oil;D;20110723;000000;118.51;550
@Brent Crude Oil;D;20110724;000000;118.67;2
@Brent Crude Oil;D;20110725;000000;117.65;29649
@Brent Crude Oil;D;20110726;000000;118.29;31799
@Brent Crude Oil;D;20110727;000000;117.52;33674
@Brent Crude Oil;D;20110728;000000;117.22;33982
@Brent Crude Oil;D;20110729;000000;116.61;32818
@Brent Crude Oil;D;20110730;000000;116.85;551
@Brent Crude Oil;D;20110731;000000;116.74;1
@Brent Crude Oil;D;20110801;000000;117;39941
@Brent Crude Oil;D;20110802;000000;116.1;36365
@Brent Crude Oil;D;20110803;000000;113.19;39311
@Brent Crude Oil;D;20110804;000000;107.42;44363
@Brent Crude Oil;D;20110805;000000;109.29;51052
@Brent Crude Oil;D;20110806;000000;109.85;2253
@Brent Crude Oil;D;20110807;000000;109.37;2
@Brent Crude Oil;D;20110808;000000;103.42;50431
@Brent Crude Oil;D;20110809;000000;104.5;60608
@Brent Crude Oil;D;20110810;000000;105.43;49407
@Brent Crude Oil;D;20110811;000000;107.72;45915
@Brent Crude Oil;D;20110812;000000;107.61;34889
@Brent Crude Oil;D;20110813;000000;107.52;352
@Brent Crude Oil;D;20110814;000000;107.76;2
@Brent Crude Oil;D;20110815;000000;109.75;29584
@Brent Crude Oil;D;20110816;000000;109.39;34379
@Brent Crude Oil;D;20110817;000000;110.6;35492
@Brent Crude Oil;D;20110818;000000;106.47;41777
@Brent Crude Oil;D;20110819;000000;108.94;48076
@Brent Crude Oil;D;20110820;000000;109.22;662
@Brent Crude Oil;D;20110821;000000;108.62;8
@Brent Crude Oil;D;20110822;000000;108.1;50768
@Brent Crude Oil;D;20110823;000000;110.12;40855
@Brent Crude Oil;D;20110824;000000;110;36688
@Brent Crude Oil;D;20110825;000000;110.5;38386
@Brent Crude Oil;D;20110826;000000;111.03;34751
@Brent Crude Oil;D;20110827;000000;111.25;759
@Brent Crude Oil;D;20110828;000000;111.36;3
@Brent Crude Oil;D;20110829;000000;112.23;26204
@Brent Crude Oil;D;20110830;000000;113.95;32710
@Brent Crude Oil;D;20110831;000000;114.57;33474
@Brent Crude Oil;D;20110901;000000;114.07;32884
@Brent Crude Oil;D;20110902;000000;112.53;34630
@Brent Crude Oil;D;20110903;000000;112.52;1206
@Brent Crude Oil;D;20110904;000000;112.33;2
@Brent Crude Oil;D;20110905;000000;109.92;22197
@Brent Crude Oil;D;20110906;000000;113.25;37176
@Brent Crude Oil;D;20110907;000000;115.93;35219
@Brent Crude Oil;D;20110908;000000;114.2;36535
@Brent Crude Oil;D;20110909;000000;112.61;40371
@Brent Crude Oil;D;20110910;000000;110.52;602
@Brent Crude Oil;D;20110911;000000;110.93;2
@Brent Crude Oil;D;20110912;000000;110.66;45126
@Brent Crude Oil;D;20110913;000000;109.69;38778
@Brent Crude Oil;D;20110914;000000;109.44;36827
@Brent Crude Oil;D;20110915;000000;112.21;39734
@Brent Crude Oil;D;20110916;000000;112.13;36561
@Brent Crude Oil;D;20110917;000000;111.9;411
@Brent Crude Oil;D;20110918;000000;112.22;3
@Brent Crude Oil;D;20110919;000000;109.2;33995
@Brent Crude Oil;D;20110920;000000;110.28;39835
@Brent Crude Oil;D;20110921;000000;109.33;37686
@Brent Crude Oil;D;20110922;000000;105.26;52440
@Brent Crude Oil;D;20110923;000000;104.07;49514
@Brent Crude Oil;D;20110924;000000;104.36;922
@Brent Crude Oil;D;20110925;000000;103.97;40
@Brent Crude Oil;D;20110926;000000;104.8;45080
@Brent Crude Oil;D;20110927;000000;106.69;43402
@Brent Crude Oil;D;20110928;000000;103.35;42968
@Brent Crude Oil;D;20110929;000000;104.39;46737
@Brent Crude Oil;D;20110930;000000;102.31;44202
@Brent Crude Oil;D;20111001;000000;102.15;1193
@Brent Crude Oil;D;20111002;000000;102.76;1
@Brent Crude Oil;D;20111003;000000;101.04;44328
@Brent Crude Oil;D;20111004;000000;101.08;48899
@Brent Crude Oil;D;20111005;000000;102.71;46419
@Brent Crude Oil;D;20111006;000000;105.76;40507
@Brent Crude Oil;D;20111007;000000;105.75;37288
@Brent Crude Oil;D;20111008;000000;105.91;794
@Brent Crude Oil;D;20111009;000000;105.88;4
@Brent Crude Oil;D;20111010;000000;107.05;41795
@Brent Crude Oil;D;20111011;000000;107.62;41531
@Brent Crude Oil;D;20111012;000000;108.49;43703
@Brent Crude Oil;D;20111013;000000;109.14;43171
@Brent Crude Oil;D;20111014;000000;112.7;42168
@Brent Crude Oil;D;20111015;000000;112.62;1013
@Brent Crude Oil;D;20111016;000000;112.23;1
@Brent Crude Oil;D;20111017;000000;109.95;39768
@Brent Crude Oil;D;20111018;000000;111.29;43968
@Brent Crude Oil;D;20111019;000000;108.59;44002
@Brent Crude Oil;D;20111020;000000;109.85;47187
@Brent Crude Oil;D;20111021;000000;109.93;38523
@Brent Crude Oil;D;20111022;000000;109.79;698
@Brent Crude Oil;D;20111023;000000;109.56;1
@Brent Crude Oil;D;20111024;000000;111.32;37407
@Brent Crude Oil;D;20111025;000000;110.99;42664
@Brent Crude Oil;D;20111026;000000;109.33;38828
@Brent Crude Oil;D;20111027;000000;112.03;42590
@Brent Crude Oil;D;20111028;000000;110.03;37664
@Brent Crude Oil;D;20111029;000000;110.16;561
@Brent Crude Oil;D;20111030;000000;109.91;2
@Brent Crude Oil;D;20111031;000000;109.36;37492
@Brent Crude Oil;D;20111101;000000;108.66;43869
@Brent Crude Oil;D;20111102;000000;109.28;42744
@Brent Crude Oil;D;20111103;000000;110.67;41124
@Brent Crude Oil;D;20111104;000000;112.32;37170
@Brent Crude Oil;D;20111105;000000;112.48;934
@Brent Crude Oil;D;20111106;000000;111.97;3
@Brent Crude Oil;D;20111107;000000;114.59;37689
@Brent Crude Oil;D;20111108;000000;115.05;38067
@Brent Crude Oil;D;20111109;000000;112.3;41633
@Brent Crude Oil;D;20111110;000000;112.2;40382
@Brent Crude Oil;D;20111111;000000;112.78;31600
@Brent Crude Oil;D;20111112;000000;112.96;1679
@Brent Crude Oil;D;20111113;000000;112.93;1
@Brent Crude Oil;D;20111114;000000;110.99;32364
@Brent Crude Oil;D;20111115;000000;112.5;38663
@Brent Crude Oil;D;20111116;000000;111.48;39849
@Brent Crude Oil;D;20111117;000000;108;45095
@Brent Crude Oil;D;20111118;000000;107.58;40703
@Brent Crude Oil;D;20111119;000000;107.56;1421
@Brent Crude Oil;D;20111120;000000;107.56;2
@Brent Crude Oil;D;20111121;000000;106.74;34775
@Brent Crude Oil;D;20111122;000000;108.69;40199
@Brent Crude Oil;D;20111123;000000;107.3;37119
@Brent Crude Oil;D;20111124;000000;107.76;22340
@Brent Crude Oil;D;20111125;000000;106.64;28078
@Brent Crude Oil;D;20111126;000000;106.64;1
@Brent Crude Oil;D;20111127;000000;106.4;1
@Brent Crude Oil;D;20111128;000000;108.63;35125
@Brent Crude Oil;D;20111129;000000;110.95;37852
@Brent Crude Oil;D;20111130;000000;110.44;38834
@Brent Crude Oil;D;20111201;000000;108.95;36395
@Brent Crude Oil;D;20111202;000000;109.95;32534
@Brent Crude Oil;D;20111203;000000;110.3;1867
@Brent Crude Oil;D;20111204;000000;109.94;2
@Brent Crude Oil;D;20111205;000000;109.63;29836
@Brent Crude Oil;D;20111206;000000;110.72;32578
@Brent Crude Oil;D;20111207;000000;109.53;32584
@Brent Crude Oil;D;20111208;000000;107.87;29377
@Brent Crude Oil;D;20111209;000000;108.71;31177
@Brent Crude Oil;D;20111210;000000;108.88;1281
@Brent Crude Oil;D;20111211;000000;108.47;2
@Brent Crude Oil;D;20111212;000000;107.15;28137
@Brent Crude Oil;D;20111213;000000;108.92;30623
@Brent Crude Oil;D;20111214;000000;103.99;37003
@Brent Crude Oil;D;20111215;000000;103.44;37327
@Brent Crude Oil;D;20111216;000000;103.82;32935
@Brent Crude Oil;D;20111217;000000;103.65;2344
@Brent Crude Oil;D;20111218;000000;103.35;4
@Brent Crude Oil;D;20111219;000000;103.65;32527
@Brent Crude Oil;D;20111220;000000;107.02;34032
@Brent Crude Oil;D;20111221;000000;107.75;31593
@Brent Crude Oil;D;20111222;000000;107.7;26876
@Brent Crude Oil;D;20111223;000000;108;21584
@Brent Crude Oil;D;20111224;000000;108;1
@Brent Crude Oil;D;20111225;000000;107.96;1
@Brent Crude Oil;D;20111227;000000;109.02;17232
@Brent Crude Oil;D;20111228;000000;107.45;27383
@Brent Crude Oil;D;20111229;000000;107.93;25058
@Brent Crude Oil;D;20111230;000000;107.32;25249
@Brent Crude Oil;D;20111231;000000;107.22;1909
@Brent Crude Oil;D;20120101;000000;107.38;2
@Brent Crude Oil;D;20120103;000000;112.18;31052
@Brent Crude Oil;D;20120104;000000;113.64;34712
@Brent Crude Oil;D;20120105;000000;112.6;37104
@Brent Crude Oil;D;20120106;000000;113.06;32223
@Brent Crude Oil;D;20120107;000000;113.4;1918
@Brent Crude Oil;D;20120108;000000;113.4;2
@Brent Crude Oil;D;20120109;000000;112.19;34452
@Brent Crude Oil;D;20120110;000000;112.85;30839
@Brent Crude Oil;D;20120111;000000;112.28;30803
@Brent Crude Oil;D;20120112;000000;110.68;31772
@Brent Crude Oil;D;20120113;000000;110.65;42783
@Brent Crude Oil;D;20120114;000000;110.91;3095
@Brent Crude Oil;D;20120115;000000;110.91;1
@Brent Crude Oil;D;20120116;000000;111.48;24749
@Brent Crude Oil;D;20120117;000000;111.53;31524
@Brent Crude Oil;D;20120118;000000;110.63;35692
@Brent Crude Oil;D;20120119;000000;111.39;34360
@Brent Crude Oil;D;20120120;000000;109.86;32688
@Brent Crude Oil;D;20120121;000000;110.23;2109
@Brent Crude Oil;D;20120122;000000;110.23;1
@Brent Crude Oil;D;20120123;000000;110.88;32015
@Brent Crude Oil;D;20120124;000000;110.2;31886
@Brent Crude Oil;D;20120125;000000;110.17;35062
@Brent Crude Oil;D;20120126;000000;110.96;33887
@Brent Crude Oil;D;20120127;000000;111.4;34628
@Brent Crude Oil;D;20120128;000000;111.3;2313
@Brent Crude Oil;D;20120129;000000;111.32;100
@Brent Crude Oil;D;20120130;000000;110.72;31241
@Brent Crude Oil;D;20120131;000000;110.96;34706
@Brent Crude Oil;D;20120201;000000;111.66;33255
@Brent Crude Oil;D;20120202;000000;112.24;34729
@Brent Crude Oil;D;20120203;000000;114.35;35661
@Brent Crude Oil;D;20120204;000000;114.71;1901
@Brent Crude Oil;D;20120205;000000;114.71;3
@Brent Crude Oil;D;20120206;000000;116.08;32832
@Brent Crude Oil;D;20120207;000000;116.08;35728
@Brent Crude Oil;D;20120208;000000;117.43;32085
@Brent Crude Oil;D;20120209;000000;118.51;30536
@Brent Crude Oil;D;20120210;000000;116.93;28138
@Brent Crude Oil;D;20120211;000000;117.05;1178
@Brent Crude Oil;D;20120212;000000;117.05;4
@Brent Crude Oil;D;20120213;000000;117.36;27266
@Brent Crude Oil;D;20120214;000000;117.67;36243
@Brent Crude Oil;D;20120215;000000;118.85;33412
@Brent Crude Oil;D;20120216;000000;120.25;33410
@Brent Crude Oil;D;20120217;000000;119.55;32322
@Brent Crude Oil;D;20120218;000000;119.95;2832
@Brent Crude Oil;D;20120219;000000;119.95;4
@Brent Crude Oil;D;20120220;000000;119.8;21655
@Brent Crude Oil;D;20120221;000000;121.17;29766
@Brent Crude Oil;D;20120222;000000;122.93;29765
@Brent Crude Oil;D;20120223;000000;123.65;32807
@Brent Crude Oil;D;20120224;000000;125.23;28654
@Brent Crude Oil;D;20120225;000000;125.07;1306
@Brent Crude Oil;D;20120226;000000;125.07;2
@Brent Crude Oil;D;20120227;000000;124.17;30112
@Brent Crude Oil;D;20120228;000000;121.83;32702
@Brent Crude Oil;D;20120229;000000;122.81;34376
@Brent Crude Oil;D;20120301;000000;126.37;36581
@Brent Crude Oil;D;20120302;000000;123.74;37649
@Brent Crude Oil;D;20120303;000000;123.32;1502
@Brent Crude Oil;D;20120304;000000;123.32;2
@Brent Crude Oil;D;20120305;000000;123.83;30495
@Brent Crude Oil;D;20120306;000000;121.87;35525
@Brent Crude Oil;D;20120307;000000;124.29;31841
@Brent Crude Oil;D;20120308;000000;125.58;31657
@Brent Crude Oil;D;20120309;000000;125.8;28097
@Brent Crude Oil;D;20120310;000000;125.18;1440
@Brent Crude Oil;D;20120311;000000;125.18;2
@Brent Crude Oil;D;20120312;000000;124.78;25382
@Brent Crude Oil;D;20120313;000000;125.63;24643
@Brent Crude Oil;D;20120314;000000;124.51;29923
@Brent Crude Oil;D;20120315;000000;122.52;32922
@Brent Crude Oil;D;20120316;000000;126.09;30466
@Brent Crude Oil;D;20120317;000000;126.16;1117
@Brent Crude Oil;D;20120319;000000;125.5;26239
@Brent Crude Oil;D;20120320;000000;124.2;29706
@Brent Crude Oil;D;20120321;000000;123.96;27458
@Brent Crude Oil;D;20120322;000000;123.01;32549
@Brent Crude Oil;D;20120323;000000;125.12;29854
@Brent Crude Oil;D;20120324;000000;125.21;461
@Brent Crude Oil;D;20120326;000000;125.61;26032
@Brent Crude Oil;D;20120327;000000;125.29;28917
@Brent Crude Oil;D;20120328;000000;124.33;31751
@Brent Crude Oil;D;20120329;000000;122.55;32220
@Brent Crude Oil;D;20120330;000000;123.08;29886
@Brent Crude Oil;D;20120331;000000;122.8;593
@Brent Crude Oil;D;20120402;000000;125.46;31204
@Brent Crude Oil;D;20120403;000000;125.13;27939
@Brent Crude Oil;D;20120404;000000;122.53;29192
@Brent Crude Oil;D;20120405;000000;123.31;30222
@Brent Crude Oil;D;20120406;000000;123.29;614
@Brent Crude Oil;D;20120409;000000;122.64;19705
@Brent Crude Oil;D;20120410;000000;119.37;29955
@Brent Crude Oil;D;20120411;000000;119.6;30189
@Brent Crude Oil;D;20120412;000000;121.57;30566
@Brent Crude Oil;D;20120413;000000;121.39;27623
@Brent Crude Oil;D;20120414;000000;121.48;935
@Brent Crude Oil;D;20120416;000000;118.38;31669
@Brent Crude Oil;D;20120417;000000;118.68;30681
@Brent Crude Oil;D;20120418;000000;118.05;30670
@Brent Crude Oil;D;20120419;000000;118.01;31994
@Brent Crude Oil;D;20120420;000000;118.83;28477
@Brent Crude Oil;D;20120421;000000;118.85;468
@Brent Crude Oil;D;20120422;000000;118.85;4
@Brent Crude Oil;D;20120423;000000;118.79;28706
@Brent Crude Oil;D;20120424;000000;118.06;26861
@Brent Crude Oil;D;20120425;000000;119;29238
@Brent Crude Oil;D;20120426;000000;119.8;25823
@Brent Crude Oil;D;20120427;000000;119.46;25789
@Brent Crude Oil;D;20120428;000000;119.75;646
@Brent Crude Oil;D;20120430;000000;119.33;25587
@Brent Crude Oil;D;20120501;000000;119.59;21498
@Brent Crude Oil;D;20120502;000000;118.18;27822
@Brent Crude Oil;D;20120503;000000;116.1;28151
@Brent Crude Oil;D;20120504;000000;113.39;32187
@Brent Crude Oil;D;20120505;000000;113.2;2497
@Brent Crude Oil;D;20120507;000000;113.28;29129
@Brent Crude Oil;D;20120508;000000;113.07;31487
@Brent Crude Oil;D;20120509;000000;112.89;30975
@Brent Crude Oil;D;20120510;000000;112.04;28610
@Brent Crude Oil;D;20120511;000000;111.73;26466
@Brent Crude Oil;D;20120512;000000;111.69;1779
@Brent Crude Oil;D;20120514;000000;110.5;28681
@Brent Crude Oil;D;20120515;000000;110.9;31491
@Brent Crude Oil;D;20120516;000000;109.1;35569
@Brent Crude Oil;D;20120517;000000;107.12;33523
@Brent Crude Oil;D;20120518;000000;106.79;36955
@Brent Crude Oil;D;20120519;000000;107.31;884
@Brent Crude Oil;D;20120521;000000;109.33;27846
@Brent Crude Oil;D;20120522;000000;107.99;29447
@Brent Crude Oil;D;20120523;000000;106.2;33710
@Brent Crude Oil;D;20120524;000000;106.76;32624
@Brent Crude Oil;D;20120525;000000;106.96;26148
@Brent Crude Oil;D;20120526;000000;106.9;649
@Brent Crude Oil;D;20120528;000000;107.26;15968
@Brent Crude Oil;D;20120529;000000;106.7;28933
@Brent Crude Oil;D;20120530;000000;103.18;33208
@Brent Crude Oil;D;20120531;000000;101.85;36475
@Brent Crude Oil;D;20120601;000000;98.69;43099
@Brent Crude Oil;D;20120602;000000;98.82;1436
@Brent Crude Oil;D;20120603;000000;98.82;5
@Brent Crude Oil;D;20120604;000000;98.99;32653
@Brent Crude Oil;D;20120605;000000;98.84;29695
@Brent Crude Oil;D;20120606;000000;100.87;33271
@Brent Crude Oil;D;20120607;000000;99.41;36015
@Brent Crude Oil;D;20120608;000000;99.9;37763
@Brent Crude Oil;D;20120609;000000;99.76;502
@Brent Crude Oil;D;20120611;000000;96.3;36909
@Brent Crude Oil;D;20120612;000000;97.09;35678
@Brent Crude Oil;D;20120613;000000;96.54;31707
@Brent Crude Oil;D;20120614;000000;97.73;35227
@Brent Crude Oil;D;20120615;000000;97.45;28636
@Brent Crude Oil;D;20120616;000000;97.31;940
@Brent Crude Oil;D;20120617;000000;97.31;3
@Brent Crude Oil;D;20120618;000000;95.87;37557
@Brent Crude Oil;D;20120619;000000;95.85;37019
@Brent Crude Oil;D;20120620;000000;92.59;37986
@Brent Crude Oil;D;20120621;000000;89.42;41073
@Brent Crude Oil;D;20120622;000000;91.52;37434
@Brent Crude Oil;D;20120623;000000;91.33;913
@Brent Crude Oil;D;20120624;000000;91.33;1
@Brent Crude Oil;D;20120625;000000;91.4;32710
@Brent Crude Oil;D;20120626;000000;93.01;35298
@Brent Crude Oil;D;20120627;000000;93.52;31702
@Brent Crude Oil;D;20120628;000000;91.98;32919
@Brent Crude Oil;D;20120629;000000;97.54;40146
@Brent Crude Oil;D;20120630;000000;97.57;923
@Brent Crude Oil;D;20120702;000000;97.34;36632
@Brent Crude Oil;D;20120703;000000;100.75;36220
@Brent Crude Oil;D;20120704;000000;99.78;22994
@Brent Crude Oil;D;20120705;000000;100.46;37167
@Brent Crude Oil;D;20120706;000000;97.87;30272
@Brent Crude Oil;D;20120707;000000;98.15;688
@Brent Crude Oil;D;20120709;000000;99.74;31475
@Brent Crude Oil;D;20120710;000000;97.58;30534
@Brent Crude Oil;D;20120711;000000;100.03;27725
@Brent Crude Oil;D;20120712;000000;99.97;34825
@Brent Crude Oil;D;20120713;000000;101.65;33390
@Brent Crude Oil;D;20120714;000000;101.66;321
@Brent Crude Oil;D;20120715;000000;101.66;1
@Brent Crude Oil;D;20120716;000000;103.41;30450
@Brent Crude Oil;D;20120717;000000;103.61;34208
@Brent Crude Oil;D;20120718;000000;105.26;32707
@Brent Crude Oil;D;20120719;000000;107.68;33426
@Brent Crude Oil;D;20120720;000000;106.6;30684
@Brent Crude Oil;D;20120721;000000;106.74;699
@Brent Crude Oil;D;20120723;000000;103.54;36256
@Brent Crude Oil;D;20120724;000000;103.74;35095
@Brent Crude Oil;D;20120725;000000;104.39;34075
@Brent Crude Oil;D;20120726;000000;105.35;35440
@Brent Crude Oil;D;20120727;000000;106.37;32412
@Brent Crude Oil;D;20120728;000000;106.65;628
@Brent Crude Oil;D;20120730;000000;105.89;28194
@Brent Crude Oil;D;20120731;000000;104.17;31911
@Brent Crude Oil;D;20120801;000000;105.5;31588
@Brent Crude Oil;D;20120802;000000;105.97;34870
@Brent Crude Oil;D;20120803;000000;108.77;35564
@Brent Crude Oil;D;20120804;000000;108.71;652
@Brent Crude Oil;D;20120806;000000;109.61;26057
@Brent Crude Oil;D;20120807;000000;111.78;30183
@Brent Crude Oil;D;20120808;000000;111.95;30995
@Brent Crude Oil;D;20120809;000000;113.36;28009
@Brent Crude Oil;D;20120810;000000;111.51;27925
@Brent Crude Oil;D;20120811;000000;111.55;994
@Brent Crude Oil;D;20120812;000000;111.55;1
@Brent Crude Oil;D;20120813;000000;111.6;30209
@Brent Crude Oil;D;20120814;000000;112.19;24732
@Brent Crude Oil;D;20120815;000000;114.4;28297
@Brent Crude Oil;D;20120816;000000;114.47;29314
@Brent Crude Oil;D;20120817;000000;113.8;29852
@Brent Crude Oil;D;20120818;000000;113.76;357
@Brent Crude Oil;D;20120820;000000;113.64;24238
@Brent Crude Oil;D;20120821;000000;114.32;26318
@Brent Crude Oil;D;20120822;000000;114.98;31131
@Brent Crude Oil;D;20120823;000000;114.74;31246
@Brent Crude Oil;D;20120824;000000;113.22;32333
@Brent Crude Oil;D;20120825;000000;113.51;929
@Brent Crude Oil;D;20120827;000000;112.33;28839
@Brent Crude Oil;D;20120828;000000;112.65;31409
@Brent Crude Oil;D;20120829;000000;112.73;29314
@Brent Crude Oil;D;20120830;000000;112.83;27143
@Brent Crude Oil;D;20120831;000000;114.78;28855
@Brent Crude Oil;D;20120901;000000;114.92;776
@Brent Crude Oil;D;20120903;000000;115.78;18705
@Brent Crude Oil;D;20120904;000000;114.22;29857
@Brent Crude Oil;D;20120905;000000;113.17;33830
@Brent Crude Oil;D;20120906;000000;112.79;34407
@Brent Crude Oil;D;20120907;000000;114.5;32526
@Brent Crude Oil;D;20120908;000000;114.6;1161
@Brent Crude Oil;D;20120909;000000;114.6;15
@Brent Crude Oil;D;20120910;000000;114.21;21337
@Brent Crude Oil;D;20120911;000000;114.64;24323
@Brent Crude Oil;D;20120912;000000;115.11;28740
@Brent Crude Oil;D;20120913;000000;115.72;32797
@Brent Crude Oil;D;20120914;000000;116.78;32395
@Brent Crude Oil;D;20120915;000000;116.92;430
@Brent Crude Oil;D;20120916;000000;116.92;1
@Brent Crude Oil;D;20120917;000000;113.22;29028
@Brent Crude Oil;D;20120918;000000;112.06;37479
@Brent Crude Oil;D;20120919;000000;107.97;40657
@Brent Crude Oil;D;20120920;000000;110.48;37907
@Brent Crude Oil;D;20120921;000000;111.48;32534
@Brent Crude Oil;D;20120922;000000;111.42;596
@Brent Crude Oil;D;20120924;000000;109.78;29286
@Brent Crude Oil;D;20120925;000000;110.09;28763
@Brent Crude Oil;D;20120926;000000;109.83;31053
@Brent Crude Oil;D;20120927;000000;112.31;33807
@Brent Crude Oil;D;20120928;000000;112.1;31388
@Brent Crude Oil;D;20120929;000000;112.22;1388
@Brent Crude Oil;D;20120930;000000;112.22;2
@Brent Crude Oil;D;20121001;000000;112.09;28685
@Brent Crude Oil;D;20121002;000000;111.36;27176
@Brent Crude Oil;D;20121003;000000;108.02;30686
@Brent Crude Oil;D;20121004;000000;112.41;32475
@Brent Crude Oil;D;20121005;000000;111.89;32709
@Brent Crude Oil;D;20121006;000000;112.04;1079
@Brent Crude Oil;D;20121007;000000;112.04;1
@Brent Crude Oil;D;20121008;000000;112.09;25118
@Brent Crude Oil;D;20121009;000000;114.35;32151
@Brent Crude Oil;D;20121010;000000;113.15;29288
@Brent Crude Oil;D;20121011;000000;114.91;28528
@Brent Crude Oil;D;20121012;000000;113.74;29321
@Brent Crude Oil;D;20121013;000000;113.38;559
@Brent Crude Oil;D;20121015;000000;114.24;28457
@Brent Crude Oil;D;20121016;000000;113.8;27569
@Brent Crude Oil;D;20121017;000000;113.03;26275
@Brent Crude Oil;D;20121018;000000;112.39;29089
@Brent Crude Oil;D;20121019;000000;110.05;28469
@Brent Crude Oil;D;20121020;000000;110.32;938
@Brent Crude Oil;D;20121021;000000;110.32;2
@Brent Crude Oil;D;20121022;000000;109.78;31088
@Brent Crude Oil;D;20121023;000000;108.16;36039
@Brent Crude Oil;D;20121024;000000;107.79;32349
@Brent Crude Oil;D;20121025;000000;108.55;27539
@Brent Crude Oil;D;20121026;000000;109.59;31497
@Brent Crude Oil;D;20121027;000000;109.7;987
@Brent Crude Oil;D;20121028;000000;109.55;2
@Brent Crude Oil;D;20121029;000000;109.13;26542
@Brent Crude Oil;D;20121030;000000;108.88;27872
@Brent Crude Oil;D;20121031;000000;108.46;28308
@Brent Crude Oil;D;20121101;000000;108.16;27574
@Brent Crude Oil;D;20121102;000000;105.78;29692
@Brent Crude Oil;D;20121103;000000;105.5;3981
@Brent Crude Oil;D;20121104;000000;105.68;1
@Brent Crude Oil;D;20121105;000000;108.01;28319
@Brent Crude Oil;D;20121106;000000;110.84;33652
@Brent Crude Oil;D;20121107;000000;106.89;40252
@Brent Crude Oil;D;20121108;000000;107.27;36183
@Brent Crude Oil;D;20121109;000000;109.44;36435
@Brent Crude Oil;D;20121110;000000;108.79;1631
@Brent Crude Oil;D;20121111;000000;108.42;2
@Brent Crude Oil;D;20121112;000000;108.15;29227
@Brent Crude Oil;D;20121113;000000;107.2;30491
@Brent Crude Oil;D;20121114;000000;108.46;30841
@Brent Crude Oil;D;20121115;000000;107.91;34047
@Brent Crude Oil;D;20121116;000000;108.89;29571
@Brent Crude Oil;D;20121117;000000;109.02;1738
@Brent Crude Oil;D;20121118;000000;108.95;2
@Brent Crude Oil;D;20121119;000000;111.72;31096
@Brent Crude Oil;D;20121120;000000;110.03;33279
@Brent Crude Oil;D;20121121;000000;110.87;30742
@Brent Crude Oil;D;20121122;000000;110.35;16818
@Brent Crude Oil;D;20121123;000000;111.39;18123
@Brent Crude Oil;D;20121124;000000;111.39;1
@Brent Crude Oil;D;20121125;000000;111.38;1
@Brent Crude Oil;D;20121126;000000;110.86;23207
@Brent Crude Oil;D;20121127;000000;109.8;27693
@Brent Crude Oil;D;20121128;000000;109.58;30149
@Brent Crude Oil;D;20121129;000000;110.58;30228
@Brent Crude Oil;D;20121130;000000;111.15;25852
@Brent Crude Oil;D;20121201;000000;111.19;1603
@Brent Crude Oil;D;20121202;000000;111.23;1
@Brent Crude Oil;D;20121203;000000;110.82;25863
@Brent Crude Oil;D;20121204;000000;109.83;30405
@Brent Crude Oil;D;20121205;000000;108.77;26179
@Brent Crude Oil;D;20121206;000000;106.83;30132
@Brent Crude Oil;D;20121207;000000;107.03;27359
@Brent Crude Oil;D;20121208;000000;107.2;1232
@Brent Crude Oil;D;20121209;000000;107.02;2
@Brent Crude Oil;D;20121210;000000;106.26;23291
@Brent Crude Oil;D;20121211;000000;106.7;23125
@Brent Crude Oil;D;20121212;000000;108.2;25683
@Brent Crude Oil;D;20121213;000000;106.6;25293
@Brent Crude Oil;D;20121214;000000;108.1;25479
@Brent Crude Oil;D;20121215;000000;108.4;1844
@Brent Crude Oil;D;20121216;000000;108.18;76
@Brent Crude Oil;D;20121217;000000;107.96;22040
@Brent Crude Oil;D;20121218;000000;108.89;21046
@Brent Crude Oil;D;20121219;000000;110.43;24635
@Brent Crude Oil;D;20121220;000000;110.18;23761
@Brent Crude Oil;D;20121221;000000;108.95;24318
@Brent Crude Oil;D;20121222;000000;109.09;736
@Brent Crude Oil;D;20121223;000000;108.97;1
@Brent Crude Oil;D;20121224;000000;108.8;13784
@Brent Crude Oil;D;20121225;000000;108.8;2
@Brent Crude Oil;D;20121226;000000;111.19;14417
@Brent Crude Oil;D;20121227;000000;111.22;21274
@Brent Crude Oil;D;20121228;000000;110.64;20632
@Brent Crude Oil;D;20121229;000000;110.42;1271
@Brent Crude Oil;D;20130102;000000;112.31;19297
@Brent Crude Oil;D;20130103;000000;112.09;24865
@Brent Crude Oil;D;20130104;000000;111.2;29104
@Brent Crude Oil;D;20130105;000000;111.4;1246
@Brent Crude Oil;D;20130106;000000;111.31;3
@Brent Crude Oil;D;20130107;000000;111.42;23275
@Brent Crude Oil;D;20130108;000000;111.99;24895
@Brent Crude Oil;D;20130109;000000;111.75;26486
@Brent Crude Oil;D;20130110;000000;111.03;27539
@Brent Crude Oil;D;20130111;000000;109.83;30192
@Brent Crude Oil;D;20130112;000000;109.77;1093
@Brent Crude Oil;D;20130113;000000;109.84;1
@Brent Crude Oil;D;20130114;000000;111.12;24425
@Brent Crude Oil;D;20130115;000000;109.69;28065
@Brent Crude Oil;D;20130116;000000;109.71;29074
@Brent Crude Oil;D;20130117;000000;110.99;28204
@Brent Crude Oil;D;20130118;000000;111.89;26629
@Brent Crude Oil;D;20130119;000000;111.8;1560
@Brent Crude Oil;D;20130120;000000;111.89;2
@Brent Crude Oil;D;20130121;000000;111.76;15506
@Brent Crude Oil;D;20130122;000000;112.48;26611
@Brent Crude Oil;D;20130123;000000;113.08;27589
@Brent Crude Oil;D;20130124;000000;113.28;28084
@Brent Crude Oil;D;20130125;000000;113.41;26002
@Brent Crude Oil;D;20130126;000000;113.45;1227
@Brent Crude Oil;D;20130127;000000;113.28;3
@Brent Crude Oil;D;20130128;000000;113.52;23993
@Brent Crude Oil;D;20130129;000000;114.17;26640
@Brent Crude Oil;D;20130130;000000;115.05;27584
@Brent Crude Oil;D;20130131;000000;115.55;26773
@Brent Crude Oil;D;20130201;000000;116.7;29189
@Brent Crude Oil;D;20130202;000000;116.5;1100
@Brent Crude Oil;D;20130203;000000;116.76;1
@Brent Crude Oil;D;20130204;000000;115.57;25088
@Brent Crude Oil;D;20130205;000000;116.54;27668
@Brent Crude Oil;D;20130206;000000;116.86;26746
@Brent Crude Oil;D;20130207;000000;117.3;28159
@Brent Crude Oil;D;20130208;000000;118.78;28549
@Brent Crude Oil;D;20130209;000000;118.92;1222
@Brent Crude Oil;D;20130210;000000;117.85;1
@Brent Crude Oil;D;20130211;000000;117.21;20997
@Brent Crude Oil;D;20130212;000000;117.72;24848
@Brent Crude Oil;D;20130213;000000;117.8;26428
@Brent Crude Oil;D;20130214;000000;118;25575
@Brent Crude Oil;D;20130215;000000;117.75;27423
@Brent Crude Oil;D;20130216;000000;117.93;1611
@Brent Crude Oil;D;20130217;000000;117.66;1
@Brent Crude Oil;D;20130218;000000;117.56;14646
@Brent Crude Oil;D;20130219;000000;117.28;20376
@Brent Crude Oil;D;20130220;000000;115.23;26674
@Brent Crude Oil;D;20130221;000000;113.69;32484
@Brent Crude Oil;D;20130222;000000;114.09;26793
@Brent Crude Oil;D;20130223;000000;114.26;1090
@Brent Crude Oil;D;20130224;000000;114.1;1
@Brent Crude Oil;D;20130225;000000;114.4;27732
@Brent Crude Oil;D;20130226;000000;112.63;33359
@Brent Crude Oil;D;20130227;000000;111.95;30490
@Brent Crude Oil;D;20130228;000000;111.12;31065
@Brent Crude Oil;D;20130301;000000;110.39;33099
@Brent Crude Oil;D;20130302;000000;110.65;1379
@Brent Crude Oil;D;20130303;000000;110.4;12
@Brent Crude Oil;D;20130304;000000;110.11;24651
@Brent Crude Oil;D;20130305;000000;111.68;25960
@Brent Crude Oil;D;20130306;000000;111.05;26753
@Brent Crude Oil;D;20130307;000000;111.07;25123
@Brent Crude Oil;D;20130308;000000;110.86;27145
@Brent Crude Oil;D;20130309;000000;110.64;1172
@Brent Crude Oil;D;20130310;000000;110.23;4
@Brent Crude Oil;D;20130311;000000;109.45;21795
@Brent Crude Oil;D;20130312;000000;109.25;24874
@Brent Crude Oil;D;20130313;000000;108.14;26575
@Brent Crude Oil;D;20130314;000000;109.16;27702
@Brent Crude Oil;D;20130315;000000;109.98;24464
@Brent Crude Oil;D;20130316;000000;110.05;642
@Brent Crude Oil;D;20130317;000000;109.82;14
@Brent Crude Oil;D;20130318;000000;109.29;27992
@Brent Crude Oil;D;20130319;000000;107.55;26612
@Brent Crude Oil;D;20130320;000000;108.64;25668
@Brent Crude Oil;D;20130321;000000;107.3;25899
@Brent Crude Oil;D;20130322;000000;107.63;23696
@Brent Crude Oil;D;20130323;000000;107.5;610
@Brent Crude Oil;D;20130324;000000;107.66;5
@Brent Crude Oil;D;20130325;000000;107.92;25534
@Brent Crude Oil;D;20130326;000000;109.32;26080
@Brent Crude Oil;D;20130327;000000;109.79;26647
@Brent Crude Oil;D;20130328;000000;109.9;26037
@Brent Crude Oil;D;20130329;000000;109.77;1051
@Brent Crude Oil;D;20130331;000000;110.02;4
@Brent Crude Oil;D;20130401;000000;110.94;20970
@Brent Crude Oil;D;20130402;000000;110.38;27272
@Brent Crude Oil;D;20130403;000000;107.15;29686
@Brent Crude Oil;D;20130404;000000;106.45;33261
@Brent Crude Oil;D;20130405;000000;104.39;28656
@Brent Crude Oil;D;20130406;000000;104.05;1374
@Brent Crude Oil;D;20130407;000000;104.12;12
@Brent Crude Oil;D;20130408;000000;104.95;25588
@Brent Crude Oil;D;20130409;000000;106.24;24235
@Brent Crude Oil;D;20130410;000000;105.72;27016
@Brent Crude Oil;D;20130411;000000;104.41;27562
@Brent Crude Oil;D;20130412;000000;102.95;33345
@Brent Crude Oil;D;20130413;000000;102.85;1155
@Brent Crude Oil;D;20130414;000000;103.04;4
@Brent Crude Oil;D;20130415;000000;99.76;40336
@Brent Crude Oil;D;20130416;000000;100;42903
@Brent Crude Oil;D;20130417;000000;97.7;37060
@Brent Crude Oil;D;20130418;000000;99.81;40566
@Brent Crude Oil;D;20130419;000000;99.4;29571
@Brent Crude Oil;D;20130420;000000;99.53;621
@Brent Crude Oil;D;20130421;000000;99.65;15
@Brent Crude Oil;D;20130422;000000;100.46;31186
@Brent Crude Oil;D;20130423;000000;100.4;33287
@Brent Crude Oil;D;20130424;000000;101.88;30737
@Brent Crude Oil;D;20130425;000000;103.08;32222
@Brent Crude Oil;D;20130426;000000;103.01;30673
@Brent Crude Oil;D;20130427;000000;102.85;625
@Brent Crude Oil;D;20130428;000000;103.16;2
@Brent Crude Oil;D;20130429;000000;103.75;26426
@Brent Crude Oil;D;20130430;000000;101.67;30073
@Brent Crude Oil;D;20130501;000000;99.81;32662
@Brent Crude Oil;D;20130502;000000;102.78;33276
@Brent Crude Oil;D;20130503;000000;104;31310
@Brent Crude Oil;D;20130504;000000;104.17;757
@Brent Crude Oil;D;20130505;000000;104.19;2
@Brent Crude Oil;D;20130506;000000;105.32;28400
@Brent Crude Oil;D;20130507;000000;104.14;28519
@Brent Crude Oil;D;20130508;000000;104.13;28832
@Brent Crude Oil;D;20130509;000000;103.89;27483
@Brent Crude Oil;D;20130510;000000;103.52;26684
@Brent Crude Oil;D;20130511;000000;103.38;542
@Brent Crude Oil;D;20130512;000000;103.65;1
@Brent Crude Oil;D;20130513;000000;102.5;25634
@Brent Crude Oil;D;20130514;000000;102.42;26890
@Brent Crude Oil;D;20130515;000000;103.57;30587
@Brent Crude Oil;D;20130516;000000;103.65;29088
@Brent Crude Oil;D;20130517;000000;104.58;27025
@Brent Crude Oil;D;20130518;000000;104.72;1311
@Brent Crude Oil;D;20130519;000000;104.64;45
@Brent Crude Oil;D;20130520;000000;104.69;24692
@Brent Crude Oil;D;20130521;000000;103.82;27170
@Brent Crude Oil;D;20130522;000000;102.45;30384
@Brent Crude Oil;D;20130523;000000;102.64;35581
@Brent Crude Oil;D;20130524;000000;102.64;25149
@Brent Crude Oil;D;20130525;000000;102.78;554
@Brent Crude Oil;D;20130526;000000;102.64;2
@Brent Crude Oil;D;20130527;000000;102.5;9784
@Brent Crude Oil;D;20130528;000000;104.43;30667
@Brent Crude Oil;D;20130529;000000;102.5;29862
@Brent Crude Oil;D;20130530;000000;102.16;31460
@Brent Crude Oil;D;20130531;000000;100.17;28652
@Brent Crude Oil;D;20130601;000000;100.15;626
@Brent Crude Oil;D;20130602;000000;100.39;7
@Brent Crude Oil;D;20130603;000000;102.06;33425
@Brent Crude Oil;D;20130604;000000;103.35;30749
@Brent Crude Oil;D;20130605;000000;102.89;29851
@Brent Crude Oil;D;20130606;000000;103.51;26789
@Brent Crude Oil;D;20130607;000000;104.72;28924
@Brent Crude Oil;D;20130608;000000;104.8;448
@Brent Crude Oil;D;20130609;000000;104.56;3
@Brent Crude Oil;D;20130610;000000;103.74;23389
@Brent Crude Oil;D;20130611;000000;102.92;29188
@Brent Crude Oil;D;20130612;000000;103.5;28676
@Brent Crude Oil;D;20130613;000000;104.88;30259
@Brent Crude Oil;D;20130614;000000;105.82;29762
@Brent Crude Oil;D;20130615;000000;105.84;597
@Brent Crude Oil;D;20130616;000000;105.93;2
@Brent Crude Oil;D;20130617;000000;105.59;26842
@Brent Crude Oil;D;20130618;000000;106;23865
@Brent Crude Oil;D;20130619;000000;105.73;25462
@Brent Crude Oil;D;20130620;000000;102;40669
@Brent Crude Oil;D;20130621;000000;100.84;34482
@Brent Crude Oil;D;20130622;000000;101.09;660
@Brent Crude Oil;D;20130623;000000;100.91;10
@Brent Crude Oil;D;20130624;000000;101.01;36276
@Brent Crude Oil;D;20130625;000000;101.18;31169
@Brent Crude Oil;D;20130626;000000;101.63;30691
@Brent Crude Oil;D;20130627;000000;102.66;30917
@Brent Crude Oil;D;20130628;000000;102.04;31366
@Brent Crude Oil;D;20130629;000000;101.99;980
@Brent Crude Oil;D;20130630;000000;102.16;18
@Brent Crude Oil;D;20130701;000000;102.96;31727
@Brent Crude Oil;D;20130702;000000;103.85;29651
@Brent Crude Oil;D;20130703;000000;105.65;37847
@Brent Crude Oil;D;20130704;000000;105.47;17584
@Brent Crude Oil;D;20130705;000000;107.58;29518
@Brent Crude Oil;D;20130706;000000;107.7;851
@Brent Crude Oil;D;20130707;000000;107.72;4
@Brent Crude Oil;D;20130708;000000;107;27690
@Brent Crude Oil;D;20130709;000000;107.81;24704
@Brent Crude Oil;D;20130710;000000;107.11;30810
@Brent Crude Oil;D;20130711;000000;106.87;29947
@Brent Crude Oil;D;20130712;000000;108.04;25867
@Brent Crude Oil;D;20130713;000000;108.2;789
@Brent Crude Oil;D;20130714;000000;107.93;8
@Brent Crude Oil;D;20130715;000000;108.1;27092
@Brent Crude Oil;D;20130716;000000;107.89;31899
@Brent Crude Oil;D;20130717;000000;108.69;30065
@Brent Crude Oil;D;20130718;000000;108.77;30466
@Brent Crude Oil;D;20130719;000000;108.48;29393
@Brent Crude Oil;D;20130720;000000;108.3;803
@Brent Crude Oil;D;20130721;000000;108.07;40
@Brent Crude Oil;D;20130722;000000;108.06;27992
@Brent Crude Oil;D;20130723;000000;108.45;25924
@Brent Crude Oil;D;20130724;000000;107.01;27244
@Brent Crude Oil;D;20130725;000000;107.79;27316
@Brent Crude Oil;D;20130726;000000;107.13;22887
@Brent Crude Oil;D;20130727;000000;107.19;598
@Brent Crude Oil;D;20130728;000000;107.17;18
@Brent Crude Oil;D;20130729;000000;107.52;25056
@Brent Crude Oil;D;20130730;000000;106.9;22416
@Brent Crude Oil;D;20130731;000000;107.7;28731
@Brent Crude Oil;D;20130801;000000;109.4;30198
@Brent Crude Oil;D;20130802;000000;108.82;26249
@Brent Crude Oil;D;20130803;000000;108.91;505
@Brent Crude Oil;D;20130804;000000;108.95;2
@Brent Crude Oil;D;20130805;000000;108.63;22230
@Brent Crude Oil;D;20130806;000000;108.06;27538
@Brent Crude Oil;D;20130807;000000;107.27;23619
@Brent Crude Oil;D;20130808;000000;106.86;21896
@Brent Crude Oil;D;20130809;000000;108.16;23461
@Brent Crude Oil;D;20130810;000000;106.87;525
@Brent Crude Oil;D;20130811;000000;106.87;4
@Brent Crude Oil;D;20130812;000000;107.84;22991
@Brent Crude Oil;D;20130813;000000;108.1;24700
@Brent Crude Oil;D;20130814;000000;108.92;24061
@Brent Crude Oil;D;20130815;000000;109.46;28419
@Brent Crude Oil;D;20130816;000000;110.54;25169
@Brent Crude Oil;D;20130817;000000;110.42;885
@Brent Crude Oil;D;20130818;000000;110.4;2
@Brent Crude Oil;D;20130819;000000;109.73;25391
@Brent Crude Oil;D;20130820;000000;110.01;31669
@Brent Crude Oil;D;20130821;000000;109.8;26697
@Brent Crude Oil;D;20130822;000000;109.91;23873
@Brent Crude Oil;D;20130823;000000;110.94;24386
@Brent Crude Oil;D;20130824;000000;111.05;538
@Brent Crude Oil;D;20130825;000000;111.04;2
@Brent Crude Oil;D;20130826;000000;111.14;19389
@Brent Crude Oil;D;20130827;000000;114.18;30910
@Brent Crude Oil;D;20130828;000000;115.95;40631
@Brent Crude Oil;D;20130829;000000;114.33;30296
@Brent Crude Oil;D;20130830;000000;114.19;31579
@Brent Crude Oil;D;20130831;000000;114.45;601
@Brent Crude Oil;D;20130901;000000;114.01;8
@Brent Crude Oil;D;20130902;000000;114.36;21606
@Brent Crude Oil;D;20130903;000000;115.71;28672
@Brent Crude Oil;D;20130904;000000;114.95;27105
@Brent Crude Oil;D;20130905;000000;115.35;22898
@Brent Crude Oil;D;20130906;000000;115.91;25356
@Brent Crude Oil;D;20130907;000000;115.83;648
@Brent Crude Oil;D;20130908;000000;116.12;2
@Brent Crude Oil;D;20130909;000000;113.19;26760
@Brent Crude Oil;D;20130910;000000;110.09;28499
@Brent Crude Oil;D;20130911;000000;110.31;24429
@Brent Crude Oil;D;20130912;000000;111.79;25221
@Brent Crude Oil;D;20130913;000000;111.76;25453
@Brent Crude Oil;D;20130914;000000;111.79;807
@Brent Crude Oil;D;20130915;000000;111.7;2
@Brent Crude Oil;D;20130916;000000;109.7;30602
@Brent Crude Oil;D;20130917;000000;107.76;26916
@Brent Crude Oil;D;20130918;000000;110.57;25400
@Brent Crude Oil;D;20130919;000000;108.63;27432
@Brent Crude Oil;D;20130920;000000;109.3;25512
@Brent Crude Oil;D;20130921;000000;109.35;485
@Brent Crude Oil;D;20130922;000000;109.22;2
@Brent Crude Oil;D;20130923;000000;108.06;22946
@Brent Crude Oil;D;20130924;000000;108.78;22915
@Brent Crude Oil;D;20130925;000000;108;25509
@Brent Crude Oil;D;20130926;000000;109.18;21741
@Brent Crude Oil;D;20130927;000000;108.24;23206
@Brent Crude Oil;D;20130928;000000;108.43;566
@Brent Crude Oil;D;20130929;000000;108.63;1
@Brent Crude Oil;D;20130930;000000;108.17;24968
@Brent Crude Oil;D;20131001;000000;107.64;24854
@Brent Crude Oil;D;20131002;000000;109.09;24761
@Brent Crude Oil;D;20131003;000000;108.74;28057
@Brent Crude Oil;D;20131004;000000;109.34;22329
@Brent Crude Oil;D;20131005;000000;109.5;311
@Brent Crude Oil;D;20131006;000000;109.46;4
@Brent Crude Oil;D;20131007;000000;109.62;25500
@Brent Crude Oil;D;20131008;000000;110.13;23039
@Brent Crude Oil;D;20131009;000000;108.95;23947
@Brent Crude Oil;D;20131010;000000;111.06;29918
@Brent Crude Oil;D;20131011;000000;110.46;26426
@Brent Crude Oil;D;20131012;000000;110.29;605
@Brent Crude Oil;D;20131013;000000;110.42;2
@Brent Crude Oil;D;20131014;000000;110.04;21962
@Brent Crude Oil;D;20131015;000000;109.06;25042
@Brent Crude Oil;D;20131016;000000;110.52;28071
@Brent Crude Oil;D;20131017;000000;108.98;29167
@Brent Crude Oil;D;20131018;000000;110.07;24808
@Brent Crude Oil;D;20131019;000000;109.94;706
@Brent Crude Oil;D;20131020;000000;109.94;20
@Brent Crude Oil;D;20131021;000000;109.89;24304
@Brent Crude Oil;D;20131022;000000;110.03;27703
@Brent Crude Oil;D;20131023;000000;107.49;32524
@Brent Crude Oil;D;20131024;000000;106.94;31593
@Brent Crude Oil;D;20131025;000000;107.11;27048
@Brent Crude Oil;D;20131026;000000;107.06;691
@Brent Crude Oil;D;20131027;000000;106.93;2
@Brent Crude Oil;D;20131028;000000;109.41;26825
@Brent Crude Oil;D;20131029;000000;108.84;24419
@Brent Crude Oil;D;20131030;000000;109.9;27372
@Brent Crude Oil;D;20131031;000000;108.79;26582
@Brent Crude Oil;D;20131101;000000;106.01;28080
@Brent Crude Oil;D;20131102;000000;105.91;813
@Brent Crude Oil;D;20131103;000000;105.91;4
@Brent Crude Oil;D;20131104;000000;106.12;25615
@Brent Crude Oil;D;20131105;000000;105.33;23855
@Brent Crude Oil;D;20131106;000000;105.08;24961
@Brent Crude Oil;D;20131107;000000;103.68;31245
@Brent Crude Oil;D;20131108;000000;105.05;29842
@Brent Crude Oil;D;20131109;000000;105.03;1636
@Brent Crude Oil;D;20131110;000000;105.03;3
@Brent Crude Oil;D;20131111;000000;106.15;23480
@Brent Crude Oil;D;20131112;000000;105.85;26764
@Brent Crude Oil;D;20131113;000000;107;28379
@Brent Crude Oil;D;20131114;000000;108.21;30901
@Brent Crude Oil;D;20131115;000000;108.42;23557
@Brent Crude Oil;D;20131116;000000;108.37;889
@Brent Crude Oil;D;20131117;000000;108.5;3
@Brent Crude Oil;D;20131118;000000;108.45;22862
@Brent Crude Oil;D;20131119;000000;106.94;26199
@Brent Crude Oil;D;20131120;000000;107.86;27514
@Brent Crude Oil;D;20131121;000000;110.04;27745
@Brent Crude Oil;D;20131122;000000;111.08;30204
@Brent Crude Oil;D;20131123;000000;110.61;1655
@Brent Crude Oil;D;20131124;000000;111.05;1
@Brent Crude Oil;D;20131125;000000;110.96;33288
@Brent Crude Oil;D;20131126;000000;110.95;25201
@Brent Crude Oil;D;20131127;000000;111.39;23907
@Brent Crude Oil;D;20131128;000000;110.95;13441
@Brent Crude Oil;D;20131129;000000;110.11;19004
@Brent Crude Oil;D;20131201;000000;109.69;1
@Brent Crude Oil;D;20131202;000000;111.58;28459
@Brent Crude Oil;D;20131203;000000;112.68;24657
@Brent Crude Oil;D;20131204;000000;111.66;31745
@Brent Crude Oil;D;20131205;000000;111.1;26009
@Brent Crude Oil;D;20131206;000000;111.54;23683
@Brent Crude Oil;D;20131207;000000;111.7;1066
@Brent Crude Oil;D;20131208;000000;111.61;4
@Brent Crude Oil;D;20131209;000000;109.42;21528
@Brent Crude Oil;D;20131210;000000;109.4;25108
@Brent Crude Oil;D;20131211;000000;109.53;21856
@Brent Crude Oil;D;20131212;000000;108.37;21945
@Brent Crude Oil;D;20131213;000000;108.27;23130
@Brent Crude Oil;D;20131214;000000;108.31;935
@Brent Crude Oil;D;20131215;000000;108.32;4
@Brent Crude Oil;D;20131216;000000;109.22;25952
@Brent Crude Oil;D;20131217;000000;108.28;22421
@Brent Crude Oil;D;20131218;000000;109.54;22777
@Brent Crude Oil;D;20131219;000000;110.18;22569
@Brent Crude Oil;D;20131220;000000;111.81;23553
@Brent Crude Oil;D;20131221;000000;111.74;1015
@Brent Crude Oil;D;20131222;000000;111.77;3
@Brent Crude Oil;D;20131223;000000;111.59;17157
@Brent Crude Oil;D;20131224;000000;112;12400
@Brent Crude Oil;D;20131225;000000;112;10
@Brent Crude Oil;D;20131226;000000;111.98;11312
@Brent Crude Oil;D;20131227;000000;112.16;17799
@Brent Crude Oil;D;20131228;000000;112.13;785
@Brent Crude Oil;D;20131229;000000;112.18;1
@Brent Crude Oil;D;20131230;000000;111.07;16899
@Brent Crude Oil;D;20131231;000000;110.9;16166
@Brent Crude Oil;D;20140101;000000;110.9;3
@Brent Crude Oil;D;20140102;000000;107.79;23279
@Brent Crude Oil;D;20140103;000000;106.92;24989
@Brent Crude Oil;D;20140104;000000;106.94;1079
@Brent Crude Oil;D;20140105;000000;106.89;2
@Brent Crude Oil;D;20140106;000000;107.1;22974
@Brent Crude Oil;D;20140107;000000;107.42;22046
@Brent Crude Oil;D;20140108;000000;107.32;21545
@Brent Crude Oil;D;20140109;000000;106.42;21923
@Brent Crude Oil;D;20140115;000000;106.31;22750
@Brent Crude Oil;D;20140116;000000;105.6;23727
@Brent Crude Oil;D;20140117;000000;106.41;23812
@Brent Crude Oil;D;20140118;000000;106.31;1074
@Brent Crude Oil;D;20140119;000000;106.48;2
@Brent Crude Oil;D;20140120;000000;106.31;14541
@Brent Crude Oil;D;20140121;000000;106.74;23509
@Brent Crude Oil;D;20140122;000000;108.31;21986
@Brent Crude Oil;D;20140123;000000;107.56;26064
@Brent Crude Oil;D;20140124;000000;107.94;28301
@Brent Crude Oil;D;20140125;000000;107.92;956
@Brent Crude Oil;D;20140126;000000;107.88;2
@Brent Crude Oil;D;20140127;000000;106.9;25183
@Brent Crude Oil;D;20140128;000000;107.46;22731
@Brent Crude Oil;D;20140129;000000;107.76;24218
@Brent Crude Oil;D;20140130;000000;107.94;22813
@Brent Crude Oil;D;20140131;000000;106.45;25654
@Brent Crude Oil;D;20140201;000000;106.37;1189
@Brent Crude Oil;D;20140202;000000;106.4;1
@Brent Crude Oil;D;20140203;000000;106.1;27100
@Brent Crude Oil;D;20140204;000000;105.92;24177
@Brent Crude Oil;D;20140205;000000;106.22;23094
@Brent Crude Oil;D;20140206;000000;107.2;10517
@Brent Crude Oil;D;20140207;000000;109.41;23703
@Brent Crude Oil;D;20140208;000000;109.53;1397
@Brent Crude Oil;D;20140209;000000;109.57;1
@Brent Crude Oil;D;20140210;000000;108.01;19876
@Brent Crude Oil;D;20140211;000000;108.14;20683
@Brent Crude Oil;D;20140212;000000;108.32;22461
@Brent Crude Oil;D;20140213;000000;108.5;22257
@Brent Crude Oil;D;20140214;000000;109.03;19741
@Brent Crude Oil;D;20140215;000000;108.95;877
@Brent Crude Oil;D;20140216;000000;109.08;2
@Brent Crude Oil;D;20140217;000000;109.03;11906
@Brent Crude Oil;D;20140218;000000;110.49;18553
@Brent Crude Oil;D;20140219;000000;110.66;21522
@Brent Crude Oil;D;20140220;000000;110.27;21046
@Brent Crude Oil;D;20140221;000000;109.7;19586
@Brent Crude Oil;D;20140222;000000;109.83;896
@Brent Crude Oil;D;20140223;000000;109.85;1
@Brent Crude Oil;D;20140224;000000;110.69;20722
@Brent Crude Oil;D;20140225;000000;109.55;21126
@Brent Crude Oil;D;20140226;000000;109.49;21638
@Brent Crude Oil;D;20140227;000000;108.99;22432
@Brent Crude Oil;D;20140228;000000;108.95;21167
@Brent Crude Oil;D;20140301;000000;109.14;1330
@Brent Crude Oil;D;20140302;000000;109.07;1
@Brent Crude Oil;D;20140303;000000;110.92;31241
@Brent Crude Oil;D;20140304;000000;109.09;26728
@Brent Crude Oil;D;20140305;000000;107.69;22303
@Brent Crude Oil;D;20140306;000000;108.27;25394
@Brent Crude Oil;D;20140307;000000;108.82;22030
@Brent Crude Oil;D;20140308;000000;108.76;1035
@Brent Crude Oil;D;20140309;000000;109;5
@Brent Crude Oil;D;20140310;000000;107.4;17333
@Brent Crude Oil;D;20140311;000000;107.7;19681
@Brent Crude Oil;D;20140312;000000;107.63;23850
@Brent Crude Oil;D;20140313;000000;106.91;22671
@Brent Crude Oil;D;20140314;000000;108.11;23604
@Brent Crude Oil;D;20140315;000000;108.5;592
@Brent Crude Oil;D;20140316;000000;108.21;6
@Brent Crude Oil;D;20140317;000000;106.31;20940
@Brent Crude Oil;D;20140318;000000;106.64;22222
@Brent Crude Oil;D;20140319;000000;105.89;24130
@Brent Crude Oil;D;20140320;000000;106.25;23199
@Brent Crude Oil;D;20140321;000000;106.99;22293
@Brent Crude Oil;D;20140322;000000;107.2;479
@Brent Crude Oil;D;20140323;000000;106.92;2
@Brent Crude Oil;D;20140324;000000;106.49;20749
@Brent Crude Oil;D;20140325;000000;106.85;20188
@Brent Crude Oil;D;20140326;000000;106.93;18876
@Brent Crude Oil;D;20140327;000000;107.61;21422
@Brent Crude Oil;D;20140328;000000;108.09;18497
@Brent Crude Oil;D;20140329;000000;107.97;524
@Brent Crude Oil;D;20140330;000000;108.07;1
@Brent Crude Oil;D;20140331;000000;107.76;19448
@Brent Crude Oil;D;20140401;000000;105.23;21758
@Brent Crude Oil;D;20140402;000000;104.65;29091
@Brent Crude Oil;D;20140403;000000;106.21;21362
@Brent Crude Oil;D;20140404;000000;106.69;21729
@Brent Crude Oil;D;20140405;000000;106.65;341
@Brent Crude Oil;D;20140406;000000;106.72;2
@Brent Crude Oil;D;20140407;000000;105.99;22561
@Brent Crude Oil;D;20140408;000000;107.52;20873
@Brent Crude Oil;D;20140409;000000;107.73;20560
@Brent Crude Oil;D;20140410;000000;107.42;18131
@Brent Crude Oil;D;20140411;000000;107.26;20128
@Brent Crude Oil;D;20140412;000000;107.15;371
@Brent Crude Oil;D;20140413;000000;107.4;0
@Brent Crude Oil;D;20140414;000000;108.93;25760
@Brent Crude Oil;D;20140415;000000;109.28;25271
@Brent Crude Oil;D;20140416;000000;109.58;25685
@Brent Crude Oil;D;20140417;000000;109.71;22967
@Brent Crude Oil;D;20140418;000000;109.76;449
@Brent Crude Oil;D;20140420;000000;109.53;0
@Brent Crude Oil;D;20140421;000000;109.88;13969
@Brent Crude Oil;D;20140422;000000;109.31;23129
@Brent Crude Oil;D;20140423;000000;109.16;21911
@Brent Crude Oil;D;20140424;000000;110.4;22592
@Brent Crude Oil;D;20140425;000000;109.41;22531
@Brent Crude Oil;D;20140426;000000;109.39;615
@Brent Crude Oil;D;20140427;000000;109.58;1
@Brent Crude Oil;D;20140428;000000;108.27;22856
@Brent Crude Oil;D;20140429;000000;108.81;21072
@Brent Crude Oil;D;20140430;000000;108.25;23384
@Brent Crude Oil;D;20140501;000000;107.85;21236
@Brent Crude Oil;D;20140502;000000;108.54;22643
@Brent Crude Oil;D;20140503;000000;108.9;977
@Brent Crude Oil;D;20140504;000000;108.59;1
@Brent Crude Oil;D;20140505;000000;107.62;19153
@Brent Crude Oil;D;20140506;000000;107;20743
@Brent Crude Oil;D;20140507;000000;108.18;23212
@Brent Crude Oil;D;20140508;000000;108.02;19252
@Brent Crude Oil;D;20140509;000000;107.93;20236
@Brent Crude Oil;D;20140510;000000;107.36;589
@Brent Crude Oil;D;20140511;000000;107.28;1
@Brent Crude Oil;D;20140512;000000;107.84;17620
@Brent Crude Oil;D;20140513;000000;108.61;17065
@Brent Crude Oil;D;20140514;000000;109.22;20785
@Brent Crude Oil;D;20140515;000000;109.05;21561
@Brent Crude Oil;D;20140516;000000;109.77;17970
@Brent Crude Oil;D;20140517;000000;109.68;499
@Brent Crude Oil;D;20140518;000000;109.75;0
@Brent Crude Oil;D;20140519;000000;109.35;18556
@Brent Crude Oil;D;20140520;000000;109.76;18271
@Brent Crude Oil;D;20140521;000000;110.3;21505
@Brent Crude Oil;D;20140522;000000;110.47;18052
@Brent Crude Oil;D;20140523;000000;110.57;14580
@Brent Crude Oil;D;20140524;000000;110.44;473
@Brent Crude Oil;D;20140525;000000;110.54;1
@Brent Crude Oil;D;20140526;000000;110.39;7359
@Brent Crude Oil;D;20140527;000000;110.05;19373
@Brent Crude Oil;D;20140528;000000;109.82;19440
@Brent Crude Oil;D;20140529;000000;110.13;18910
@Brent Crude Oil;D;20140530;000000;109.54;18881
@Brent Crude Oil;D;20140531;000000;109.49;621
@Brent Crude Oil;D;20140601;000000;109.41;0
@Brent Crude Oil;D;20140602;000000;108.86;19197
@Brent Crude Oil;D;20140603;000000;108.85;17413
@Brent Crude Oil;D;20140604;000000;108.31;19629
@Brent Crude Oil;D;20140605;000000;108.94;20116
@Brent Crude Oil;D;20140606;000000;108.74;16565
@Brent Crude Oil;D;20140607;000000;108.85;365
@Brent Crude Oil;D;20140608;000000;108.61;1
@Brent Crude Oil;D;20140609;000000;109.88;15732
@Brent Crude Oil;D;20140610;000000;109.1;19201
@Brent Crude Oil;D;20140611;000000;109.47;18153
@Brent Crude Oil;D;20140612;000000;112.63;31944
@Brent Crude Oil;D;20140613;000000;112.38;31672
@Brent Crude Oil;D;20140614;000000;112.44;938
@Brent Crude Oil;D;20140615;000000;112.46;0
@Brent Crude Oil;D;20140616;000000;112.89;21728
@Brent Crude Oil;D;20140617;000000;113.35;22013
@Brent Crude Oil;D;20140618;000000;114.23;24745
@Brent Crude Oil;D;20140619;000000;114.98;24538
@Brent Crude Oil;D;20140620;000000;114.68;19793
@Brent Crude Oil;D;20140621;000000;114.68;363
@Brent Crude Oil;D;20140622;000000;114.81;0
@Brent Crude Oil;D;20140623;000000;114.1;20926
@Brent Crude Oil;D;20140624;000000;114.41;22103
@Brent Crude Oil;D;20140625;000000;114.15;24535
@Brent Crude Oil;D;20140626;000000;113.1;20606
@Brent Crude Oil;D;20140627;000000;113.19;17682
@Brent Crude Oil;D;20140628;000000;113.18;276
@Brent Crude Oil;D;20140629;000000;113.3;0
@Brent Crude Oil;D;20140630;000000;112.39;20288
@Brent Crude Oil;D;20140701;000000;112.22;20690
@Brent Crude Oil;D;20140702;000000;110.94;22037
@Brent Crude Oil;D;20140703;000000;111.04;20647
@Brent Crude Oil;D;20140704;000000;110.58;9946
@Brent Crude Oil;D;20140706;000000;110.64;0
@Brent Crude Oil;D;20140707;000000;110.04;16981
@Brent Crude Oil;D;20140708;000000;109.01;21571
@Brent Crude Oil;D;20140709;000000;108.26;18474
@Brent Crude Oil;D;20140710;000000;108.98;20865
@Brent Crude Oil;D;20140711;000000;107.11;25602
@Brent Crude Oil;D;20140712;000000;107.25;610
@Brent Crude Oil;D;20140713;000000;107.26;0
@Brent Crude Oil;D;20140714;000000;107.67;24334
@Brent Crude Oil;D;20140715;000000;106.65;26899
@Brent Crude Oil;D;20140716;000000;107.07;24717
@Brent Crude Oil;D;20140717;000000;107.84;26258
@Brent Crude Oil;D;20140718;000000;107.11;24797
@Brent Crude Oil;D;20140719;000000;107.14;656
@Brent Crude Oil;D;20140720;000000;107.24;1
@Brent Crude Oil;D;20140721;000000;107.71;22813
@Brent Crude Oil;D;20140722;000000;107.35;23328
@Brent Crude Oil;D;20140723;000000;108.15;22723
@Brent Crude Oil;D;20140724;000000;107.22;21117
@Brent Crude Oil;D;20140725;000000;108.21;22513
@Brent Crude Oil;D;20140726;000000;108.13;425
@Brent Crude Oil;D;20140727;000000;108.39;1
@Brent Crude Oil;D;20140728;000000;107.51;17417
@Brent Crude Oil;D;20140729;000000;107.63;20164
@Brent Crude Oil;D;20140730;000000;106.06;21929
@Brent Crude Oil;D;20140731;000000;105.81;26115
@Brent Crude Oil;D;20140801;000000;104.59;24998
@Brent Crude Oil;D;20140802;000000;104.69;467
@Brent Crude Oil;D;20140803;000000;104.84;0
@Brent Crude Oil;D;20140804;000000;105.5;21508
@Brent Crude Oil;D;20140805;000000;104.61;21568
@Brent Crude Oil;D;20140806;000000;104.75;21597
@Brent Crude Oil;D;20140807;000000;105.76;24275
@Brent Crude Oil;D;20140808;000000;104.77;26160
@Brent Crude Oil;D;20140809;000000;104.67;339
@Brent Crude Oil;D;20140810;000000;105.62;1
@Brent Crude Oil;D;20140811;000000;105.27;19433
@Brent Crude Oil;D;20140812;000000;103.75;24217
@Brent Crude Oil;D;20140813;000000;104.88;26553
@Brent Crude Oil;D;20140814;000000;102.12;28221
@Brent Crude Oil;D;20140815;000000;103.14;23133
@Brent Crude Oil;D;20140816;000000;103.4;378
@Brent Crude Oil;D;20140817;000000;103.53;0
@Brent Crude Oil;D;20140818;000000;101.73;21603
@Brent Crude Oil;D;20140819;000000;101.56;21796
@Brent Crude Oil;D;20140820;000000;102.29;21164
@Brent Crude Oil;D;20140821;000000;102.71;21315
@Brent Crude Oil;D;20140822;000000;102.25;18861
@Brent Crude Oil;D;20140823;000000;102.1;394
@Brent Crude Oil;D;20140824;000000;102.29;0
@Brent Crude Oil;D;20140825;000000;102.7;15413
@Brent Crude Oil;D;20140826;000000;102.48;19514
@Brent Crude Oil;D;20140827;000000;102.66;19232
@Brent Crude Oil;D;20140828;000000;102.54;22277
@Brent Crude Oil;D;20140829;000000;103.11;21652
@Brent Crude Oil;D;20140830;000000;103.04;437
@Brent Crude Oil;D;20140831;000000;103.19;1
@Brent Crude Oil;D;20140901;000000;102.6;11460
@Brent Crude Oil;D;20140902;000000;100.5;25211
@Brent Crude Oil;D;20140903;000000;102.41;27107
@Brent Crude Oil;D;20140904;000000;101.95;25185
@Brent Crude Oil;D;20140905;000000;100.89;23609
@Brent Crude Oil;D;20140906;000000;100.97;486
@Brent Crude Oil;D;20140907;000000;100.82;0
@Brent Crude Oil;D;20140908;000000;100.3;23397
@Brent Crude Oil;D;20140909;000000;99.27;22331
@Brent Crude Oil;D;20140910;000000;98.95;24419
@Brent Crude Oil;D;20140911;000000;98.95;25969
@Brent Crude Oil;D;20140912;000000;97.72;25076
@Brent Crude Oil;D;20140913;000000;97.8;1105
@Brent Crude Oil;D;20140914;000000;97.96;2
@Brent Crude Oil;D;20140915;000000;97.94;24965
@Brent Crude Oil;D;20140916;000000;98.92;22966
@Brent Crude Oil;D;20140917;000000;98.79;22905
@Brent Crude Oil;D;20140918;000000;97.66;20995
@Brent Crude Oil;D;20140919;000000;98.34;20867
@Brent Crude Oil;D;20140920;000000;98.38;541
@Brent Crude Oil;D;20140921;000000;98.39;0
@Brent Crude Oil;D;20140922;000000;96.93;22521
@Brent Crude Oil;D;20140923;000000;96.83;21737
@Brent Crude Oil;D;20140924;000000;97.18;22972
@Brent Crude Oil;D;20140925;000000;97.12;22960
@Brent Crude Oil;D;20140926;000000;96.99;21282
@Brent Crude Oil;D;20140927;000000;96.9;491
@Brent Crude Oil;D;20140928;000000;97;0
@Brent Crude Oil;D;20140929;000000;97.12;22206
@Brent Crude Oil;D;20140930;000000;94.82;22940
@Brent Crude Oil;D;20141001;000000;94.15;28008
@Brent Crude Oil;D;20141002;000000;93.64;32269
@Brent Crude Oil;D;20141003;000000;92.1;27691
@Brent Crude Oil;D;20141004;000000;92.25;593
@Brent Crude Oil;D;20141005;000000;92.31;1
@Brent Crude Oil;D;20141006;000000;93.04;23819
@Brent Crude Oil;D;20141007;000000;91.94;24722
@Brent Crude Oil;D;20141008;000000;91.64;26802
@Brent Crude Oil;D;20141009;000000;89.54;24257
@Brent Crude Oil;D;20141010;000000;90.2;35153
@Brent Crude Oil;D;20141011;000000;90.27;633
@Brent Crude Oil;D;20141012;000000;90.58;0
@Brent Crude Oil;D;20141013;000000;88.65;29711
@Brent Crude Oil;D;20141014;000000;85.4;33623
@Brent Crude Oil;D;20141015;000000;84.11;39998
@Brent Crude Oil;D;20141016;000000;85.6;40845
@Brent Crude Oil;D;20141017;000000;86.23;34711
@Brent Crude Oil;D;20141018;000000;86.1;815
@Brent Crude Oil;D;20141019;000000;86.16;1
@Brent Crude Oil;D;20141020;000000;85.43;28480
@Brent Crude Oil;D;20141021;000000;86.26;28005
@Brent Crude Oil;D;20141022;000000;84.67;29137
@Brent Crude Oil;D;20141023;000000;86.78;31537
@Brent Crude Oil;D;20141024;000000;86.28;26163
@Brent Crude Oil;D;20141025;000000;86.25;656
@Brent Crude Oil;D;20141026;000000;86.13;0
@Brent Crude Oil;D;20141027;000000;85.37;26338
@Brent Crude Oil;D;20141028;000000;86.2;24063
@Brent Crude Oil;D;20141029;000000;86.89;27961
@Brent Crude Oil;D;20141030;000000;86.04;24368
@Brent Crude Oil;D;20141031;000000;85.87;25614
@Brent Crude Oil;D;20141101;000000;85.96;59
@Brent Crude Oil;D;20141102;000000;85.86;0
@Brent Crude Oil;D;20141103;000000;84.3;27975
@Brent Crude Oil;D;20141104;000000;82.63;36094
@Brent Crude Oil;D;20141105;000000;83.26;33787
@Brent Crude Oil;D;20141106;000000;82.77;29432
@Brent Crude Oil;D;20141107;000000;83.03;28204
@Brent Crude Oil;D;20141108;000000;83.15;592
@Brent Crude Oil;D;20141109;000000;83.39;1
@Brent Crude Oil;D;20141110;000000;82.78;24080
@Brent Crude Oil;D;20141111;000000;81.91;25797
@Brent Crude Oil;D;20141112;000000;80.55;26607
@Brent Crude Oil;D;20141113;000000;77.94;33842
@Brent Crude Oil;D;20141114;000000;79.63;32595
@Brent Crude Oil;D;20141115;000000;79.58;257
@Brent Crude Oil;D;20141116;000000;79.41;0
@Brent Crude Oil;D;20141117;000000;79.1;27277
@Brent Crude Oil;D;20141118;000000;78.4;24346
@Brent Crude Oil;D;20141119;000000;78.21;25656
@Brent Crude Oil;D;20141120;000000;79.3;25132
@Brent Crude Oil;D;20141121;000000;80.53;31663
@Brent Crude Oil;D;20141122;000000;80.36;666
@Brent Crude Oil;D;20141123;000000;80.36;1
@Brent Crude Oil;D;20141124;000000;79.6;23912
@Brent Crude Oil;D;20141125;000000;78.15;27565
@Brent Crude Oil;D;20141126;000000;77.59;30107
@Brent Crude Oil;D;20141127;000000;72.82;33146
@Brent Crude Oil;D;20141128;000000;70.02;35841
@Brent Crude Oil;D;20141129;000000;70.02;5
@Brent Crude Oil;D;20141130;000000;70.15;0
@Brent Crude Oil;D;20141201;000000;72.93;43693
@Brent Crude Oil;D;20141202;000000;70.88;33562
@Brent Crude Oil;D;20141203;000000;69.99;29413
@Brent Crude Oil;D;20141204;000000;69.49;26981
@Brent Crude Oil;D;20141205;000000;68.79;23573
@Brent Crude Oil;D;20141206;000000;68.94;582
@Brent Crude Oil;D;20141207;000000;69.07;1
@Brent Crude Oil;D;20141208;000000;66.18;24848
@Brent Crude Oil;D;20141209;000000;66.79;28700
@Brent Crude Oil;D;20141210;000000;64.95;26184
@Brent Crude Oil;D;20141211;000000;63.97;25418
@Brent Crude Oil;D;20141212;000000;61.99;30639
@Brent Crude Oil;D;20141213;000000;61.92;710
@Brent Crude Oil;D;20141214;000000;62.15;0
@Brent Crude Oil;D;20141215;000000;60.62;34715
@Brent Crude Oil;D;20141216;000000;59.98;38258
@Brent Crude Oil;D;20141217;000000;60.73;37191
@Brent Crude Oil;D;20141218;000000;59.57;36023
@Brent Crude Oil;D;20141219;000000;62.2;32137
@Brent Crude Oil;D;20141220;000000;62.15;1533
@Brent Crude Oil;D;20141221;000000;61.38;0
@Brent Crude Oil;D;20141222;000000;60.03;32262
@Brent Crude Oil;D;20141223;000000;61.57;28469
@Brent Crude Oil;D;20141224;000000;60.15;24072
@Brent Crude Oil;D;20141225;000000;60.15;0
@Brent Crude Oil;D;20141226;000000;59.54;16349
@Brent Crude Oil;D;20141227;000000;59.52;616
@Brent Crude Oil;D;20141228;000000;59.45;0
@Brent Crude Oil;D;20141229;000000;57.92;25568
@Brent Crude Oil;D;20141230;000000;57.49;25862
@Brent Crude Oil;D;20141231;000000;57.55;26620
@Brent Crude Oil;D;20150101;000000;57.55;1
@Brent Crude Oil;D;20150102;000000;56.32;30322
@Brent Crude Oil;D;20150103;000000;56.51;517
@Brent Crude Oil;D;20150104;000000;56.42;0
@Brent Crude Oil;D;20150105;000000;52.8;35208
@Brent Crude Oil;D;20150106;000000;50.82;36500
@Brent Crude Oil;D;20150107;000000;50.93;37368
@Brent Crude Oil;D;20150108;000000;51.1;31956
@Brent Crude Oil;D;20150109;000000;50.02;32469
@Brent Crude Oil;D;20150110;000000;51.28;788
@Brent Crude Oil;D;20150111;000000;51.3;0
@Brent Crude Oil;D;20150112;000000;48.65;31162
@Brent Crude Oil;D;20150113;000000;48.33;40238
@Brent Crude Oil;D;20150114;000000;49.72;36253
@Brent Crude Oil;D;20150115;000000;48.12;43527
@Brent Crude Oil;D;20150116;000000;50;37677
@Brent Crude Oil;D;20150117;000000;49.9;1065
@Brent Crude Oil;D;20150118;000000;50.17;0
@Brent Crude Oil;D;20150119;000000;48.9;23911
@Brent Crude Oil;D;20150120;000000;48.19;31439
@Brent Crude Oil;D;20150121;000000;48.82;29656
@Brent Crude Oil;D;20150122;000000;48.82;33406
@Brent Crude Oil;D;20150123;000000;48.73;33294
@Brent Crude Oil;D;20150124;000000;48.55;873
@Brent Crude Oil;D;20150125;000000;48.79;1
@Brent Crude Oil;D;20150126;000000;48.08;31255
@Brent Crude Oil;D;20150127;000000;49.21;28948
@Brent Crude Oil;D;20150128;000000;48.45;28765
@Brent Crude Oil;D;20150129;000000;49.1;26214
@Brent Crude Oil;D;20150130;000000;52.28;30536
@Brent Crude Oil;D;20150131;000000;52.95;1485
@Brent Crude Oil;D;20150201;000000;52.99;1
@Brent Crude Oil;D;20150202;000000;54.82;40078
@Brent Crude Oil;D;20150203;000000;57.64;40961
@Brent Crude Oil;D;20150204;000000;54.82;37863
@Brent Crude Oil;D;20150205;000000;56.84;39449
@Brent Crude Oil;D;20150206;000000;58.06;37986
@Brent Crude Oil;D;20150207;000000;58.16;900
@Brent Crude Oil;D;20150208;000000;57.8;0
@Brent Crude Oil;D;20150209;000000;58.2;31568
@Brent Crude Oil;D;20150210;000000;58;30607
@Brent Crude Oil;D;20150211;000000;56.35;32735
@Brent Crude Oil;D;20150212;000000;59.28;35061
@Brent Crude Oil;D;20150213;000000;61.36;35602
@Brent Crude Oil;D;20150214;000000;61.41;547
@Brent Crude Oil;D;20150215;000000;61.52;1
@Brent Crude Oil;D;20150216;000000;61.57;23990
@Brent Crude Oil;D;20150217;000000;62.17;32204
@Brent Crude Oil;D;20150218;000000;60.03;31681
@Brent Crude Oil;D;20150219;000000;60.16;35033
@Brent Crude Oil;D;20150220;000000;60.08;28548
@Brent Crude Oil;D;20150221;000000;60.1;565
@Brent Crude Oil;D;20150222;000000;60.22;0
@Brent Crude Oil;D;20150223;000000;58.92;32350
@Brent Crude Oil;D;20150224;000000;58.62;29494
@Brent Crude Oil;D;20150225;000000;61.65;30407
@Brent Crude Oil;D;20150226;000000;60.61;34360
@Brent Crude Oil;D;20150227;000000;62.07;30245
@Brent Crude Oil;D;20150228;000000;62.48;806
@Brent Crude Oil;D;20150301;000000;62.58;0
@Brent Crude Oil;D;20150302;000000;59.86;32310
@Brent Crude Oil;D;20150303;000000;61.05;32245
@Brent Crude Oil;D;20150304;000000;60.33;29835
@Brent Crude Oil;D;20150305;000000;60.66;28619
@Brent Crude Oil;D;20150306;000000;59.82;26163
@Brent Crude Oil;D;20150307;000000;59.86;697
@Brent Crude Oil;D;20150308;000000;59.73;0
@Brent Crude Oil;D;20150309;000000;58.51;24447
@Brent Crude Oil;D;20150310;000000;57;26537
@Brent Crude Oil;D;20150311;000000;58.22;25931
@Brent Crude Oil;D;20150312;000000;57.26;26920
@Brent Crude Oil;D;20150313;000000;54.77;29092
@Brent Crude Oil;D;20150314;000000;54.89;213
@Brent Crude Oil;D;20150315;000000;55.01;0
@Brent Crude Oil;D;20150316;000000;54.15;32640
@Brent Crude Oil;D;20150317;000000;53.27;29544
@Brent Crude Oil;D;20150318;000000;56.19;30785
@Brent Crude Oil;D;20150319;000000;54.38;29573
@Brent Crude Oil;D;20150320;000000;55.2;27199
@Brent Crude Oil;D;20150321;000000;55.22;113
@Brent Crude Oil;D;20150322;000000;55.32;0
@Brent Crude Oil;D;20150323;000000;55.81;25827
@Brent Crude Oil;D;20150324;000000;55.31;27582
@Brent Crude Oil;D;20150325;000000;56.36;28016
@Brent Crude Oil;D;20150326;000000;59.07;40846
@Brent Crude Oil;D;20150327;000000;56.18;29431
@Brent Crude Oil;D;20150328;000000;56.12;393
@Brent Crude Oil;D;20150329;000000;56.41;0
@Brent Crude Oil;D;20150330;000000;56.47;29429
@Brent Crude Oil;D;20150331;000000;55.21;29304
@Brent Crude Oil;D;20150401;000000;56.72;30078
@Brent Crude Oil;D;20150402;000000;55.18;33072
@Brent Crude Oil;D;20150403;000000;55.13;273
@Brent Crude Oil;D;20150405;000000;54.95;0
@Brent Crude Oil;D;20150406;000000;57.78;23305
@Brent Crude Oil;D;20150407;000000;58.33;26149
@Brent Crude Oil;D;20150408;000000;56.1;27410
@Brent Crude Oil;D;20150409;000000;56.83;25671
@Brent Crude Oil;D;20150410;000000;58.98;25967
@Brent Crude Oil;D;20150411;000000;59.1;76
@Brent Crude Oil;D;20150412;000000;58.95;0
@Brent Crude Oil;D;20150413;000000;59.13;28582
@Brent Crude Oil;D;20150414;000000;60.16;27117
@Brent Crude Oil;D;20150415;000000;62.88;31750
@Brent Crude Oil;D;20150416;000000;63.73;27669
@Brent Crude Oil;D;20150417;000000;63.71;27179
@Brent Crude Oil;D;20150418;000000;63.72;125
@Brent Crude Oil;D;20150419;000000;63.45;0
@Brent Crude Oil;D;20150420;000000;63.5;28208
@Brent Crude Oil;D;20150421;000000;61.77;26538
@Brent Crude Oil;D;20150422;000000;62.68;28158
@Brent Crude Oil;D;20150423;000000;64.8;31316
@Brent Crude Oil;D;20150424;000000;65.37;27690
@Brent Crude Oil;D;20150425;000000;65.49;178
@Brent Crude Oil;D;20150426;000000;65.28;0
@Brent Crude Oil;D;20150427;000000;64.52;24323
@Brent Crude Oil;D;20150428;000000;64.61;25497
@Brent Crude Oil;D;20150429;000000;65.57;26158
@Brent Crude Oil;D;20150430;000000;66.84;29263
@Brent Crude Oil;D;20150501;000000;66.51;22831
@Brent Crude Oil;D;20150502;000000;66.51;315
@Brent Crude Oil;D;20150503;000000;66.46;0
@Brent Crude Oil;D;20150504;000000;66.49;19710
@Brent Crude Oil;D;20150505;000000;67.64;27350
@Brent Crude Oil;D;20150506;000000;67.46;28240
@Brent Crude Oil;D;20150507;000000;65.66;30018
@Brent Crude Oil;D;20150508;000000;65.5;27640
@Brent Crude Oil;D;20150509;000000;65.59;330
@Brent Crude Oil;D;20150510;000000;66.16;0
@Brent Crude Oil;D;20150511;000000;65.63;24388
@Brent Crude Oil;D;20150512;000000;67.81;27847
@Brent Crude Oil;D;20150513;000000;66.98;29027
@Brent Crude Oil;D;20150514;000000;66.73;28210
@Brent Crude Oil;D;20150515;000000;66.98;28482
@Brent Crude Oil;D;20150516;000000;66.86;130
@Brent Crude Oil;D;20150517;000000;66.81;0
@Brent Crude Oil;D;20150518;000000;66.36;25506
@Brent Crude Oil;D;20150519;000000;64.36;29155
@Brent Crude Oil;D;20150520;000000;64.82;27316
@Brent Crude Oil;D;20150521;000000;66.51;27670
@Brent Crude Oil;D;20150522;000000;65.55;22843
@Brent Crude Oil;D;20150523;000000;65.57;64
@Brent Crude Oil;D;20150524;000000;65.37;0
@Brent Crude Oil;D;20150525;000000;65.9;11888
@Brent Crude Oil;D;20150526;000000;63.96;26520
@Brent Crude Oil;D;20150527;000000;62.33;29765
@Brent Crude Oil;D;20150528;000000;62.89;27466
@Brent Crude Oil;D;20150529;000000;65.5;30539
@Brent Crude Oil;D;20150530;000000;65.45;150
@Brent Crude Oil;D;20150531;000000;65.56;0
@Brent Crude Oil;D;20150601;000000;64.9;28158
@Brent Crude Oil;D;20150602;000000;65.38;30627
@Brent Crude Oil;D;20150603;000000;63.7;31185
@Brent Crude Oil;D;20150604;000000;62.13;30134
@Brent Crude Oil;D;20150605;000000;63.2;32276
@Brent Crude Oil;D;20150606;000000;63.23;215
@Brent Crude Oil;D;20150607;000000;63.31;0
@Brent Crude Oil;D;20150608;000000;62.77;27039
@Brent Crude Oil;D;20150609;000000;65.15;27276
@Brent Crude Oil;D;20150610;000000;66.23;31201
@Brent Crude Oil;D;20150611;000000;65.52;26362
@Brent Crude Oil;D;20150612;000000;64.69;26801
@Brent Crude Oil;D;20150613;000000;64.52;121
@Brent Crude Oil;D;20150614;000000;64.64;0
@Brent Crude Oil;D;20150615;000000;63.82;29622
@Brent Crude Oil;D;20150616;000000;63.75;29060
@Brent Crude Oil;D;20150617;000000;63.78;30671
@Brent Crude Oil;D;20150618;000000;64.24;26969
@Brent Crude Oil;D;20150619;000000;62.85;26805
@Brent Crude Oil;D;20150620;000000;62.75;141
@Brent Crude Oil;D;20150621;000000;63.02;0
@Brent Crude Oil;D;20150622;000000;63.36;26854
@Brent Crude Oil;D;20150623;000000;64.47;28593
@Brent Crude Oil;D;20150624;000000;63.58;28676
@Brent Crude Oil;D;20150625;000000;63.31;25430
@Brent Crude Oil;D;20150626;000000;63.17;23983
@Brent Crude Oil;D;20150627;000000;63.05;92
@Brent Crude Oil;D;20150628;000000;63.26;0
@Brent Crude Oil;D;20150629;000000;62;32560
@Brent Crude Oil;D;20150630;000000;63.26;28731
@Brent Crude Oil;D;20150701;000000;62.04;28086
@Brent Crude Oil;D;20150702;000000;61.84;26488
@Brent Crude Oil;D;20150703;000000;60.55;16889
@Brent Crude Oil;D;20150704;000000;60.55;0
@Brent Crude Oil;D;20150705;000000;60.32;0
@Brent Crude Oil;D;20150706;000000;56.72;36824
@Brent Crude Oil;D;20150707;000000;57.37;35413
@Brent Crude Oil;D;20150708;000000;57.31;32797
@Brent Crude Oil;D;20150709;000000;58.5;32402
@Brent Crude Oil;D;20150710;000000;59;24949
@Brent Crude Oil;D;20150711;000000;58.89;163
@Brent Crude Oil;D;20150712;000000;59;0
@Brent Crude Oil;D;20150713;000000;58.18;27374
@Brent Crude Oil;D;20150714;000000;58.87;32665
@Brent Crude Oil;D;20150715;000000;57.36;28036
@Brent Crude Oil;D;20150716;000000;57.02;29519
@Brent Crude Oil;D;20150717;000000;57.06;24987
@Brent Crude Oil;D;20150718;000000;57.01;73
@Brent Crude Oil;D;20150719;000000;57.1;0
@Brent Crude Oil;D;20150720;000000;56.51;25657
@Brent Crude Oil;D;20150721;000000;56.95;24561
@Brent Crude Oil;D;20150722;000000;56.06;26052
@Brent Crude Oil;D;20150723;000000;55.45;26599
@Brent Crude Oil;D;20150724;000000;54.64;26116
@Brent Crude Oil;D;20150725;000000;54.56;139
@Brent Crude Oil;D;20150726;000000;54.62;0
@Brent Crude Oil;D;20150727;000000;52.91;26637
@Brent Crude Oil;D;20150728;000000;53.01;28446
@Brent Crude Oil;D;20150729;000000;53.63;21773
@Brent Crude Oil;D;20150730;000000;53.36;25309
@Brent Crude Oil;D;20150731;000000;51.8;27610
@Brent Crude Oil;D;20150801;000000;52.21;327
@Brent Crude Oil;D;20150803;000000;49.66;31455
@Brent Crude Oil;D;20150804;000000;50.19;25459
@Brent Crude Oil;D;20150805;000000;49.62;25874
@Brent Crude Oil;D;20150806;000000;49.74;24522
@Brent Crude Oil;D;20150807;000000;48.56;24871
@Brent Crude Oil;D;20150808;000000;48.49;181
@Brent Crude Oil;D;20150809;000000;48.61;0
@Brent Crude Oil;D;20150810;000000;50.8;22918
@Brent Crude Oil;D;20150811;000000;49.72;24166
@Brent Crude Oil;D;20150812;000000;50.24;28853
@Brent Crude Oil;D;20150813;000000;49.62;28704
@Brent Crude Oil;D;20150814;000000;48.73;26995
@Brent Crude Oil;D;20150815;000000;48.77;197
@Brent Crude Oil;D;20150816;000000;49.19;0
@Brent Crude Oil;D;20150817;000000;48.67;26385
@Brent Crude Oil;D;20150818;000000;48.53;22410
@Brent Crude Oil;D;20150819;000000;46.87;27162
@Brent Crude Oil;D;20150820;000000;46.17;27586
@Brent Crude Oil;D;20150821;000000;45.31;28166
@Brent Crude Oil;D;20150822;000000;45.43;115
@Brent Crude Oil;D;20150823;000000;45.46;0
@Brent Crude Oil;D;20150824;000000;42.53;36879
@Brent Crude Oil;D;20150825;000000;43.46;34919
@Brent Crude Oil;D;20150826;000000;43.62;31380
@Brent Crude Oil;D;20150827;000000;47.57;32669
@Brent Crude Oil;D;20150828;000000;49.93;40305
@Brent Crude Oil;D;20150829;000000;49.93;310
@Brent Crude Oil;D;20150830;000000;50.05;0
@Brent Crude Oil;D;20150831;000000;52.92;36120
@Brent Crude Oil;D;20150901;000000;48.54;42979
@Brent Crude Oil;D;20150902;000000;50.39;38029
@Brent Crude Oil;D;20150903;000000;50.6;32777
@Brent Crude Oil;D;20150904;000000;49.27;29445
@Brent Crude Oil;D;20150905;000000;49.29;317
@Brent Crude Oil;D;20150906;000000;49.61;0
@Brent Crude Oil;D;20150907;000000;47.76;18763
@Brent Crude Oil;D;20150908;000000;49.35;30954
@Brent Crude Oil;D;20150909;000000;47.48;29884
@Brent Crude Oil;D;20150910;000000;49.64;30444
@Brent Crude Oil;D;20150911;000000;49.06;26764
@Brent Crude Oil;D;20150912;000000;49.08;112
@Brent Crude Oil;D;20150913;000000;49.04;0
@Brent Crude Oil;D;20150914;000000;47.49;24573
@Brent Crude Oil;D;20150915;000000;48.03;27687
@Brent Crude Oil;D;20150916;000000;49.89;26945
@Brent Crude Oil;D;20150917;000000;49.23;28869
@Brent Crude Oil;D;20150918;000000;47.74;28767
@Brent Crude Oil;D;20150919;000000;47.78;282
@Brent Crude Oil;D;20150920;000000;47.47;0
@Brent Crude Oil;D;20150921;000000;48.68;25043
@Brent Crude Oil;D;20150922;000000;49.21;25713
@Brent Crude Oil;D;20150923;000000;47.82;28005
@Brent Crude Oil;D;20150924;000000;48.28;27531
@Brent Crude Oil;D;20150925;000000;48.32;25655
@Brent Crude Oil;D;20150926;000000;48.34;340
@Brent Crude Oil;D;20150927;000000;48.6;0
@Brent Crude Oil;D;20150928;000000;47.35;24620
@Brent Crude Oil;D;20150929;000000;48.01;25744
@Brent Crude Oil;D;20150930;000000;48.55;27068
@Brent Crude Oil;D;20151001;000000;48.01;30062
@Brent Crude Oil;D;20151002;000000;48.18;29173
@Brent Crude Oil;D;20151003;000000;48.22;86
@Brent Crude Oil;D;20151004;000000;48.13;0
@Brent Crude Oil;D;20151005;000000;49.24;27030
@Brent Crude Oil;D;20151006;000000;52.18;30982
@Brent Crude Oil;D;20151007;000000;51.72;33696
@Brent Crude Oil;D;20151008;000000;53.33;31391
@Brent Crude Oil;D;20151009;000000;52.54;30578
@Brent Crude Oil;D;20151010;000000;52.91;277
@Brent Crude Oil;D;20151012;000000;50.66;30302
@Brent Crude Oil;D;20151013;000000;49.64;33461
@Brent Crude Oil;D;20151014;000000;49.48;31324
@Brent Crude Oil;D;20151015;000000;50.13;30331
@Brent Crude Oil;D;20151016;000000;50.48;27429
@Brent Crude Oil;D;20151017;000000;50.46;130
@Brent Crude Oil;D;20151019;000000;48.94;28331
@Brent Crude Oil;D;20151020;000000;48.5;27634
@Brent Crude Oil;D;20151021;000000;47.94;28719
@Brent Crude Oil;D;20151022;000000;48.3;25320
@Brent Crude Oil;D;20151023;000000;48.08;28875
@Brent Crude Oil;D;20151024;000000;47.99;117
@Brent Crude Oil;D;20151026;000000;47.35;24754
@Brent Crude Oil;D;20151027;000000;46.98;27377
@Brent Crude Oil;D;20151028;000000;49.18;28401
@Brent Crude Oil;D;20151029;000000;48.58;29403
@Brent Crude Oil;D;20151030;000000;49.44;27634
@Brent Crude Oil;D;20151031;000000;49.5;121
@Brent Crude Oil;D;20151101;000000;49.56;0
@Brent Crude Oil;D;20151102;000000;48.77;27074
@Brent Crude Oil;D;20151103;000000;50.48;30039
@Brent Crude Oil;D;20151104;000000;48.76;32080
@Brent Crude Oil;D;20151105;000000;48.09;28351
@Brent Crude Oil;D;20151106;000000;47.63;25270
@Brent Crude Oil;D;20151107;000000;47.66;439
@Brent Crude Oil;D;20151108;000000;47.42;0
@Brent Crude Oil;D;20151109;000000;47.26;26468
@Brent Crude Oil;D;20151110;000000;48.04;24257
@Brent Crude Oil;D;20151111;000000;46.68;27102
@Brent Crude Oil;D;20151112;000000;45.13;31464
@Brent Crude Oil;D;20151113;000000;44.47;30962
@Brent Crude Oil;D;20151114;000000;44.6;416
@Brent Crude Oil;D;20151115;000000;44.47;1
@Brent Crude Oil;D;20151116;000000;44.88;32813
@Brent Crude Oil;D;20151117;000000;43.69;31061
@Brent Crude Oil;D;20151118;000000;44.18;30805
@Brent Crude Oil;D;20151119;000000;44.11;27487
@Brent Crude Oil;D;20151120;000000;44.47;26951
@Brent Crude Oil;D;20151121;000000;44.48;484
@Brent Crude Oil;D;20151122;000000;44.66;4
@Brent Crude Oil;D;20151123;000000;44.91;29832
@Brent Crude Oil;D;20151124;000000;46.04;29660
@Brent Crude Oil;D;20151125;000000;46.24;28430
@Brent Crude Oil;D;20151126;000000;45.62;16011
@Brent Crude Oil;D;20151127;000000;44.87;20454
@Brent Crude Oil;D;20151129;000000;44.86;1
@Brent Crude Oil;D;20151130;000000;44.52;28590
@Brent Crude Oil;D;20151201;000000;44.31;30700
@Brent Crude Oil;D;20151202;000000;42.67;29602
@Brent Crude Oil;D;20151203;000000;43.87;33492
@Brent Crude Oil;D;20151204;000000;43.14;29876
@Brent Crude Oil;D;20151205;000000;43.22;493
@Brent Crude Oil;D;20151206;000000;43;1
@Brent Crude Oil;D;20151207;000000;40.79;30533
@Brent Crude Oil;D;20151208;000000;40.3;33602
@Brent Crude Oil;D;20151209;000000;40.29;31344
@Brent Crude Oil;D;20151210;000000;39.88;27610
@Brent Crude Oil;D;20151211;000000;38.28;28981
@Brent Crude Oil;D;20151212;000000;38.27;802
@Brent Crude Oil;D;20151213;000000;38.32;2
@Brent Crude Oil;D;20151214;000000;38.02;33090
@Brent Crude Oil;D;20151215;000000;38.52;34992
@Brent Crude Oil;D;20151216;000000;37.45;33337
@Brent Crude Oil;D;20151217;000000;36.86;27713
@Brent Crude Oil;D;20151218;000000;36.67;26094
@Brent Crude Oil;D;20151219;000000;36.55;346
@Brent Crude Oil;D;20151220;000000;36.88;6
@Brent Crude Oil;D;20151221;000000;36.22;25751
@Brent Crude Oil;D;20151222;000000;36.2;20835
@Brent Crude Oil;D;20151223;000000;37.77;22034
@Brent Crude Oil;D;20151224;000000;37.93;18021
@Brent Crude Oil;D;20151227;000000;37.89;1
@Brent Crude Oil;D;20151228;000000;36.57;18160
@Brent Crude Oil;D;20151229;000000;37.78;19853
@Brent Crude Oil;D;20151230;000000;36.57;20664
@Brent Crude Oil;D;20151231;000000;37.6;21501
@Brent Crude Oil;D;20160101;000000;37.6;1
@Brent Crude Oil;D;20160103;000000;37.28;1
@Brent Crude Oil;D;20160104;000000;37.35;33079
@Brent Crude Oil;D;20160105;000000;36.3;28637
@Brent Crude Oil;D;20160106;000000;34.33;31375
@Brent Crude Oil;D;20160107;000000;33.73;37203
@Brent Crude Oil;D;20160108;000000;33.38;32116
@Brent Crude Oil;D;20160109;000000;33.26;445
@Brent Crude Oil;D;20160110;000000;33.93;1
@Brent Crude Oil;D;20160111;000000;31.6;31517
@Brent Crude Oil;D;20160112;000000;31.26;34754
@Brent Crude Oil;D;20160113;000000;30.33;40197
@Brent Crude Oil;D;20160114;000000;31.03;37199
@Brent Crude Oil;D;20160115;000000;29.16;37657
@Brent Crude Oil;D;20160116;000000;29.11;736
@Brent Crude Oil;D;20160117;000000;28.94;2
@Brent Crude Oil;D;20160118;000000;28.79;27687
@Brent Crude Oil;D;20160119;000000;28.85;35570
@Brent Crude Oil;D;20160120;000000;28.16;37468
@Brent Crude Oil;D;20160121;000000;29.55;40836
@Brent Crude Oil;D;20160122;000000;32.15;41440
@Brent Crude Oil;D;20160123;000000;32.08;852
@Brent Crude Oil;D;20160124;000000;32.18;2
@Brent Crude Oil;D;20160125;000000;30.03;41203
@Brent Crude Oil;D;20160126;000000;31.57;42146
@Brent Crude Oil;D;20160127;000000;32.76;36349
@Brent Crude Oil;D;20160128;000000;34.47;30941
@Brent Crude Oil;D;20160129;000000;34.74;22693
@Brent Crude Oil;D;20160131;000000;34.74;0
@Brent Crude Oil;D;20160201;000000;33.93;38245
@Brent Crude Oil;D;20160202;000000;32.6;38310
@Brent Crude Oil;D;20160203;000000;35.25;37475
@Brent Crude Oil;D;20160204;000000;34.47;40198
@Brent Crude Oil;D;20160205;000000;34.13;35333
@Brent Crude Oil;D;20160206;000000;34.13;358
@Brent Crude Oil;D;20160207;000000;34.06;2
@Brent Crude Oil;D;20160208;000000;32.98;30737
@Brent Crude Oil;D;20160209;000000;30.89;36369
@Brent Crude Oil;D;20160210;000000;30.93;36281
@Brent Crude Oil;D;20160211;000000;31.3;39467
@Brent Crude Oil;D;20160212;000000;32.75;39981
@Brent Crude Oil;D;20160213;000000;32.65;724
@Brent Crude Oil;D;20160214;000000;33.36;1
@Brent Crude Oil;D;20160215;000000;33.95;22811
@Brent Crude Oil;D;20160216;000000;32.31;40633
@Brent Crude Oil;D;20160217;000000;34.31;36927
@Brent Crude Oil;D;20160218;000000;33.83;35766
@Brent Crude Oil;D;20160219;000000;33.27;34322
@Brent Crude Oil;D;20160220;000000;33.12;550
@Brent Crude Oil;D;20160221;000000;33.01;2
@Brent Crude Oil;D;20160222;000000;34.77;29960
@Brent Crude Oil;D;20160223;000000;33.39;32926
@Brent Crude Oil;D;20160224;000000;34.47;35808
@Brent Crude Oil;D;20160225;000000;35.12;30458
@Brent Crude Oil;D;20160226;000000;35.23;29664
@Brent Crude Oil;D;20160227;000000;35.13;344
@Brent Crude Oil;D;20160228;000000;35.1;2
@Brent Crude Oil;D;20160229;000000;35.97;19832
@Brent Crude Oil;D;20160301;000000;36.85;32868
@Brent Crude Oil;D;20160302;000000;37.15;31916
@Brent Crude Oil;D;20160303;000000;37.16;29227
@Brent Crude Oil;D;20160304;000000;38.92;32877
@Brent Crude Oil;D;20160305;000000;38.93;583
@Brent Crude Oil;D;20160306;000000;38.72;2
@Brent Crude Oil;D;20160307;000000;40.76;36535
@Brent Crude Oil;D;20160308;000000;39.41;36369
@Brent Crude Oil;D;20160309;000000;40.89;35846
@Brent Crude Oil;D;20160310;000000;40.14;35796
@Brent Crude Oil;D;20160311;000000;40.4;30158
@Brent Crude Oil;D;20160312;000000;40.38;407
@Brent Crude Oil;D;20160313;000000;40.39;2
@Brent Crude Oil;D;20160314;000000;39.71;30086
@Brent Crude Oil;D;20160315;000000;38.96;30048
@Brent Crude Oil;D;20160316;000000;40.28;29665
@Brent Crude Oil;D;20160317;000000;41.46;32673
@Brent Crude Oil;D;20160318;000000;41.42;33961
@Brent Crude Oil;D;20160319;000000;41.46;84
@Brent Crude Oil;D;20160320;000000;41.2;1
@Brent Crude Oil;D;20160321;000000;41.54;27845
@Brent Crude Oil;D;20160322;000000;41.64;28495
@Brent Crude Oil;D;20160323;000000;40.51;26921
@Brent Crude Oil;D;20160324;000000;40.43;29448
@Brent Crude Oil;D;20160325;000000;40.45;172
@Brent Crude Oil;D;20160326;000000;40.44;1
@Brent Crude Oil;D;20160328;000000;40.17;18663
@Brent Crude Oil;D;20160329;000000;39.34;22281
@Brent Crude Oil;D;20160330;000000;39.19;20589
@Brent Crude Oil;D;20160331;000000;39.6;20393
@Brent Crude Oil;D;20160401;000000;38.62;31816
@Brent Crude Oil;D;20160402;000000;38.75;83
@Brent Crude Oil;D;20160403;000000;38.67;1
@Brent Crude Oil;D;20160404;000000;37.5;28901
@Brent Crude Oil;D;20160405;000000;38.4;29744
@Brent Crude Oil;D;20160406;000000;39.74;31183
@Brent Crude Oil;D;20160407;000000;39.65;30318
@Brent Crude Oil;D;20160408;000000;41.88;32622
@Brent Crude Oil;D;20160409;000000;41.94;72
@Brent Crude Oil;D;20160411;000000;42.77;31184
@Brent Crude Oil;D;20160412;000000;44.21;33520
@Brent Crude Oil;D;20160413;000000;43.87;33030
@Brent Crude Oil;D;20160414;000000;43.86;30245
@Brent Crude Oil;D;20160415;000000;43.08;30159
@Brent Crude Oil;D;20160416;000000;43.1;218
@Brent Crude Oil;D;20160418;000000;43.15;40952
@Brent Crude Oil;D;20160419;000000;44.01;33375
@Brent Crude Oil;D;20160420;000000;45.56;32640
@Brent Crude Oil;D;20160421;000000;44.76;35392
@Brent Crude Oil;D;20160422;000000;45.16;31942
@Brent Crude Oil;D;20160423;000000;45.11;239
@Brent Crude Oil;D;20160425;000000;44.8;29628
@Brent Crude Oil;D;20160426;000000;46.38;28569
@Brent Crude Oil;D;20160427;000000;47.22;25430
@Brent Crude Oil;D;20160428;000000;47.93;22078
@Brent Crude Oil;D;20160429;000000;48.13;17019
@Brent Crude Oil;D;20160430;000000;48.13;0
@Brent Crude Oil;D;20160501;000000;47.37;1
@Brent Crude Oil;D;20160502;000000;45.92;26198
@Brent Crude Oil;D;20160503;000000;45.22;33033
@Brent Crude Oil;D;20160504;000000;44.94;32556
@Brent Crude Oil;D;20160505;000000;45.2;33719
@Brent Crude Oil;D;20160506;000000;45.28;31810
@Brent Crude Oil;D;20160507;000000;45.37;59
@Brent Crude Oil;D;20160509;000000;43.52;34980
@Brent Crude Oil;D;20160510;000000;45.5;33134
@Brent Crude Oil;D;20160511;000000;47.3;32578
@Brent Crude Oil;D;20160512;000000;47.91;33726
@Brent Crude Oil;D;20160513;000000;47.86;30660
@Brent Crude Oil;D;20160514;000000;47.85;76
@Brent Crude Oil;D;20160515;000000;47.83;1
@Brent Crude Oil;D;20160516;000000;49.1;30338
@Brent Crude Oil;D;20160517;000000;49.55;31380
@Brent Crude Oil;D;20160518;000000;48.54;32339
@Brent Crude Oil;D;20160519;000000;48.85;34738
@Brent Crude Oil;D;20160520;000000;48.81;30041
@Brent Crude Oil;D;20160521;000000;48.74;138
@Brent Crude Oil;D;20160522;000000;48.72;2
@Brent Crude Oil;D;20160523;000000;48.36;26201
@Brent Crude Oil;D;20160524;000000;49.1;25313
@Brent Crude Oil;D;20160525;000000;49.88;26853
@Brent Crude Oil;D;20160526;000000;49.5;25064
@Brent Crude Oil;D;20160527;000000;49.49;19415
@Brent Crude Oil;D;20160528;000000;49.32;26
@Brent Crude Oil;D;20160530;000000;49.72;8223
@Brent Crude Oil;D;20160531;000000;49.69;15889
@Brent Crude Oil;D;20160601;000000;49.71;29167
@Brent Crude Oil;D;20160602;000000;49.94;28612
@Brent Crude Oil;D;20160603;000000;49.86;24465
@Brent Crude Oil;D;20160604;000000;49.64;47
@Brent Crude Oil;D;20160606;000000;50.52;24285
@Brent Crude Oil;D;20160607;000000;51.49;24371
@Brent Crude Oil;D;20160608;000000;52.72;27374
@Brent Crude Oil;D;20160609;000000;51.82;26293
@Brent Crude Oil;D;20160610;000000;50.39;28222
@Brent Crude Oil;D;20160611;000000;50.48;57
@Brent Crude Oil;D;20160612;000000;50.54;1
@Brent Crude Oil;D;20160613;000000;50.02;27349
@Brent Crude Oil;D;20160614;000000;49.22;25638
@Brent Crude Oil;D;20160615;000000;48.6;30221
@Brent Crude Oil;D;20160616;000000;47.05;30551
@Brent Crude Oil;D;20160617;000000;49.38;27857
@Brent Crude Oil;D;20160618;000000;49.17;54
@Brent Crude Oil;D;20160620;000000;50.4;25794
@Brent Crude Oil;D;20160621;000000;50.9;25873
@Brent Crude Oil;D;20160622;000000;49.82;27235
@Brent Crude Oil;D;20160623;000000;50.98;26956
@Brent Crude Oil;D;20160624;000000;48.44;42445
@Brent Crude Oil;D;20160625;000000;48.41;66
@Brent Crude Oil;D;20160627;000000;47.52;31906
@Brent Crude Oil;D;20160628;000000;48.74;24317
@Brent Crude Oil;D;20160629;000000;50.13;21069
@Brent Crude Oil;D;20160630;000000;49.68;17784
@Brent Crude Oil;D;20160701;000000;50.66;28663
@Brent Crude Oil;D;20160702;000000;50.35;89
@Brent Crude Oil;D;20160704;000000;50.04;15124
@Brent Crude Oil;D;20160705;000000;48.21;30244
@Brent Crude Oil;D;20160706;000000;49.28;34028
@Brent Crude Oil;D;20160707;000000;46.5;31373
@Brent Crude Oil;D;20160708;000000;46.55;28774
@Brent Crude Oil;D;20160709;000000;46.76;632
@Brent Crude Oil;D;20160711;000000;46.07;28046
@Brent Crude Oil;D;20160712;000000;48.22;32174
@Brent Crude Oil;D;20160713;000000;46.6;29567
@Brent Crude Oil;D;20160714;000000;47.16;29540
@Brent Crude Oil;D;20160715;000000;48;28480
@Brent Crude Oil;D;20160716;000000;47.61;723
@Brent Crude Oil;D;20160718;000000;46.96;27117
@Brent Crude Oil;D;20160719;000000;46.67;24799
@Brent Crude Oil;D;20160720;000000;47.11;24856
@Brent Crude Oil;D;20160721;000000;46.06;26651
@Brent Crude Oil;D;20160722;000000;45.75;25611
@Brent Crude Oil;D;20160723;000000;45.69;46
@Brent Crude Oil;D;20160725;000000;44.7;21243
@Brent Crude Oil;D;20160726;000000;44.57;25617
@Brent Crude Oil;D;20160727;000000;43.42;20608
@Brent Crude Oil;D;20160728;000000;42.61;21155
@Brent Crude Oil;D;20160729;000000;42.46;15855
@Brent Crude Oil;D;20160730;000000;42.46;0
@Brent Crude Oil;D;20160801;000000;42.24;25930
@Brent Crude Oil;D;20160802;000000;41.94;27546
@Brent Crude Oil;D;20160803;000000;43.44;26400
@Brent Crude Oil;D;20160804;000000;44.18;27788
@Brent Crude Oil;D;20160805;000000;44.45;26173
@Brent Crude Oil;D;20160806;000000;44.27;69
@Brent Crude Oil;D;20160808;000000;45.19;23747
@Brent Crude Oil;D;20160809;000000;44.99;23931
@Brent Crude Oil;D;20160810;000000;43.83;27294
@Brent Crude Oil;D;20160811;000000;45.97;29210
@Brent Crude Oil;D;20160812;000000;47.18;27908
@Brent Crude Oil;D;20160813;000000;46.97;54
@Brent Crude Oil;D;20160815;000000;48.3;23368
@Brent Crude Oil;D;20160816;000000;49.04;29238
@Brent Crude Oil;D;20160817;000000;49.81;28624
@Brent Crude Oil;D;20160818;000000;50.93;26296
@Brent Crude Oil;D;20160819;000000;50.83;25969
@Brent Crude Oil;D;20160820;000000;50.88;82
@Brent Crude Oil;D;20160822;000000;49.16;26268
@Brent Crude Oil;D;20160823;000000;49.49;27610
@Brent Crude Oil;D;20160824;000000;49.05;26040
@Brent Crude Oil;D;20160825;000000;49.68;22993
@Brent Crude Oil;D;20160826;000000;49.71;23565
@Brent Crude Oil;D;20160827;000000;49.92;87
@Brent Crude Oil;D;20160829;000000;49.23;16658
@Brent Crude Oil;D;20160830;000000;48.32;17699
@Brent Crude Oil;D;20160831;000000;47.04;11320
@Brent Crude Oil;D;20160901;000000;45.77;25336
@Brent Crude Oil;D;20160902;000000;46.64;27622
@Brent Crude Oil;D;20160903;000000;46.83;62
@Brent Crude Oil;D;20160905;000000;47.4;24806
@Brent Crude Oil;D;20160906;000000;47.36;25126
@Brent Crude Oil;D;20160907;000000;48.53;25642
@Brent Crude Oil;D;20160908;000000;49.69;27087
@Brent Crude Oil;D;20160909;000000;47.85;26261
@Brent Crude Oil;D;20160910;000000;47.88;62
@Brent Crude Oil;D;20160911;000000;48.01;2
@Brent Crude Oil;D;20160912;000000;48.16;31905
@Brent Crude Oil;D;20160913;000000;47.16;31430
@Brent Crude Oil;D;20160914;000000;46;29149
@Brent Crude Oil;D;20160915;000000;46.34;30797
@Brent Crude Oil;D;20160916;000000;46.01;27063
@Brent Crude Oil;D;20160917;000000;45.77;26
@Brent Crude Oil;D;20160919;000000;45.9;25293
@Brent Crude Oil;D;20160920;000000;46.14;28180
@Brent Crude Oil;D;20160921;000000;47.12;26227
@Brent Crude Oil;D;20160922;000000;47.53;24211
@Brent Crude Oil;D;20160923;000000;46;29017
@Brent Crude Oil;D;20160924;000000;45.89;35
@Brent Crude Oil;D;20160926;000000;46.96;25636
@Brent Crude Oil;D;20160927;000000;46.29;26356
@Brent Crude Oil;D;20160928;000000;48.77;27502
@Brent Crude Oil;D;20160929;000000;49.12;23800
@Brent Crude Oil;D;20160930;000000;49.06;14984
@Brent Crude Oil;D;20161001;000000;49.99;52
@Brent Crude Oil;D;20161002;000000;50.19;1
@Brent Crude Oil;D;20161003;000000;50.81;27647
@Brent Crude Oil;D;20161004;000000;51.26;29633
@Brent Crude Oil;D;20161005;000000;51.71;25400
@Brent Crude Oil;D;20161006;000000;52.64;26035
@Brent Crude Oil;D;20161007;000000;51.69;27757
@Brent Crude Oil;D;20161008;000000;51.69;110
@Brent Crude Oil;D;20161009;000000;51.93;3
@Brent Crude Oil;D;20161010;000000;52.92;26933
@Brent Crude Oil;D;20161011;000000;52.56;28940
@Brent Crude Oil;D;20161012;000000;51.74;26796
@Brent Crude Oil;D;20161013;000000;51.97;26728
@Brent Crude Oil;D;20161014;000000;52;27164
@Brent Crude Oil;D;20161015;000000;52;154
@Brent Crude Oil;D;20161016;000000;51.95;30
@Brent Crude Oil;D;20161017;000000;51.63;23494
@Brent Crude Oil;D;20161018;000000;52.11;22457
@Brent Crude Oil;D;20161019;000000;52.56;23437
@Brent Crude Oil;D;20161020;000000;51.42;24369
@Brent Crude Oil;D;20161021;000000;51.94;24758
@Brent Crude Oil;D;20161022;000000;51.78;19
@Brent Crude Oil;D;20161024;000000;51.42;24503
@Brent Crude Oil;D;20161025;000000;50.24;25165
@Brent Crude Oil;D;20161026;000000;49.95;26700
@Brent Crude Oil;D;20161027;000000;50.34;20738
@Brent Crude Oil;D;20161028;000000;49.69;17605
@Brent Crude Oil;D;20161029;000000;49.71;27
@Brent Crude Oil;D;20161031;000000;48.3;14881
@Brent Crude Oil;D;20161101;000000;47.92;35405
@Brent Crude Oil;D;20161102;000000;47.09;29758
@Brent Crude Oil;D;20161103;000000;46.34;27614
@Brent Crude Oil;D;20161104;000000;45.57;28859
@Brent Crude Oil;D;20161105;000000;45.58;88
@Brent Crude Oil;D;20161106;000000;45.58;1
@Brent Crude Oil;D;20161107;000000;46.34;26346
@Brent Crude Oil;D;20161108;000000;45.75;26225
@Brent Crude Oil;D;20161109;000000;46.74;45929
@Brent Crude Oil;D;20161110;000000;45.69;30951
@Brent Crude Oil;D;20161111;000000;44.6;27630
@Brent Crude Oil;D;20161112;000000;44.52;366
@Brent Crude Oil;D;20161113;000000;44.75;1
@Brent Crude Oil;D;20161114;000000;44.79;26430
@Brent Crude Oil;D;20161115;000000;47.03;31792
@Brent Crude Oil;D;20161116;000000;46.47;31121
@Brent Crude Oil;D;20161117;000000;46.03;27686
@Brent Crude Oil;D;20161118;000000;46.83;28627
@Brent Crude Oil;D;20161119;000000;46.89;452
@Brent Crude Oil;D;20161120;000000;46.86;1
@Brent Crude Oil;D;20161121;000000;49.1;28460
@Brent Crude Oil;D;20161122;000000;48.96;34834
@Brent Crude Oil;D;20161123;000000;48.98;27005
@Brent Crude Oil;D;20161124;000000;48.86;13650
@Brent Crude Oil;D;20161125;000000;47.12;23833
@Brent Crude Oil;D;20161127;000000;47.24;1
@Brent Crude Oil;D;20161128;000000;48.02;29561
@Brent Crude Oil;D;20161129;000000;46.42;24311
@Brent Crude Oil;D;20161130;000000;50.47;26615
@Brent Crude Oil;D;20161201;000000;53.67;40527
@Brent Crude Oil;D;20161202;000000;54.28;33607
@Brent Crude Oil;D;20161203;000000;54.49;479
@Brent Crude Oil;D;20161204;000000;54.46;8
@Brent Crude Oil;D;20161205;000000;54.26;32697
@Brent Crude Oil;D;20161206;000000;53.69;27988
@Brent Crude Oil;D;20161207;000000;53.01;28215
@Brent Crude Oil;D;20161208;000000;53.89;28918
@Brent Crude Oil;D;20161209;000000;54.35;25975
@Brent Crude Oil;D;20161210;000000;54.36;588
@Brent Crude Oil;D;20161212;000000;55.26;30470
@Brent Crude Oil;D;20161213;000000;55.6;28277
@Brent Crude Oil;D;20161214;000000;53.81;29156
@Brent Crude Oil;D;20161215;000000;54.19;28935
@Brent Crude Oil;D;20161216;000000;55.26;25926
@Brent Crude Oil;D;20161217;000000;55.21;458
@Brent Crude Oil;D;20161219;000000;54.7;22568
@Brent Crude Oil;D;20161220;000000;55.35;23134
@Brent Crude Oil;D;20161221;000000;54.5;22231
@Brent Crude Oil;D;20161222;000000;54.75;21593
@Brent Crude Oil;D;20161223;000000;55.08;17892
@Brent Crude Oil;D;20161224;000000;55.16;1
@Brent Crude Oil;D;20161227;000000;56.04;13567
@Brent Crude Oil;D;20161228;000000;56.2;16484
@Brent Crude Oil;D;20161229;000000;56.14;12393
@Brent Crude Oil;D;20161230;000000;56.14;0
@Brent Crude Oil;D;20170101;000000;56.82;1
@Brent Crude Oil;D;20170102;000000;56.82;0
@Brent Crude Oil;D;20170103;000000;55.7;29523
@Brent Crude Oil;D;20170104;000000;56.27;28595
@Brent Crude Oil;D;20170105;000000;56.83;27366
@Brent Crude Oil;D;20170106;000000;56.79;25216
@Brent Crude Oil;D;20170107;000000;56.75;378
@Brent Crude Oil;D;20170108;000000;57.1;1
@Brent Crude Oil;D;20170109;000000;54.85;26598
@Brent Crude Oil;D;20170110;000000;53.67;28704
@Brent Crude Oil;D;20170111;000000;55.15;31142
@Brent Crude Oil;D;20170112;000000;56.07;27298
@Brent Crude Oil;D;20170113;000000;55.56;26131
@Brent Crude Oil;D;20170114;000000;55.59;458
@Brent Crude Oil;D;20170115;000000;55.45;1
@Brent Crude Oil;D;20170116;000000;55.72;15070
@Brent Crude Oil;D;20170117;000000;55.45;27803
@Brent Crude Oil;D;20170118;000000;54.17;27976
@Brent Crude Oil;D;20170119;000000;54.19;26447
@Brent Crude Oil;D;20170120;000000;55.43;25901
@Brent Crude Oil;D;20170121;000000;55.49;412
@Brent Crude Oil;D;20170122;000000;55.49;1
@Brent Crude Oil;D;20170123;000000;55.32;27024
@Brent Crude Oil;D;20170124;000000;55.31;22845
@Brent Crude Oil;D;20170125;000000;55.19;24703
@Brent Crude Oil;D;20170126;000000;56.26;24274
@Brent Crude Oil;D;20170127;000000;55.43;20792
@Brent Crude Oil;D;20170128;000000;55.46;408
@Brent Crude Oil;D;20170129;000000;55.52;2
@Brent Crude Oil;D;20170130;000000;55.24;18707
@Brent Crude Oil;D;20170131;000000;55.7;13531
@Brent Crude Oil;D;20170201;000000;56.56;27074
@Brent Crude Oil;D;20170202;000000;56.83;26959
@Brent Crude Oil;D;20170203;000000;56.83;24688
@Brent Crude Oil;D;20170204;000000;56.72;317
@Brent Crude Oil;D;20170205;000000;56.81;2
@Brent Crude Oil;D;20170206;000000;55.88;23268
@Brent Crude Oil;D;20170207;000000;55.15;24771
@Brent Crude Oil;D;20170208;000000;55.17;27493
@Brent Crude Oil;D;20170209;000000;55.64;22555
@Brent Crude Oil;D;20170210;000000;56.68;24504
@Brent Crude Oil;D;20170211;000000;56.61;352
@Brent Crude Oil;D;20170212;000000;56.7;2
@Brent Crude Oil;D;20170213;000000;55.58;21976
@Brent Crude Oil;D;20170214;000000;55.89;21895
@Brent Crude Oil;D;20170215;000000;55.71;21127
@Brent Crude Oil;D;20170216;000000;55.71;20821
@Brent Crude Oil;D;20170217;000000;55.76;19527
@Brent Crude Oil;D;20170218;000000;55.72;281
@Brent Crude Oil;D;20170219;000000;55.81;2
@Brent Crude Oil;D;20170220;000000;56.13;12597
@Brent Crude Oil;D;20170221;000000;56.68;22864
@Brent Crude Oil;D;20170222;000000;55.84;20854
@Brent Crude Oil;D;20170223;000000;56.46;21498
@Brent Crude Oil;D;20170224;000000;56.02;19087
@Brent Crude Oil;D;20170225;000000;56.04;439
@Brent Crude Oil;D;20170226;000000;55.99;2
@Brent Crude Oil;D;20170227;000000;55.95;15787
@Brent Crude Oil;D;20170228;000000;55.59;10508
@Brent Crude Oil;D;20170301;000000;56.32;23774
@Brent Crude Oil;D;20170302;000000;55.13;27385
@Brent Crude Oil;D;20170303;000000;55.82;22490
@Brent Crude Oil;D;20170304;000000;55.71;268
@Brent Crude Oil;D;20170305;000000;55.9;2
@Brent Crude Oil;D;20170306;000000;56;20460
@Brent Crude Oil;D;20170307;000000;55.89;21696
@Brent Crude Oil;D;20170308;000000;53.19;30896
@Brent Crude Oil;D;20170309;000000;52.56;36475
@Brent Crude Oil;D;20170310;000000;51.39;29486
@Brent Crude Oil;D;20170311;000000;51.27;491
@Brent Crude Oil;D;20170312;000000;51.37;2
@Brent Crude Oil;D;20170313;000000;51.42;28002
@Brent Crude Oil;D;20170314;000000;51.63;30491
@Brent Crude Oil;D;20170315;000000;51.93;27039
@Brent Crude Oil;D;20170316;000000;51.68;24462
@Brent Crude Oil;D;20170317;000000;51.75;19138
@Brent Crude Oil;D;20170318;000000;51.76;85
@Brent Crude Oil;D;20170320;000000;51.64;21442
@Brent Crude Oil;D;20170321;000000;50.84;24045
@Brent Crude Oil;D;20170322;000000;50.74;26536
@Brent Crude Oil;D;20170323;000000;50.51;21888
@Brent Crude Oil;D;20170324;000000;51;17014
@Brent Crude Oil;D;20170325;000000;50.8;285
@Brent Crude Oil;D;20170327;000000;50.82;18968
@Brent Crude Oil;D;20170328;000000;51.36;18271
@Brent Crude Oil;D;20170329;000000;52.46;15576
@Brent Crude Oil;D;20170330;000000;52.93;16756
@Brent Crude Oil;D;20170331;000000;52.83;12456
@Brent Crude Oil;D;20170401;000000;53.53;83
@Brent Crude Oil;D;20170403;000000;53.1;21213
@Brent Crude Oil;D;20170404;000000;54.2;23809
@Brent Crude Oil;D;20170405;000000;54.06;25814
@Brent Crude Oil;D;20170406;000000;54.85;22314
@Brent Crude Oil;D;20170407;000000;55.19;29842
@Brent Crude Oil;D;20170408;000000;55.24;167
@Brent Crude Oil;D;20170409;000000;55.24;1
@Brent Crude Oil;D;20170410;000000;55.99;23247
@Brent Crude Oil;D;20170411;000000;56.28;24462
@Brent Crude Oil;D;20170412;000000;55.56;26937
@Brent Crude Oil;D;20170413;000000;55.64;24688
@Brent Crude Oil;D;20170414;000000;55.64;196
@Brent Crude Oil;D;20170416;000000;55.89;1
@Brent Crude Oil;D;20170417;000000;55.5;17603
@Brent Crude Oil;D;20170418;000000;54.81;25288
@Brent Crude Oil;D;20170419;000000;53.08;26457
@Brent Crude Oil;D;20170420;000000;53.01;26755
@Brent Crude Oil;D;20170421;000000;51.92;24492
@Brent Crude Oil;D;20170422;000000;51.96;55
@Brent Crude Oil;D;20170424;000000;51.58;23592
@Brent Crude Oil;D;20170425;000000;51.91;22779
@Brent Crude Oil;D;20170426;000000;51.48;20778
@Brent Crude Oil;D;20170427;000000;51.55;20455
@Brent Crude Oil;D;20170428;000000;51.73;14079
@Brent Crude Oil;D;20170429;000000;51.73;0
@Brent Crude Oil;D;20170501;000000;51.43;15948
@Brent Crude Oil;D;20170502;000000;50.98;27381
@Brent Crude Oil;D;20170503;000000;50.53;25951
@Brent Crude Oil;D;20170504;000000;48.42;32392
@Brent Crude Oil;D;20170505;000000;49.41;36608
@Brent Crude Oil;D;20170506;000000;49.1;93
@Brent Crude Oil;D;20170508;000000;49.45;29577
@Brent Crude Oil;D;20170509;000000;48.94;28162
@Brent Crude Oil;D;20170510;000000;50.19;27417
@Brent Crude Oil;D;20170511;000000;50.75;27481
@Brent Crude Oil;D;20170512;000000;50.77;24310
@Brent Crude Oil;D;20170513;000000;50.84;62
@Brent Crude Oil;D;20170515;000000;51.76;29464
@Brent Crude Oil;D;20170516;000000;51.26;28068
@Brent Crude Oil;D;20170517;000000;52.05;28268
@Brent Crude Oil;D;20170518;000000;52.45;29009
@Brent Crude Oil;D;20170519;000000;53.82;28712
@Brent Crude Oil;D;20170520;000000;53.8;99
@Brent Crude Oil;D;20170521;000000;53.61;1
@Brent Crude Oil;D;20170522;000000;53.75;27115
@Brent Crude Oil;D;20170523;000000;54.2;25873
@Brent Crude Oil;D;20170524;000000;53.95;27414
@Brent Crude Oil;D;20170525;000000;51.27;37313
@Brent Crude Oil;D;20170526;000000;52.21;31488
@Brent Crude Oil;D;20170527;000000;52.15;98
@Brent Crude Oil;D;20170529;000000;52.25;12219
@Brent Crude Oil;D;20170530;000000;51.85;20333
@Brent Crude Oil;D;20170531;000000;50.31;16910
@Brent Crude Oil;D;20170601;000000;50.34;32426
@Brent Crude Oil;D;20170602;000000;49.96;33019
@Brent Crude Oil;D;20170603;000000;49.95;121
@Brent Crude Oil;D;20170604;000000;49.95;3
@Brent Crude Oil;D;20170605;000000;49.46;28341
@Brent Crude Oil;D;20170606;000000;49.95;29967
@Brent Crude Oil;D;20170607;000000;48.13;29860
@Brent Crude Oil;D;20170608;000000;47.94;25941
@Brent Crude Oil;D;20170609;000000;48.26;25302
@Brent Crude Oil;D;20170610;000000;48.15;97
@Brent Crude Oil;D;20170612;000000;48.22;24999
@Brent Crude Oil;D;20170613;000000;48.23;23584
@Brent Crude Oil;D;20170614;000000;46.96;21550
@Brent Crude Oil;D;20170615;000000;46.74;25964
@Brent Crude Oil;D;20170616;000000;47.32;20646
@Brent Crude Oil;D;20170617;000000;47.29;126
@Brent Crude Oil;D;20170618;000000;47.37;1
@Brent Crude Oil;D;20170619;000000;46.87;19002
@Brent Crude Oil;D;20170620;000000;45.79;24133
@Brent Crude Oil;D;20170621;000000;44.77;28089
@Brent Crude Oil;D;20170622;000000;45.25;24309
@Brent Crude Oil;D;20170623;000000;45.7;20109
@Brent Crude Oil;D;20170624;000000;45.61;125
@Brent Crude Oil;D;20170625;000000;45.54;9
@Brent Crude Oil;D;20170626;000000;45.96;20738
@Brent Crude Oil;D;20170627;000000;46.2;21330
@Brent Crude Oil;D;20170628;000000;47.46;16373
@Brent Crude Oil;D;20170629;000000;47.3;20279
@Brent Crude Oil;D;20170630;000000;47.92;11773
@Brent Crude Oil;D;20170701;000000;48.94;394
@Brent Crude Oil;D;20170702;000000;48.77;10
@Brent Crude Oil;D;20170703;000000;49.63;21216
@Brent Crude Oil;D;20170704;000000;49.68;13928
@Brent Crude Oil;D;20170705;000000;48.25;28126
@Brent Crude Oil;D;20170706;000000;47.89;27471
@Brent Crude Oil;D;20170707;000000;46.8;29240
@Brent Crude Oil;D;20170708;000000;46.88;428
@Brent Crude Oil;D;20170709;000000;46.71;1
@Brent Crude Oil;D;20170710;000000;47.05;25211
@Brent Crude Oil;D;20170711;000000;48.18;26812
@Brent Crude Oil;D;20170712;000000;47.7;28301
@Brent Crude Oil;D;20170713;000000;48.42;23867
@Brent Crude Oil;D;20170714;000000;49.02;24877
@Brent Crude Oil;D;20170715;000000;49.09;41
@Brent Crude Oil;D;20170716;000000;48.91;1
@Brent Crude Oil;D;20170717;000000;48.37;22907
@Brent Crude Oil;D;20170718;000000;48.73;24956
@Brent Crude Oil;D;20170719;000000;49.65;23396
@Brent Crude Oil;D;20170720;000000;49.32;23962
@Brent Crude Oil;D;20170721;000000;47.82;26005
@Brent Crude Oil;D;20170722;000000;48.06;282
@Brent Crude Oil;D;20170724;000000;48.72;24189
@Brent Crude Oil;D;20170725;000000;50.8;21274
@Brent Crude Oil;D;20170726;000000;50.91;23682
@Brent Crude Oil;D;20170727;000000;51.6;20619
@Brent Crude Oil;D;20170728;000000;52.61;18970
@Brent Crude Oil;D;20170729;000000;52.52;60
@Brent Crude Oil;D;20170731;000000;52.65;13423
@Brent Crude Oil;D;20170801;000000;51.45;25604
@Brent Crude Oil;D;20170802;000000;52.34;25090
@Brent Crude Oil;D;20170803;000000;51.91;24378
@Brent Crude Oil;D;20170804;000000;52.34;23592
@Brent Crude Oil;D;20170805;000000;52.42;174
@Brent Crude Oil;D;20170807;000000;52.24;23869
@Brent Crude Oil;D;20170808;000000;51.88;25400
@Brent Crude Oil;D;20170809;000000;52.82;23184
@Brent Crude Oil;D;20170810;000000;51.85;30184
@Brent Crude Oil;D;20170811;000000;51.97;25206
@Brent Crude Oil;D;20170812;000000;52.1;33
@Brent Crude Oil;D;20170814;000000;50.65;23336
@Brent Crude Oil;D;20170815;000000;50.98;25464
@Brent Crude Oil;D;20170816;000000;50.33;21551
@Brent Crude Oil;D;20170817;000000;50.84;23149
@Brent Crude Oil;D;20170818;000000;52.84;25499
@Brent Crude Oil;D;20170819;000000;52.86;129
@Brent Crude Oil;D;20170820;000000;52.72;2
@Brent Crude Oil;D;20170821;000000;51.66;25681
@Brent Crude Oil;D;20170822;000000;51.58;24296
@Brent Crude Oil;D;20170823;000000;52.53;21927
@Brent Crude Oil;D;20170824;000000;52.16;21424
@Brent Crude Oil;D;20170825;000000;52.38;20969
@Brent Crude Oil;D;20170826;000000;52.35;28
@Brent Crude Oil;D;20170827;000000;52.41;1
@Brent Crude Oil;D;20170828;000000;52.08;21077
@Brent Crude Oil;D;20170829;000000;51.96;20119
@Brent Crude Oil;D;20170830;000000;50.78;17923
@Brent Crude Oil;D;20170831;000000;52.38;19084
@Brent Crude Oil;D;20170901;000000;52.76;25433
@Brent Crude Oil;D;20170902;000000;52.75;51
@Brent Crude Oil;D;20170904;000000;52.2;15453
@Brent Crude Oil;D;20170905;000000;53.24;24242
@Brent Crude Oil;D;20170906;000000;54.1;24367
@Brent Crude Oil;D;20170907;000000;54.51;23506
@Brent Crude Oil;D;20170908;000000;53.78;23771
@Brent Crude Oil;D;20170909;000000;53.78;115
@Brent Crude Oil;D;20170911;000000;53.9;23760
@Brent Crude Oil;D;20170912;000000;54.3;22671
@Brent Crude Oil;D;20170913;000000;55.13;22181
@Brent Crude Oil;D;20170914;000000;55.26;23851
@Brent Crude Oil;D;20170915;000000;55.52;21913
@Brent Crude Oil;D;20170916;000000;55.62;133
@Brent Crude Oil;D;20170918;000000;55.43;20732
@Brent Crude Oil;D;20170919;000000;55.39;19916
@Brent Crude Oil;D;20170920;000000;56.19;21850
@Brent Crude Oil;D;20170921;000000;56.51;19759
@Brent Crude Oil;D;20170922;000000;56.8;18086
@Brent Crude Oil;D;20170923;000000;56.86;85
@Brent Crude Oil;D;20170925;000000;59.19;20600
@Brent Crude Oil;D;20170926;000000;58.61;23842
@Brent Crude Oil;D;20170927;000000;57.67;17818
@Brent Crude Oil;D;20170928;000000;57.65;18578
@Brent Crude Oil;D;20170929;000000;57.54;13176
@Brent Crude Oil;D;20170930;000000;57.54;0
@Brent Crude Oil;D;20171001;000000;56.79;2
@Brent Crude Oil;D;20171002;000000;56.07;25485
@Brent Crude Oil;D;20171003;000000;55.71;22759
@Brent Crude Oil;D;20171004;000000;55.78;24266
@Brent Crude Oil;D;20171005;000000;57;18550
@Brent Crude Oil;D;20171006;000000;55.51;21135
@Brent Crude Oil;D;20171007;000000;55.62;118
@Brent Crude Oil;D;20171009;000000;55.69;22481
@Brent Crude Oil;D;20171010;000000;56.54;23151
@Brent Crude Oil;D;20171011;000000;56.65;24771
@Brent Crude Oil;D;20171012;000000;56.41;23210
@Brent Crude Oil;D;20171013;000000;57.19;26553
@Brent Crude Oil;D;20171014;000000;57.17;37
@Brent Crude Oil;D;20171016;000000;57.92;26112
@Brent Crude Oil;D;20171017;000000;58.1;24491
@Brent Crude Oil;D;20171018;000000;58.2;21550
@Brent Crude Oil;D;20171019;000000;57.25;24022
@Brent Crude Oil;D;20171020;000000;57.9;23265
@Brent Crude Oil;D;20171021;000000;57.75;474
@Brent Crude Oil;D;20171023;000000;57.33;21815
@Brent Crude Oil;D;20171024;000000;58.47;21635
@Brent Crude Oil;D;20171025;000000;58.42;19835
@Brent Crude Oil;D;20171026;000000;59.51;19605
@Brent Crude Oil;D;20171027;000000;60.61;19206
@Brent Crude Oil;D;20171028;000000;60.44;267
@Brent Crude Oil;D;20171030;000000;60.85;17819
@Brent Crude Oil;D;20171031;000000;61.37;11203
@Brent Crude Oil;D;20171101;000000;60.48;25093
@Brent Crude Oil;D;20171102;000000;60.75;22784
@Brent Crude Oil;D;20171103;000000;62.1;22952
@Brent Crude Oil;D;20171104;000000;62.07;180
@Brent Crude Oil;D;20171105;000000;62.07;0
@Brent Crude Oil;D;20171106;000000;64.25;29164
@Brent Crude Oil;D;20171107;000000;63.74;27803
@Brent Crude Oil;D;20171108;000000;63.47;28477
@Brent Crude Oil;D;20171109;000000;63.84;29767
@Brent Crude Oil;D;20171110;000000;63.58;23729
@Brent Crude Oil;D;20171111;000000;63.6;492
@Brent Crude Oil;D;20171112;000000;63.52;0
@Brent Crude Oil;D;20171113;000000;63.11;21860
@Brent Crude Oil;D;20171114;000000;61.84;24374
@Brent Crude Oil;D;20171115;000000;61.83;25462
@Brent Crude Oil;D;20171116;000000;61.36;23762
@Brent Crude Oil;D;20171117;000000;62.69;25050
@Brent Crude Oil;D;20171118;000000;62.72;450
@Brent Crude Oil;D;20171119;000000;62.72;1
@Brent Crude Oil;D;20171120;000000;62.17;23887
@Brent Crude Oil;D;20171121;000000;62.61;21891
@Brent Crude Oil;D;20171122;000000;63.29;25279
@Brent Crude Oil;D;20171123;000000;63.55;12787
@Brent Crude Oil;D;20171124;000000;63.86;16912
@Brent Crude Oil;D;20171126;000000;63.86;0
@Brent Crude Oil;D;20171127;000000;63.79;21756
@Brent Crude Oil;D;20171128;000000;63.51;17410
@Brent Crude Oil;D;20171129;000000;63.33;20360
@Brent Crude Oil;D;20171130;000000;63.57;19331
@Brent Crude Oil;D;20171201;000000;63.71;24575
@Brent Crude Oil;D;20171202;000000;63.7;570
@Brent Crude Oil;D;20171203;000000;63.73;0
@Brent Crude Oil;D;20171204;000000;62.41;21634
@Brent Crude Oil;D;20171205;000000;62.92;20147
@Brent Crude Oil;D;20171206;000000;61.23;22676
@Brent Crude Oil;D;20171207;000000;62.12;22387
@Brent Crude Oil;D;20171208;000000;63.41;23221
@Brent Crude Oil;D;20171209;000000;63.39;280
@Brent Crude Oil;D;20171210;000000;63.4;0
@Brent Crude Oil;D;20171211;000000;64.68;22850
@Brent Crude Oil;D;20171212;000000;63.57;29977
@Brent Crude Oil;D;20171213;000000;62.53;23982
@Brent Crude Oil;D;20171214;000000;63.4;24002
@Brent Crude Oil;D;20171215;000000;63.24;20784
@Brent Crude Oil;D;20171216;000000;63.25;326
@Brent Crude Oil;D;20171217;000000;63.23;0
@Brent Crude Oil;D;20171218;000000;63.33;20853
@Brent Crude Oil;D;20171219;000000;63.78;19300
@Brent Crude Oil;D;20171220;000000;64.56;18372
@Brent Crude Oil;D;20171221;000000;64.77;18185
@Brent Crude Oil;D;20171222;000000;65.25;16376
@Brent Crude Oil;D;20171224;000000;65.25;0
@Brent Crude Oil;D;20171226;000000;66.79;14529
@Brent Crude Oil;D;20171227;000000;66.43;20259
@Brent Crude Oil;D;20171228;000000;66.72;10779
@Brent Crude Oil;D;20171229;000000;66.72;0
@Brent Crude Oil;D;20180102;000000;66.56;20449
@Brent Crude Oil;D;20180103;000000;67.88;20558
@Brent Crude Oil;D;20180104;000000;67.96;21454
@Brent Crude Oil;D;20180105;000000;67.76;20011
@Brent Crude Oil;D;20180106;000000;67.79;507
@Brent Crude Oil;D;20180107;000000;67.62;0
@Brent Crude Oil;D;20180108;000000;67.89;19943
@Brent Crude Oil;D;20180109;000000;68.78;23802
@Brent Crude Oil;D;20180110;000000;69.1;21214
@Brent Crude Oil;D;20180111;000000;69.16;24931
@Brent Crude Oil;D;20180112;000000;69.79;24658
@Brent Crude Oil;D;20180113;000000;69.81;510
@Brent Crude Oil;D;20180114;000000;69.87;0
@Brent Crude Oil;D;20180115;000000;70.29;15998
@Brent Crude Oil;D;20180116;000000;69.24;25670
@Brent Crude Oil;D;20180117;000000;69.25;22811
@Brent Crude Oil;D;20180118;000000;69.17;22014
@Brent Crude Oil;D;20180119;000000;68.8;26715
@Brent Crude Oil;D;20180120;000000;68.65;388
@Brent Crude Oil;D;20180121;000000;68.61;0
@Brent Crude Oil;D;20180122;000000;69.22;22533
@Brent Crude Oil;D;20180123;000000;70.12;25137
@Brent Crude Oil;D;20180124;000000;70.88;26964
@Brent Crude Oil;D;20180125;000000;70.09;26637
@Brent Crude Oil;D;20180126;000000;70.41;23844
@Brent Crude Oil;D;20180127;000000;70.29;858
@Brent Crude Oil;D;20180128;000000;70.52;0
@Brent Crude Oil;D;20180129;000000;69.35;19889
@Brent Crude Oil;D;20180130;000000;68.85;23674
@Brent Crude Oil;D;20180131;000000;69.05;12031
@Brent Crude Oil;D;20180201;000000;69.82;23755
@Brent Crude Oil;D;20180202;000000;68.37;25565
@Brent Crude Oil;D;20180203;000000;68.23;546
@Brent Crude Oil;D;20180204;000000;68.58;0
@Brent Crude Oil;D;20180205;000000;67.28;30342
@Brent Crude Oil;D;20180206;000000;66.9;33382
@Brent Crude Oil;D;20180207;000000;65.44;31342
@Brent Crude Oil;D;20180208;000000;64.15;33828
@Brent Crude Oil;D;20180209;000000;62.75;35470
@Brent Crude Oil;D;20180210;000000;62.71;737
@Brent Crude Oil;D;20180211;000000;62.79;0
@Brent Crude Oil;D;20180212;000000;62.65;33110
@Brent Crude Oil;D;20180213;000000;62.77;29115
@Brent Crude Oil;D;20180214;000000;64.32;28625
@Brent Crude Oil;D;20180215;000000;64.52;31109
@Brent Crude Oil;D;20180216;000000;64.91;26725
@Brent Crude Oil;D;20180217;000000;64.9;341
@Brent Crude Oil;D;20180218;000000;64.84;0
@Brent Crude Oil;D;20180219;000000;65.6;14231
@Brent Crude Oil;D;20180220;000000;65.08;21671
@Brent Crude Oil;D;20180221;000000;64.95;21272
@Brent Crude Oil;D;20180222;000000;66.21;22897
@Brent Crude Oil;D;20180223;000000;67.28;23084
@Brent Crude Oil;D;20180224;000000;67.1;382
@Brent Crude Oil;D;20180225;000000;67.31;0
@Brent Crude Oil;D;20180226;000000;67.57;21066
@Brent Crude Oil;D;20180227;000000;66.55;22566
@Brent Crude Oil;D;20180228;000000;65.78;10918
@Brent Crude Oil;D;20180301;000000;64.3;31421
@Brent Crude Oil;D;20180302;000000;64.53;26854
@Brent Crude Oil;D;20180303;000000;64.56;930
@Brent Crude Oil;D;20180304;000000;64.37;0
@Brent Crude Oil;D;20180305;000000;65.56;29591
@Brent Crude Oil;D;20180306;000000;65.66;28027
@Brent Crude Oil;D;20180307;000000;64.57;26390
@Brent Crude Oil;D;20180308;000000;63.9;24266
@Brent Crude Oil;D;20180309;000000;65.51;25384
@Brent Crude Oil;D;20180310;000000;65.49;664
@Brent Crude Oil;D;20180311;000000;65.49;0
@Brent Crude Oil;D;20180312;000000;64.97;20767
@Brent Crude Oil;D;20180313;000000;64.71;23096
@Brent Crude Oil;D;20180314;000000;64.83;24182
@Brent Crude Oil;D;20180315;000000;65.05;21731
@Brent Crude Oil;D;20180316;000000;66.12;18138
@Brent Crude Oil;D;20180317;000000;65.99;61
@Brent Crude Oil;D;20180318;000000;65.99;1
@Brent Crude Oil;D;20180319;000000;66.13;25701
@Brent Crude Oil;D;20180320;000000;67.57;27236
@Brent Crude Oil;D;20180321;000000;69.76;29579
@Brent Crude Oil;D;20180322;000000;68.87;22420
@Brent Crude Oil;D;20180323;000000;70.29;33450
@Brent Crude Oil;D;20180324;000000;70.36;41
@Brent Crude Oil;D;20180325;000000;70.36;1
@Brent Crude Oil;D;20180326;000000;70.05;29036
@Brent Crude Oil;D;20180327;000000;69.59;26219
@Brent Crude Oil;D;20180328;000000;69.81;28697
@Brent Crude Oil;D;20180329;000000;70.27;14204
@Brent Crude Oil;D;20180330;000000;70.27;0
@Brent Crude Oil;D;20180401;000000;69.35;1
@Brent Crude Oil;D;20180402;000000;67.51;22258
@Brent Crude Oil;D;20180403;000000;68.17;25392
@Brent Crude Oil;D;20180404;000000;68.22;29935
@Brent Crude Oil;D;20180405;000000;68.54;24070
@Brent Crude Oil;D;20180406;000000;67.06;25279
@Brent Crude Oil;D;20180407;000000;66.93;151
@Brent Crude Oil;D;20180408;000000;66.93;1
@Brent Crude Oil;D;20180409;000000;68.55;27681
@Brent Crude Oil;D;20180410;000000;71.02;32457
@Brent Crude Oil;D;20180411;000000;71.89;33295
@Brent Crude Oil;D;20180412;000000;72.11;32025
@Brent Crude Oil;D;20180413;000000;72.56;30611
@Brent Crude Oil;D;20180414;000000;72.62;63
@Brent Crude Oil;D;20180415;000000;72.62;1
@Brent Crude Oil;D;20180416;000000;71.55;27560
@Brent Crude Oil;D;20180417;000000;71.67;28117
@Brent Crude Oil;D;20180418;000000;73.81;30026
@Brent Crude Oil;D;20180419;000000;73.6;33682
@Brent Crude Oil;D;20180420;000000;73.67;32052
@Brent Crude Oil;D;20180421;000000;73.71;210
@Brent Crude Oil;D;20180422;000000;73.71;10
@Brent Crude Oil;D;20180423;000000;75;28815
@Brent Crude Oil;D;20180424;000000;73.9;29662
@Brent Crude Oil;D;20180425;000000;74.01;28296
@Brent Crude Oil;D;20180426;000000;74.75;23075
@Brent Crude Oil;D;20180427;000000;74.44;19413
@Brent Crude Oil;D;20180428;000000;74.44;66
@Brent Crude Oil;D;20180429;000000;74.44;1
@Brent Crude Oil;D;20180430;000000;75.17;12694
@Brent Crude Oil;D;20180501;000000;73.31;24127
@Brent Crude Oil;D;20180502;000000;73.08;26541
@Brent Crude Oil;D;20180503;000000;73.71;27208
@Brent Crude Oil;D;20180504;000000;74.97;24020
@Brent Crude Oil;D;20180505;000000;75;57
@Brent Crude Oil;D;20180506;000000;75;4
@Brent Crude Oil;D;20180507;000000;75.53;28723
@Brent Crude Oil;D;20180508;000000;75.98;32487
@Brent Crude Oil;D;20180509;000000;77.37;32789
@Brent Crude Oil;D;20180510;000000;77.43;27133
@Brent Crude Oil;D;20180511;000000;76.96;25473
@Brent Crude Oil;D;20180512;000000;77.18;103
@Brent Crude Oil;D;20180513;000000;77.18;1
@Brent Crude Oil;D;20180514;000000;78.49;27935
@Brent Crude Oil;D;20180515;000000;78;31375
@Brent Crude Oil;D;20180516;000000;79.28;28669
@Brent Crude Oil;D;20180517;000000;79.49;28058
@Brent Crude Oil;D;20180518;000000;78.69;25845
@Brent Crude Oil;D;20180519;000000;78.71;417
@Brent Crude Oil;D;20180520;000000;78.71;1
@Brent Crude Oil;D;20180521;000000;79.54;24731
@Brent Crude Oil;D;20180522;000000;79.48;27743
@Brent Crude Oil;D;20180523;000000;79.7;27882
@Brent Crude Oil;D;20180524;000000;78.77;24800
@Brent Crude Oil;D;20180525;000000;76.17;30614
@Brent Crude Oil;D;20180526;000000;76.33;143
@Brent Crude Oil;D;20180527;000000;76.33;1
@Brent Crude Oil;D;20180528;000000;75.32;18155
@Brent Crude Oil;D;20180529;000000;75.38;23936
@Brent Crude Oil;D;20180530;000000;77.48;23854
@Brent Crude Oil;D;20180531;000000;77.59;27010
@Brent Crude Oil;D;20180601;000000;76.59;31216
@Brent Crude Oil;D;20180602;000000;76.71;190
@Brent Crude Oil;D;20180603;000000;76.71;1
@Brent Crude Oil;D;20180604;000000;75.41;28910
@Brent Crude Oil;D;20180605;000000;75.06;32643
@Brent Crude Oil;D;20180606;000000;75.75;32819
@Brent Crude Oil;D;20180607;000000;77.3;30045
@Brent Crude Oil;D;20180608;000000;76.37;29324
@Brent Crude Oil;D;20180609;000000;76.34;245
@Brent Crude Oil;D;20180610;000000;76.34;0
@Brent Crude Oil;D;20180611;000000;76.4;23178
@Brent Crude Oil;D;20180612;000000;75.48;23386
@Brent Crude Oil;D;20180613;000000;76.48;24843
@Brent Crude Oil;D;20180614;000000;75.94;22468
@Brent Crude Oil;D;20180615;000000;73.08;25063
@Brent Crude Oil;D;20180616;000000;73;263
@Brent Crude Oil;D;20180617;000000;73;0
@Brent Crude Oil;D;20180618;000000;75.34;30409
@Brent Crude Oil;D;20180619;000000;75;28281
@Brent Crude Oil;D;20180620;000000;74.19;29369
@Brent Crude Oil;D;20180621;000000;73.06;28939
@Brent Crude Oil;D;20180622;000000;75.83;33298
@Brent Crude Oil;D;20180623;000000;75.53;231
@Brent Crude Oil;D;20180624;000000;75.53;0
@Brent Crude Oil;D;20180625;000000;74.86;34265
@Brent Crude Oil;D;20180626;000000;76.6;32645
@Brent Crude Oil;D;20180627;000000;77.36;27712
@Brent Crude Oil;D;20180628;000000;77.72;23125
@Brent Crude Oil;D;20180629;000000;79.44;18983
@Brent Crude Oil;D;20180630;000000;79.44;0
@Brent Crude Oil;D;20180701;000000;79.12;0
@Brent Crude Oil;D;20180702;000000;77.41;30231
@Brent Crude Oil;D;20180703;000000;77.8;28254
@Brent Crude Oil;D;20180704;000000;78.16;17271
@Brent Crude Oil;D;20180705;000000;77.56;26320
@Brent Crude Oil;D;20180706;000000;77.16;28318
@Brent Crude Oil;D;20180707;000000;77.29;98
@Brent Crude Oil;D;20180708;000000;77.29;0
@Brent Crude Oil;D;20180709;000000;78.2;24438
@Brent Crude Oil;D;20180710;000000;79.02;27749
@Brent Crude Oil;D;20180711;000000;74.13;37178
@Brent Crude Oil;D;20180712;000000;74.42;34979
@Brent Crude Oil;D;20180713;000000;74.88;28580
@Brent Crude Oil;D;20180714;000000;74.92;90
@Brent Crude Oil;D;20180715;000000;74.92;0
@Brent Crude Oil;D;20180716;000000;71.97;30052
@Brent Crude Oil;D;20180717;000000;71.63;26847
@Brent Crude Oil;D;20180718;000000;73.01;25719
@Brent Crude Oil;D;20180719;000000;72.56;25065
@Brent Crude Oil;D;20180720;000000;73;24722
@Brent Crude Oil;D;20180721;000000;73;44
@Brent Crude Oil;D;20180722;000000;73;0
@Brent Crude Oil;D;20180723;000000;72.94;28340
@Brent Crude Oil;D;20180724;000000;73.62;26422
@Brent Crude Oil;D;20180725;000000;74.07;25957
@Brent Crude Oil;D;20180726;000000;74.34;27443
@Brent Crude Oil;D;20180727;000000;74.34;19658
@Brent Crude Oil;D;20180728;000000;74.39;104
@Brent Crude Oil;D;20180729;000000;74.39;0
@Brent Crude Oil;D;20180730;000000;74.91;15923
@Brent Crude Oil;D;20180731;000000;74.25;12059
@Brent Crude Oil;D;20180801;000000;72.54;27838
@Brent Crude Oil;D;20180802;000000;73.39;27731
@Brent Crude Oil;D;20180803;000000;73.36;24902
@Brent Crude Oil;D;20180804;000000;73.42;230
@Brent Crude Oil;D;20180805;000000;73.42;0
@Brent Crude Oil;D;20180806;000000;73.65;23842
@Brent Crude Oil;D;20180807;000000;74.51;24417
@Brent Crude Oil;D;20180808;000000;72.24;26402
@Brent Crude Oil;D;20180809;000000;71.96;23895
@Brent Crude Oil;D;20180810;000000;72.95;24743
@Brent Crude Oil;D;20180811;000000;72.96;76
@Brent Crude Oil;D;20180812;000000;72.96;0
@Brent Crude Oil;D;20180813;000000;72.79;28379
@Brent Crude Oil;D;20180814;000000;72.19;27417
@Brent Crude Oil;D;20180815;000000;70.77;29342
@Brent Crude Oil;D;20180816;000000;71.39;29142
@Brent Crude Oil;D;20180817;000000;71.82;24726
@Brent Crude Oil;D;20180818;000000;71.86;890
@Brent Crude Oil;D;20180819;000000;71.86;0
@Brent Crude Oil;D;20180820;000000;72.2;25660
@Brent Crude Oil;D;20180821;000000;72.78;22584
@Brent Crude Oil;D;20180822;000000;74.89;25767
@Brent Crude Oil;D;20180823;000000;74.75;22537
@Brent Crude Oil;D;20180824;000000;75.63;25010
@Brent Crude Oil;D;20180825;000000;75.43;102
@Brent Crude Oil;D;20180827;000000;76.31;17055
@Brent Crude Oil;D;20180828;000000;75.91;21468
@Brent Crude Oil;D;20180829;000000;77.34;21264
@Brent Crude Oil;D;20180830;000000;77.54;20169
@Brent Crude Oil;D;20180831;000000;77.42;12580
@Brent Crude Oil;D;20180901;000000;77.71;216
@Brent Crude Oil;D;20180903;000000;78.01;16870
@Brent Crude Oil;D;20180904;000000;77.79;31314
@Brent Crude Oil;D;20180905;000000;77.09;25242
@Brent Crude Oil;D;20180906;000000;76.56;26796
@Brent Crude Oil;D;20180907;000000;77.04;25225
@Brent Crude Oil;D;20180908;000000;77.1;178
@Brent Crude Oil;D;20180910;000000;77.37;27384
@Brent Crude Oil;D;20180911;000000;79.41;29874
@Brent Crude Oil;D;20180912;000000;79.71;30774
@Brent Crude Oil;D;20180913;000000;78.39;30089
@Brent Crude Oil;D;20180914;000000;78.1;27854
@Brent Crude Oil;D;20180915;000000;78.1;123
@Brent Crude Oil;D;20180917;000000;77.92;28364
@Brent Crude Oil;D;20180918;000000;78.85;30437
@Brent Crude Oil;D;20180919;000000;79.36;25501
@Brent Crude Oil;D;20180920;000000;78.61;27797
@Brent Crude Oil;D;20180921;000000;78.68;29088
@Brent Crude Oil;D;20180922;000000;78.77;163
@Brent Crude Oil;D;20180924;000000;81.42;26921
@Brent Crude Oil;D;20180925;000000;81.57;24564
@Brent Crude Oil;D;20180926;000000;81.68;21517
@Brent Crude Oil;D;20180927;000000;81.68;18260
@Brent Crude Oil;D;20180928;000000;82.72;14224
@Brent Crude Oil;D;20180929;000000;82.72;0
@Brent Crude Oil;D;20180930;000000;82.72;0
@Brent Crude Oil;D;20181001;000000;84.98;29207
@Brent Crude Oil;D;20181002;000000;84.68;25660
@Brent Crude Oil;D;20181003;000000;85.94;27204
@Brent Crude Oil;D;20181004;000000;84.85;27854
@Brent Crude Oil;D;20181005;000000;84.05;28883
@Brent Crude Oil;D;20181006;000000;84.11;48
@Brent Crude Oil;D;20181008;000000;83.83;30102
@Brent Crude Oil;D;20181009;000000;84.84;30396
@Brent Crude Oil;D;20181010;000000;82.43;28559
@Brent Crude Oil;D;20181011;000000;80.34;38082
@Brent Crude Oil;D;20181012;000000;80.5;34115
@Brent Crude Oil;D;20181013;000000;80.6;85
@Brent Crude Oil;D;20181015;000000;80.81;31750
@Brent Crude Oil;D;20181016;000000;81.61;31016
@Brent Crude Oil;D;20181017;000000;80.34;31575
@Brent Crude Oil;D;20181018;000000;79.31;32033
@Brent Crude Oil;D;20181019;000000;80;28636
@Brent Crude Oil;D;20181020;000000;80.02;214
@Brent Crude Oil;D;20181022;000000;80.07;25541
@Brent Crude Oil;D;20181023;000000;76.15;32592
@Brent Crude Oil;D;20181024;000000;75.67;30989
@Brent Crude Oil;D;20181025;000000;76.56;27065
@Brent Crude Oil;D;20181026;000000;77.71;29603
@Brent Crude Oil;D;20181027;000000;77.73;123
@Brent Crude Oil;D;20181029;000000;76.86;24046
@Brent Crude Oil;D;20181030;000000;76.31;22917
@Brent Crude Oil;D;20181031;000000;75.47;25434
@Brent Crude Oil;D;20181101;000000;72.75;31901
@Brent Crude Oil;D;20181102;000000;72.56;30221
@Brent Crude Oil;D;20181103;000000;72.62;101
@Brent Crude Oil;D;20181105;000000;72.77;24963
@Brent Crude Oil;D;20181106;000000;72.1;28257
@Brent Crude Oil;D;20181107;000000;71.98;35914
@Brent Crude Oil;D;20181108;000000;70.69;31946
@Brent Crude Oil;D;20181109;000000;69.69;35352
@Brent Crude Oil;D;20181110;000000;69.88;654
@Brent Crude Oil;D;20181112;000000;69.11;38877
@Brent Crude Oil;D;20181113;000000;65.12;40379
@Brent Crude Oil;D;20181114;000000;66.22;42087
@Brent Crude Oil;D;20181115;000000;66.52;35350
@Brent Crude Oil;D;20181116;000000;66.97;34598
@Brent Crude Oil;D;20181117;000000;67.1;586
@Brent Crude Oil;D;20181119;000000;66.89;32612
@Brent Crude Oil;D;20181120;000000;62.39;36135
@Brent Crude Oil;D;20181121;000000;63.34;38180
@Brent Crude Oil;D;20181122;000000;62.52;23283
@Brent Crude Oil;D;20181123;000000;59.19;34565
@Brent Crude Oil;D;20181124;000000;59.19;1
@Brent Crude Oil;D;20181126;000000;60.64;36766
@Brent Crude Oil;D;20181127;000000;60.59;35727
@Brent Crude Oil;D;20181128;000000;58.84;31636
@Brent Crude Oil;D;20181129;000000;59.43;33759
@Brent Crude Oil;D;20181130;000000;58.71;23182
@Brent Crude Oil;D;20181201;000000;59.07;975
@Brent Crude Oil;D;20181203;000000;61.96;40802
@Brent Crude Oil;D;20181204;000000;61.63;37121
@Brent Crude Oil;D;20181205;000000;61.72;36909
@Brent Crude Oil;D;20181206;000000;60.23;44936
@Brent Crude Oil;D;20181207;000000;61.58;44508
@Brent Crude Oil;D;20181208;000000;61.4;546
@Brent Crude Oil;D;20181210;000000;59.85;37512
@Brent Crude Oil;D;20181211;000000;60.28;33976
@Brent Crude Oil;D;20181212;000000;60.11;33906
@Brent Crude Oil;D;20181213;000000;61.74;36392
@Brent Crude Oil;D;20181214;000000;60.15;34440
@Brent Crude Oil;D;20181215;000000;60.25;1202
@Brent Crude Oil;D;20181217;000000;58.82;32852
@Brent Crude Oil;D;20181218;000000;56.21;40153
@Brent Crude Oil;D;20181219;000000;56.65;38360
@Brent Crude Oil;D;20181220;000000;54.67;39858
@Brent Crude Oil;D;20181221;000000;53.55;38109
@Brent Crude Oil;D;20181222;000000;53.5;749
@Brent Crude Oil;D;20181224;000000;50.49;24441
@Brent Crude Oil;D;20181225;000000;50.49;2
@Brent Crude Oil;D;20181226;000000;55.24;30424
@Brent Crude Oil;D;20181227;000000;53.15;32625
@Brent Crude Oil;D;20181228;000000;52.2;26478
@Brent Crude Oil;D;20181229;000000;52.2;0
@Brent Crude Oil;D;20181230;000000;52.2;0
@Brent Crude Oil;D;20190101;000000;54.15;4
@Brent Crude Oil;D;20190102;000000;55.1;37328
@Brent Crude Oil;D;20190103;000000;55.91;38772
@Brent Crude Oil;D;20190104;000000;57.31;38355
@Brent Crude Oil;D;20190105;000000;57.42;554
@Brent Crude Oil;D;20190107;000000;57.56;38925
@Brent Crude Oil;D;20190108;000000;58.67;36138
@Brent Crude Oil;D;20190109;000000;61.42;37834
@Brent Crude Oil;D;20190110;000000;61.54;41734
@Brent Crude Oil;D;20190111;000000;60.52;38478
@Brent Crude Oil;D;20190112;000000;60.59;918
@Brent Crude Oil;D;20190114;000000;59.12;40254
@Brent Crude Oil;D;20190115;000000;60.61;34547
@Brent Crude Oil;D;20190116;000000;61.37;36784
@Brent Crude Oil;D;20190117;000000;61.21;36997
@Brent Crude Oil;D;20190118;000000;62.6;37348
@Brent Crude Oil;D;20190119;000000;62.58;547
@Brent Crude Oil;D;20190121;000000;62.83;25488
@Brent Crude Oil;D;20190122;000000;61.52;35822
@Brent Crude Oil;D;20190123;000000;61.11;37071
@Brent Crude Oil;D;20190124;000000;61.12;36100
@Brent Crude Oil;D;20190125;000000;61.5;34601
@Brent Crude Oil;D;20190126;000000;61.51;893
@Brent Crude Oil;D;20190128;000000;60.01;33904
@Brent Crude Oil;D;20190129;000000;61.17;30084
@Brent Crude Oil;D;20190130;000000;61.73;26257
@Brent Crude Oil;D;20190131;000000;61.89;22318
@Brent Crude Oil;D;20190201;000000;62.84;34600
@Brent Crude Oil;D;20190202;000000;62.9;887
@Brent Crude Oil;D;20190204;000000;62.72;35466
@Brent Crude Oil;D;20190205;000000;62;30755
@Brent Crude Oil;D;20190206;000000;62.63;28234
@Brent Crude Oil;D;20190207;000000;61.68;32414
@Brent Crude Oil;D;20190208;000000;62.08;30856
@Brent Crude Oil;D;20190209;000000;61.97;682
@Brent Crude Oil;D;20190211;000000;61.46;33669
@Brent Crude Oil;D;20190212;000000;62.42;33179
@Brent Crude Oil;D;20190213;000000;63.63;30833
@Brent Crude Oil;D;20190214;000000;64.66;33957
@Brent Crude Oil;D;20190215;000000;66.34;33917
@Brent Crude Oil;D;20190216;000000;66.39;728
@Brent Crude Oil;D;20190218;000000;66.5;26251
@Brent Crude Oil;D;20190219;000000;66.49;29214
@Brent Crude Oil;D;20190220;000000;67.01;31287
@Brent Crude Oil;D;20190221;000000;66.98;30253
@Brent Crude Oil;D;20190222;000000;66.99;25790
@Brent Crude Oil;D;20190223;000000;66.91;601
@Brent Crude Oil;D;20190225;000000;64.64;32505
@Brent Crude Oil;D;20190226;000000;65.37;27801
@Brent Crude Oil;D;20190227;000000;66.31;24057
@Brent Crude Oil;D;20190228;000000;66.03;14961
@Brent Crude Oil;D;20190301;000000;64.95;32803
@Brent Crude Oil;D;20190302;000000;65;635
@Brent Crude Oil;D;20190304;000000;65.61;30495
@Brent Crude Oil;D;20190305;000000;65.86;28497
@Brent Crude Oil;D;20190306;000000;65.94;30831
@Brent Crude Oil;D;20190307;000000;66.14;31202
@Brent Crude Oil;D;20190308;000000;65.81;34724
@Brent Crude Oil;D;20190309;000000;65.81;911
@Brent Crude Oil;D;20190311;000000;66.59;30472
@Brent Crude Oil;D;20190312;000000;66.82;29181
@Brent Crude Oil;D;20190313;000000;67.67;28117
@Brent Crude Oil;D;20190314;000000;67.19;29902
@Brent Crude Oil;D;20190315;000000;67.05;29635
@Brent Crude Oil;D;20190316;000000;67.02;35
@Brent Crude Oil;D;20190318;000000;67.44;27717
@Brent Crude Oil;D;20190319;000000;67.69;25902
@Brent Crude Oil;D;20190320;000000;68.25;26918
@Brent Crude Oil;D;20190321;000000;67.68;28643
@Brent Crude Oil;D;20190322;000000;66.98;29966
@Brent Crude Oil;D;20190323;000000;67.08;229
@Brent Crude Oil;D;20190325;000000;67.25;29950
@Brent Crude Oil;D;20190326;000000;68.01;25940
@Brent Crude Oil;D;20190327;000000;67.82;25375
@Brent Crude Oil;D;20190328;000000;68;22901
@Brent Crude Oil;D;20190329;000000;68.39;14483
@Brent Crude Oil;D;20190330;000000;68.39;0
@Brent Crude Oil;D;20190331;000000;68.39;0
@Brent Crude Oil;D;20190401;000000;69.2;25284
@Brent Crude Oil;D;20190402;000000;69.46;28873
@Brent Crude Oil;D;20190403;000000;69.47;29194
@Brent Crude Oil;D;20190404;000000;69.26;28219
@Brent Crude Oil;D;20190405;000000;70.39;25991
@Brent Crude Oil;D;20190406;000000;70.48;157
@Brent Crude Oil;D;20190408;000000;71.06;29854
@Brent Crude Oil;D;20190409;000000;70.77;27869
@Brent Crude Oil;D;20190410;000000;71.59;29167
@Brent Crude Oil;D;20190411;000000;70.97;28532
@Brent Crude Oil;D;20190412;000000;71.54;28045
@Brent Crude Oil;D;20190413;000000;71.55;53
@Brent Crude Oil;D;20190415;000000;71.26;27818
@Brent Crude Oil;D;20190416;000000;71.87;28231
@Brent Crude Oil;D;20190417;000000;71.62;27510
@Brent Crude Oil;D;20190418;000000;71.97;27915
@Brent Crude Oil;D;20190419;000000;72.01;50
@Brent Crude Oil;D;20190420;000000;72.01;2
@Brent Crude Oil;D;20190422;000000;74.13;33695
@Brent Crude Oil;D;20190423;000000;74.43;29492
@Brent Crude Oil;D;20190424;000000;74.55;24519
@Brent Crude Oil;D;20190425;000000;74.3;28154
@Brent Crude Oil;D;20190426;000000;71.58;28287
@Brent Crude Oil;D;20190427;000000;71.57;159
@Brent Crude Oil;D;20190429;000000;72.06;21054
@Brent Crude Oil;D;20190430;000000;72.8;14388
@Brent Crude Oil;D;20190501;000000;72.13;24474
@Brent Crude Oil;D;20190502;000000;70.35;31566
@Brent Crude Oil;D;20190503;000000;70.8;26855
@Brent Crude Oil;D;20190504;000000;70.78;25
@Brent Crude Oil;D;20190506;000000;71.38;35842
@Brent Crude Oil;D;20190507;000000;69.78;36323
@Brent Crude Oil;D;20190508;000000;70.24;33548
@Brent Crude Oil;D;20190509;000000;70.22;35277
@Brent Crude Oil;D;20190510;000000;70.8;38623
@Brent Crude Oil;D;20190511;000000;70.86;27
@Brent Crude Oil;D;20190513;000000;69.92;37903
@Brent Crude Oil;D;20190514;000000;70.87;35537
@Brent Crude Oil;D;20190515;000000;71.92;34817
@Brent Crude Oil;D;20190516;000000;72.79;34090
@Brent Crude Oil;D;20190517;000000;72.13;34087
@Brent Crude Oil;D;20190518;000000;72.17;33
@Brent Crude Oil;D;20190520;000000;72.07;35799
@Brent Crude Oil;D;20190521;000000;72.02;29846
@Brent Crude Oil;D;20190522;000000;70.82;32800
@Brent Crude Oil;D;20190523;000000;67.94;38619
@Brent Crude Oil;D;20190524;000000;69.25;33437
@Brent Crude Oil;D;20190525;000000;69.26;145
@Brent Crude Oil;D;20190527;000000;70.01;18808
@Brent Crude Oil;D;20190528;000000;70.12;33524
@Brent Crude Oil;D;20190529;000000;69.7;32987
@Brent Crude Oil;D;20190530;000000;66.46;27717
@Brent Crude Oil;D;20190531;000000;64.49;23344
@Brent Crude Oil;D;20190601;000000;61.76;298
@Brent Crude Oil;D;20190603;000000;60.8;42850
@Brent Crude Oil;D;20190604;000000;61.49;39345
@Brent Crude Oil;D;20190605;000000;60.57;36629
@Brent Crude Oil;D;20190606;000000;62.31;34728
@Brent Crude Oil;D;20190607;000000;63.3;33072
@Brent Crude Oil;D;20190608;000000;63.24;66
@Brent Crude Oil;D;20190610;000000;62.4;34451
@Brent Crude Oil;D;20190611;000000;62.08;32359
@Brent Crude Oil;D;20190612;000000;59.85;35101
@Brent Crude Oil;D;20190613;000000;61.33;42518
@Brent Crude Oil;D;20190614;000000;62.06;33093
@Brent Crude Oil;D;20190615;000000;62.04;74
@Brent Crude Oil;D;20190617;000000;60.99;30268
@Brent Crude Oil;D;20190618;000000;62.24;35144
@Brent Crude Oil;D;20190619;000000;62.23;31902
@Brent Crude Oil;D;20190620;000000;64.53;37893
@Brent Crude Oil;D;20190621;000000;65.3;36598
@Brent Crude Oil;D;20190622;000000;65.35;21
@Brent Crude Oil;D;20190624;000000;64.77;29340
@Brent Crude Oil;D;20190625;000000;65.82;32800
@Brent Crude Oil;D;20190626;000000;66.25;29833
@Brent Crude Oil;D;20190627;000000;66.37;23926
@Brent Crude Oil;D;20190628;000000;66.55;16427
@Brent Crude Oil;D;20190629;000000;66.55;0
@Brent Crude Oil;D;20190630;000000;66.55;0
@Brent Crude Oil;D;20190701;000000;65.2;38059
@Brent Crude Oil;D;20190702;000000;62.63;36842
@Brent Crude Oil;D;20190703;000000;63.89;31959
@Brent Crude Oil;D;20190704;000000;63.18;19447
@Brent Crude Oil;D;20190705;000000;64.47;28357
@Brent Crude Oil;D;20190706;000000;64.44;137
@Brent Crude Oil;D;20190708;000000;63.94;30079
@Brent Crude Oil;D;20190709;000000;64.51;30457
@Brent Crude Oil;D;20190710;000000;66.58;31726
@Brent Crude Oil;D;20190711;000000;66.7;32666
@Brent Crude Oil;D;20190712;000000;66.88;27392
@Brent Crude Oil;D;20190713;000000;67;472
@Brent Crude Oil;D;20190715;000000;66.18;28474
@Brent Crude Oil;D;20190716;000000;64.3;32559
@Brent Crude Oil;D;20190717;000000;63.55;30376
@Brent Crude Oil;D;20190718;000000;62.44;33472
@Brent Crude Oil;D;20190719;000000;62.85;32671
@Brent Crude Oil;D;20190720;000000;62.65;405
@Brent Crude Oil;D;20190722;000000;63.34;31416
@Brent Crude Oil;D;20190723;000000;64.2;27758
@Brent Crude Oil;D;20190724;000000;63.14;28655
@Brent Crude Oil;D;20190725;000000;63.13;24554
@Brent Crude Oil;D;20190726;000000;63.33;23465
@Brent Crude Oil;D;20190727;000000;63.39;77
@Brent Crude Oil;D;20190729;000000;63.86;23798
@Brent Crude Oil;D;20190730;000000;65;19858
@Brent Crude Oil;D;20190731;000000;65.17;12465
@Brent Crude Oil;D;20190801;000000;61.11;32491
@Brent Crude Oil;D;20190802;000000;61.23;38332
@Brent Crude Oil;D;20190803;000000;61.17;1071
@Brent Crude Oil;D;20190804;000000;61.89;0
@Brent Crude Oil;D;20190805;000000;60.06;40782
@Brent Crude Oil;D;20190806;000000;58.7;37058
@Brent Crude Oil;D;20190807;000000;57.38;40006
@Brent Crude Oil;D;20190808;000000;57.77;33576
@Brent Crude Oil;D;20190809;000000;58.3;32104
@Brent Crude Oil;D;20190810;000000;58.42;265
@Brent Crude Oil;D;20190812;000000;58.45;28828
@Brent Crude Oil;D;20190813;000000;60.93;32501
@Brent Crude Oil;D;20190814;000000;59.06;37639
@Brent Crude Oil;D;20190815;000000;58.3;38212
@Brent Crude Oil;D;20190816;000000;58.69;30838
@Brent Crude Oil;D;20190817;000000;58.64;89
@Brent Crude Oil;D;20190819;000000;59.78;28850
@Brent Crude Oil;D;20190820;000000;60.09;30599
@Brent Crude Oil;D;20190821;000000;60.38;30838
@Brent Crude Oil;D;20190822;000000;60.02;29256
@Brent Crude Oil;D;20190823;000000;59.15;32802
@Brent Crude Oil;D;20190824;000000;58.94;1102
@Brent Crude Oil;D;20190826;000000;58.84;37296
@Brent Crude Oil;D;20190827;000000;60.13;31131
@Brent Crude Oil;D;20190828;000000;60.45;29631
@Brent Crude Oil;D;20190829;000000;60.94;26236
@Brent Crude Oil;D;20190830;000000;60.43;24701
@Brent Crude Oil;D;20190831;000000;60.43;0
@Brent Crude Oil;D;20190902;000000;58.61;20666
@Brent Crude Oil;D;20190903;000000;58.22;32246
@Brent Crude Oil;D;20190904;000000;60.48;30038
@Brent Crude Oil;D;20190905;000000;60.75;31839
@Brent Crude Oil;D;20190906;000000;61.65;31174
@Brent Crude Oil;D;20190907;000000;61.78;125
@Brent Crude Oil;D;20190909;000000;62.7;30172
@Brent Crude Oil;D;20190910;000000;62.77;30560
@Brent Crude Oil;D;20190911;000000;61.06;31292
@Brent Crude Oil;D;20190912;000000;60.4;34150
@Brent Crude Oil;D;20190913;000000;60.16;26016
@Brent Crude Oil;D;20190914;000000;60.25;91
@Brent Crude Oil;D;20190916;000000;68.04;62653
@Brent Crude Oil;D;20190917;000000;63.94;45605
@Brent Crude Oil;D;20190918;000000;63.65;35257
@Brent Crude Oil;D;20190919;000000;64.77;32401
@Brent Crude Oil;D;20190920;000000;64.6;28188
@Brent Crude Oil;D;20190921;000000;64.77;59
@Brent Crude Oil;D;20190923;000000;64.49;26937
@Brent Crude Oil;D;20190924;000000;62.41;26577
@Brent Crude Oil;D;20190925;000000;62.56;27573
@Brent Crude Oil;D;20190926;000000;62.63;23347
@Brent Crude Oil;D;20190927;000000;61.97;24995
@Brent Crude Oil;D;20190928;000000;61.91;141
@Brent Crude Oil;D;20190930;000000;60.78;18304
@Brent Crude Oil;D;20191001;000000;59.21;28012
@Brent Crude Oil;D;20191002;000000;57.47;28897
@Brent Crude Oil;D;20191003;000000;57.62;29849
@Brent Crude Oil;D;20191004;000000;58.51;29328
@Brent Crude Oil;D;20191005;000000;58.43;38
@Brent Crude Oil;D;20191007;000000;58.42;25732
@Brent Crude Oil;D;20191008;000000;58.15;32842
@Brent Crude Oil;D;20191009;000000;58.27;30634
@Brent Crude Oil;D;20191010;000000;59.46;30510
@Brent Crude Oil;D;20191011;000000;60.69;34988
@Brent Crude Oil;D;20191012;000000;60.68;195
@Brent Crude Oil;D;20191014;000000;59.23;30099
@Brent Crude Oil;D;20191015;000000;58.84;29567
@Brent Crude Oil;D;20191016;000000;59.05;28962
@Brent Crude Oil;D;20191017;000000;59.92;27180
@Brent Crude Oil;D;20191018;000000;59.3;26410
@Brent Crude Oil;D;20191019;000000;59.3;285
@Brent Crude Oil;D;20191021;000000;59.06;24331
@Brent Crude Oil;D;20191022;000000;59.6;24100
@Brent Crude Oil;D;20191023;000000;61.06;26493
@Brent Crude Oil;D;20191024;000000;61.5;25686
@Brent Crude Oil;D;20191025;000000;61.98;21545
@Brent Crude Oil;D;20191026;000000;62.03;39
@Brent Crude Oil;D;20191028;000000;61.57;22386
@Brent Crude Oil;D;20191029;000000;61.56;23387
@Brent Crude Oil;D;20191030;000000;60.53;20936
@Brent Crude Oil;D;20191031;000000;60.23;16522
@Brent Crude Oil;D;20191101;000000;61.67;25768
@Brent Crude Oil;D;20191102;000000;61.55;103
@Brent Crude Oil;D;20191104;000000;62.17;27191
@Brent Crude Oil;D;20191105;000000;62.91;23522
@Brent Crude Oil;D;20191106;000000;61.87;25163
@Brent Crude Oil;D;20191107;000000;62.17;26169
@Brent Crude Oil;D;20191108;000000;62.63;28180
@Brent Crude Oil;D;20191109;000000;62.61;486
@Brent Crude Oil;D;20191111;000000;62.21;25625
@Brent Crude Oil;D;20191112;000000;62.08;26744
@Brent Crude Oil;D;20191113;000000;62.51;27505
@Brent Crude Oil;D;20191114;000000;62.41;25606
@Brent Crude Oil;D;20191115;000000;63.34;24719
@Brent Crude Oil;D;20191116;000000;63.45;675
@Brent Crude Oil;D;20191118;000000;62.22;23769
@Brent Crude Oil;D;20191119;000000;60.91;26412
@Brent Crude Oil;D;20191120;000000;62.38;29921
@Brent Crude Oil;D;20191121;000000;63.77;28417
@Brent Crude Oil;D;20191122;000000;63.63;25827
@Brent Crude Oil;D;20191123;000000;63.5;430
@Brent Crude Oil;D;20191125;000000;63.68;23432
@Brent Crude Oil;D;20191126;000000;64.26;25831
@Brent Crude Oil;D;20191127;000000;64.08;20996
@Brent Crude Oil;D;20191128;000000;63.92;12561
@Brent Crude Oil;D;20191129;000000;62.43;14636
@Brent Crude Oil;D;20191130;000000;62.43;0
@Brent Crude Oil;D;20191202;000000;60.87;29122
@Brent Crude Oil;D;20191203;000000;61.01;26604
@Brent Crude Oil;D;20191204;000000;63.04;29325
@Brent Crude Oil;D;20191205;000000;63.34;29318
@Brent Crude Oil;D;20191206;000000;64.25;27564
@Brent Crude Oil;D;20191207;000000;64.27;526
@Brent Crude Oil;D;20191209;000000;64.16;26249
@Brent Crude Oil;D;20191210;000000;64.39;25489
@Brent Crude Oil;D;20191211;000000;63.83;23110
@Brent Crude Oil;D;20191212;000000;64.36;23867
@Brent Crude Oil;D;20191213;000000;64.91;25799
@Brent Crude Oil;D;20191214;000000;64.99;556
@Brent Crude Oil;D;20191216;000000;65.35;21030
@Brent Crude Oil;D;20191217;000000;66.14;22636
@Brent Crude Oil;D;20191218;000000;66.18;22854
@Brent Crude Oil;D;20191219;000000;66.48;19220
@Brent Crude Oil;D;20191220;000000;66.03;21743
@Brent Crude Oil;D;20191221;000000;66.1;369
@Brent Crude Oil;D;20191223;000000;66.59;18765
@Brent Crude Oil;D;20191224;000000;67.21;13995
@Brent Crude Oil;D;20191225;000000;67.21;1
@Brent Crude Oil;D;20191226;000000;67.8;13094
@Brent Crude Oil;D;20191227;000000;68.16;15583
@Brent Crude Oil;D;20191228;000000;68.2;354
@Brent Crude Oil;D;20191230;000000;68.44;11826
@Brent Crude Oil;D;20191231;000000;68.44;0
@Brent Crude Oil;D;20200101;000000;66.03;1
@Brent Crude Oil;D;20200102;000000;66.22;22672
@Brent Crude Oil;D;20200103;000000;68.58;41033
@Brent Crude Oil;D;20200104;000000;68.7;630
@Brent Crude Oil;D;20200106;000000;68.44;36006
@Brent Crude Oil;D;20200107;000000;68.19;29187
@Brent Crude Oil;D;20200108;000000;66.27;41968
@Brent Crude Oil;D;20200109;000000;65.42;31665
@Brent Crude Oil;D;20200110;000000;65.02;27066
@Brent Crude Oil;D;20200111;000000;65.1;732
@Brent Crude Oil;D;20200113;000000;64.23;24981
@Brent Crude Oil;D;20200114;000000;64.68;26201
@Brent Crude Oil;D;20200115;000000;64.19;22771
@Brent Crude Oil;D;20200116;000000;64.68;24310
@Brent Crude Oil;D;20200117;000000;64.98;23786
@Brent Crude Oil;D;20200118;000000;65.35;742
@Brent Crude Oil;D;20200120;000000;65.16;17206
@Brent Crude Oil;D;20200121;000000;64.52;24707
@Brent Crude Oil;D;20200122;000000;63.13;25838
@Brent Crude Oil;D;20200123;000000;62.01;31666
@Brent Crude Oil;D;20200124;000000;60.86;26756
@Brent Crude Oil;D;20200125;000000;60.56;677
@Brent Crude Oil;D;20200127;000000;59.02;33520
@Brent Crude Oil;D;20200128;000000;59.65;30761
@Brent Crude Oil;D;20200129;000000;59.67;27687
@Brent Crude Oil;D;20200130;000000;59;27521
@Brent Crude Oil;D;20200131;000000;58.16;24032
@Brent Crude Oil;D;20200201;000000;56.66;1283
@Brent Crude Oil;D;20200203;000000;54.24;40807
@Brent Crude Oil;D;20200204;000000;54.05;38795
@Brent Crude Oil;D;20200205;000000;55.43;36924
@Brent Crude Oil;D;20200206;000000;55.11;35780
@Brent Crude Oil;D;20200207;000000;54.51;30710
@Brent Crude Oil;D;20200208;000000;54.5;621
@Brent Crude Oil;D;20200210;000000;53.31;32285
@Brent Crude Oil;D;20200211;000000;54.22;28704
@Brent Crude Oil;D;20200212;000000;56.07;31056
@Brent Crude Oil;D;20200213;000000;56.53;32742
@Brent Crude Oil;D;20200214;000000;57.35;28200
@Brent Crude Oil;D;20200215;000000;57.24;676
@Brent Crude Oil;D;20200217;000000;57.61;17604
@Brent Crude Oil;D;20200218;000000;57.68;27243
@Brent Crude Oil;D;20200219;000000;59.06;28448
@Brent Crude Oil;D;20200220;000000;59.32;30057
@Brent Crude Oil;D;20200221;000000;58.36;30629
@Brent Crude Oil;D;20200222;000000;58.36;629
@Brent Crude Oil;D;20200224;000000;56.09;36198
@Brent Crude Oil;D;20200225;000000;54.71;34008
@Brent Crude Oil;D;20200226;000000;53.44;40168
@Brent Crude Oil;D;20200227;000000;51.89;33235
@Brent Crude Oil;D;20200228;000000;50.52;34890
@Brent Crude Oil;D;20200229;000000;50.52;0
@Brent Crude Oil;D;20200302;000000;52.65;50816
@Brent Crude Oil;D;20200303;000000;51.97;44376
@Brent Crude Oil;D;20200304;000000;51.44;40592
@Brent Crude Oil;D;20200305;000000;49.97;38311
@Brent Crude Oil;D;20200306;000000;45.57;48169
@Brent Crude Oil;D;20200307;000000;45.5;1394
@Brent Crude Oil;D;20200309;000000;33.45;69179
@Brent Crude Oil;D;20200310;000000;37.93;49335
@Brent Crude Oil;D;20200311;000000;36.05;48834
@Brent Crude Oil;D;20200312;000000;32.64;47262
@Brent Crude Oil;D;20200313;000000;34.63;43203
@Brent Crude Oil;D;20200314;000000;34.97;222
@Brent Crude Oil;D;20200316;000000;29.61;43287
@Brent Crude Oil;D;20200317;000000;28.64;40176
@Brent Crude Oil;D;20200318;000000;26.47;36261
@Brent Crude Oil;D;20200319;000000;28.2;43571
@Brent Crude Oil;D;20200320;000000;27.39;40175
@Brent Crude Oil;D;20200321;000000;27.21;385
@Brent Crude Oil;D;20200323;000000;27.47;41975
@Brent Crude Oil;D;20200324;000000;27.58;26836
@Brent Crude Oil;D;20200325;000000;27.44;33503
@Brent Crude Oil;D;20200326;000000;26.82;29902
@Brent Crude Oil;D;20200327;000000;25.11;28848
@Brent Crude Oil;D;20200328;000000;25.1;77
@Brent Crude Oil;D;20200330;000000;22.68;27326
@Brent Crude Oil;D;20200331;000000;22.74;19761
@Brent Crude Oil;D;20200401;000000;25.66;36045
@Brent Crude Oil;D;20200402;000000;29.57;46088
@Brent Crude Oil;D;20200403;000000;34.92;46226
@Brent Crude Oil;D;20200404;000000;34.65;635
@Brent Crude Oil;D;20200406;000000;33.3;42785
@Brent Crude Oil;D;20200407;000000;32.42;37501
@Brent Crude Oil;D;20200408;000000;33.67;37459
@Brent Crude Oil;D;20200409;000000;31.77;41682
@Brent Crude Oil;D;20200410;000000;32.03;411
@Brent Crude Oil;D;20200411;000000;32.03;1
@Brent Crude Oil;D;20200413;000000;31.83;41250
@Brent Crude Oil;D;20200414;000000;30.05;35208
@Brent Crude Oil;D;20200415;000000;28;35563
@Brent Crude Oil;D;20200416;000000;28.3;34524
@Brent Crude Oil;D;20200417;000000;28.35;36320
@Brent Crude Oil;D;20200418;000000;28.25;240
@Brent Crude Oil;D;20200420;000000;25.95;44694
@Brent Crude Oil;D;20200421;000000;19.72;52676
@Brent Crude Oil;D;20200422;000000;20.83;52243
@Brent Crude Oil;D;20200423;000000;21.82;43272
@Brent Crude Oil;D;20200424;000000;21.95;36882
@Brent Crude Oil;D;20200425;000000;21.8;145
@Brent Crude Oil;D;20200427;000000;20;35875
@Brent Crude Oil;D;20200428;000000;20.8;35361
@Brent Crude Oil;D;20200429;000000;22.69;32615
@Brent Crude Oil;D;20200430;000000;25.27;28339
@Brent Crude Oil;D;20200501;000000;26.6;38074
@Brent Crude Oil;D;20200502;000000;26.6;81
@Brent Crude Oil;D;20200504;000000;27.9;39372
@Brent Crude Oil;D;20200505;000000;31.64;41118
@Brent Crude Oil;D;20200506;000000;29.84;43162
@Brent Crude Oil;D;20200507;000000;29.39;40022
@Brent Crude Oil;D;20200508;000000;30.87;36198
@Brent Crude Oil;D;20200509;000000;30.86;170
@Brent Crude Oil;D;20200511;000000;29.98;36669
@Brent Crude Oil;D;20200512;000000;29.45;31489
@Brent Crude Oil;D;20200513;000000;29.39;32044
@Brent Crude Oil;D;20200514;000000;31.4;33244
@Brent Crude Oil;D;20200515;000000;32.89;31087
@Brent Crude Oil;D;20200516;000000;32.74;282
@Brent Crude Oil;D;20200518;000000;35.55;35659
@Brent Crude Oil;D;20200519;000000;34.51;35096
@Brent Crude Oil;D;20200520;000000;35.79;30790
@Brent Crude Oil;D;20200521;000000;36.06;31247
@Brent Crude Oil;D;20200522;000000;35.34;38496
@Brent Crude Oil;D;20200523;000000;35.12;43
@Brent Crude Oil;D;20200525;000000;35.58;16609
@Brent Crude Oil;D;20200526;000000;36.13;27664
@Brent Crude Oil;D;20200527;000000;34.24;27374
@Brent Crude Oil;D;20200528;000000;35.28;29847
@Brent Crude Oil;D;20200529;000000;35.33;30436
@Brent Crude Oil;D;20200530;000000;35.33;0
@Brent Crude Oil;D;20200601;000000;38.56;34924
@Brent Crude Oil;D;20200602;000000;39.62;29131
@Brent Crude Oil;D;20200603;000000;39.44;34992
@Brent Crude Oil;D;20200604;000000;39.96;28493
@Brent Crude Oil;D;20200605;000000;41.89;31098
@Brent Crude Oil;D;20200606;000000;42.07;107
@Brent Crude Oil;D;20200608;000000;40.77;38251
@Brent Crude Oil;D;20200609;000000;40.68;35307
@Brent Crude Oil;D;20200610;000000;41.22;31734
@Brent Crude Oil;D;20200611;000000;38.29;37321
@Brent Crude Oil;D;20200612;000000;38.97;42883
@Brent Crude Oil;D;20200613;000000;39.04;109
@Brent Crude Oil;D;20200615;000000;39.78;40361
@Brent Crude Oil;D;20200616;000000;40.71;37639
@Brent Crude Oil;D;20200617;000000;40.54;33379
@Brent Crude Oil;D;20200618;000000;41.46;31064
@Brent Crude Oil;D;20200619;000000;41.95;31900
@Brent Crude Oil;D;20200620;000000;41.92;121
@Brent Crude Oil;D;20200622;000000;42.99;29222
@Brent Crude Oil;D;20200623;000000;42.39;33665
@Brent Crude Oil;D;20200624;000000;40.36;34154
@Brent Crude Oil;D;20200625;000000;41.45;34510
@Brent Crude Oil;D;20200626;000000;40.75;26800
@Brent Crude Oil;D;20200627;000000;40.67;76
@Brent Crude Oil;D;20200629;000000;41.67;27098
@Brent Crude Oil;D;20200630;000000;41.15;20804
@Brent Crude Oil;D;20200701;000000;41.95;31921
@Brent Crude Oil;D;20200702;000000;42.76;28932
@Brent Crude Oil;D;20200703;000000;42.78;15990
@Brent Crude Oil;D;20200704;000000;42.78;2
@Brent Crude Oil;D;20200706;000000;43.07;28398
@Brent Crude Oil;D;20200707;000000;42.87;27699
@Brent Crude Oil;D;20200708;000000;43.3;27238
@Brent Crude Oil;D;20200709;000000;42.37;27574
@Brent Crude Oil;D;20200710;000000;43.28;30642
@Brent Crude Oil;D;20200711;000000;43.17;222
@Brent Crude Oil;D;20200713;000000;42.25;30738
@Brent Crude Oil;D;20200714;000000;43.02;31078
@Brent Crude Oil;D;20200715;000000;43.64;28073
@Brent Crude Oil;D;20200716;000000;43.31;24847
@Brent Crude Oil;D;20200717;000000;43.11;23471
@Brent Crude Oil;D;20200718;000000;43.1;48
@Brent Crude Oil;D;20200720;000000;43.21;22716
@Brent Crude Oil;D;20200721;000000;43.98;25274
@Brent Crude Oil;D;20200722;000000;44.3;25197
@Brent Crude Oil;D;20200723;000000;43.34;27242
@Brent Crude Oil;D;20200724;000000;43.31;27082
@Brent Crude Oil;D;20200725;000000;43.42;202
@Brent Crude Oil;D;20200727;000000;43.51;24680
@Brent Crude Oil;D;20200728;000000;43.3;22202
@Brent Crude Oil;D;20200729;000000;43.77;16671
@Brent Crude Oil;D;20200730;000000;43.31;19963
@Brent Crude Oil;D;20200731;000000;43.3;16151
@Brent Crude Oil;D;20200801;000000;43.71;56
@Brent Crude Oil;D;20200803;000000;43.87;27112
@Brent Crude Oil;D;20200804;000000;44.33;27339
@Brent Crude Oil;D;20200805;000000;45.21;29204
@Brent Crude Oil;D;20200806;000000;45.13;27770
@Brent Crude Oil;D;20200807;000000;44.69;27196
@Brent Crude Oil;D;20200808;000000;44.69;279
@Brent Crude Oil;D;20200810;000000;44.93;23129
@Brent Crude Oil;D;20200811;000000;44.59;26540
@Brent Crude Oil;D;20200812;000000;45.31;25729
@Brent Crude Oil;D;20200813;000000;45.06;21728
@Brent Crude Oil;D;20200814;000000;44.95;20712
@Brent Crude Oil;D;20200815;000000;44.95;284
@Brent Crude Oil;D;20200817;000000;45.29;22214
@Brent Crude Oil;D;20200818;000000;44.99;21136
@Brent Crude Oil;D;20200819;000000;45.21;19461
@Brent Crude Oil;D;20200820;000000;44.87;22345
@Brent Crude Oil;D;20200821;000000;44.29;23380
@Brent Crude Oil;D;20200822;000000;44.26;100
@Brent Crude Oil;D;20200824;000000;45.03;22066
@Brent Crude Oil;D;20200825;000000;45.98;21701
@Brent Crude Oil;D;20200826;000000;45.68;20258
@Brent Crude Oil;D;20200827;000000;45.1;18141
@Brent Crude Oil;D;20200828;000000;45.05;12301
@Brent Crude Oil;D;20200829;000000;45.05;0
@Brent Crude Oil;D;20200831;000000;45.05;0
@Brent Crude Oil;D;20200901;000000;45.79;22537
@Brent Crude Oil;D;20200902;000000;44.38;25910
@Brent Crude Oil;D;20200903;000000;44.02;33249
@Brent Crude Oil;D;20200904;000000;42.34;32779
@Brent Crude Oil;D;20200905;000000;42.35;50
@Brent Crude Oil;D;20200907;000000;42.05;22666
@Brent Crude Oil;D;20200908;000000;39.87;37887
@Brent Crude Oil;D;20200909;000000;40.6;34787
@Brent Crude Oil;D;20200910;000000;39.79;29258
@Brent Crude Oil;D;20200911;000000;39.75;29624
@Brent Crude Oil;D;20200912;000000;39.92;323
@Brent Crude Oil;D;20200914;000000;39.6;26318
@Brent Crude Oil;D;20200915;000000;40.63;25219
@Brent Crude Oil;D;20200916;000000;42.3;27973
@Brent Crude Oil;D;20200917;000000;43.3;31330
@Brent Crude Oil;D;20200918;000000;43.09;28026
@Brent Crude Oil;D;20200919;000000;43.04;283
@Brent Crude Oil;D;20200921;000000;41.72;32828
@Brent Crude Oil;D;20200922;000000;41.71;30821
@Brent Crude Oil;D;20200923;000000;41.49;30253
@Brent Crude Oil;D;20200924;000000;41.77;30637
@Brent Crude Oil;D;20200925;000000;41.8;26995
@Brent Crude Oil;D;20200926;000000;41.79;111
@Brent Crude Oil;D;20200928;000000;42.46;21898
@Brent Crude Oil;D;20200929;000000;40.84;21712
@Brent Crude Oil;D;20200930;000000;40.95;25703
@Brent Crude Oil;D;20201001;000000;40.77;33829
@Brent Crude Oil;D;20201002;000000;39.15;38245
@Brent Crude Oil;D;20201003;000000;38.9;416
@Brent Crude Oil;D;20201005;000000;41.45;34121
@Brent Crude Oil;D;20201006;000000;41.88;33688
@Brent Crude Oil;D;20201007;000000;42.15;29942
@Brent Crude Oil;D;20201008;000000;43.42;29042
@Brent Crude Oil;D;20201009;000000;42.8;27831
@Brent Crude Oil;D;20201010;000000;42.82;110
@Brent Crude Oil;D;20201012;000000;41.75;26784
@Brent Crude Oil;D;20201013;000000;42.44;31087
@Brent Crude Oil;D;20201014;000000;43.38;29258
@Brent Crude Oil;D;20201015;000000;43.11;32736
@Brent Crude Oil;D;20201016;000000;42.83;29216
@Brent Crude Oil;D;20201017;000000;42.85;72
@Brent Crude Oil;D;20201019;000000;42.49;27071
@Brent Crude Oil;D;20201020;000000;42.76;27925
@Brent Crude Oil;D;20201021;000000;41.71;27624
@Brent Crude Oil;D;20201022;000000;42.42;27700
@Brent Crude Oil;D;20201023;000000;41.67;24447
@Brent Crude Oil;D;20201024;000000;41.59;147
@Brent Crude Oil;D;20201026;000000;40.48;31211
@Brent Crude Oil;D;20201027;000000;40.64;27174
@Brent Crude Oil;D;20201028;000000;39.08;30503
@Brent Crude Oil;D;20201029;000000;37.55;31096
@Brent Crude Oil;D;20201030;000000;37.46;19127
@Brent Crude Oil;D;20201031;000000;37.46;0
@Brent Crude Oil;D;20201102;000000;39.28;38730
@Brent Crude Oil;D;20201103;000000;39.92;33320
@Brent Crude Oil;D;20201104;000000;41.05;40453
@Brent Crude Oil;D;20201105;000000;40.73;30970
@Brent Crude Oil;D;20201106;000000;39.72;32197
@Brent Crude Oil;D;20201107;000000;39.6;535
@Brent Crude Oil;D;20201109;000000;42.14;36096
@Brent Crude Oil;D;20201110;000000;43.57;36490
@Brent Crude Oil;D;20201111;000000;43.89;38437
@Brent Crude Oil;D;20201112;000000;43.4;33740
@Brent Crude Oil;D;20201113;000000;42.81;30103
@Brent Crude Oil;D;20201114;000000;42.63;672
@Brent Crude Oil;D;20201116;000000;43.85;28987
@Brent Crude Oil;D;20201117;000000;43.85;27498
@Brent Crude Oil;D;20201118;000000;44.23;26865
@Brent Crude Oil;D;20201119;000000;44.36;25900
@Brent Crude Oil;D;20201120;000000;45.04;24643
@Brent Crude Oil;D;20201121;000000;45.24;1401
@Brent Crude Oil;D;20201123;000000;45.81;27363
@Brent Crude Oil;D;20201124;000000;47.87;29779
@Brent Crude Oil;D;20201125;000000;48.73;32933
@Brent Crude Oil;D;20201126;000000;47.73;18115
@Brent Crude Oil;D;20201127;000000;48.27;17364
@Brent Crude Oil;D;20201128;000000;48.27;2
@Brent Crude Oil;D;20201130;000000;47.59;15740
@Brent Crude Oil;D;20201201;000000;47.37;28443
@Brent Crude Oil;D;20201202;000000;48.14;29103
@Brent Crude Oil;D;20201203;000000;48.7;29885
@Brent Crude Oil;D;20201204;000000;49.04;29542
@Brent Crude Oil;D;20201205;000000;49.03;543
@Brent Crude Oil;D;20201207;000000;48.75;26765
@Brent Crude Oil;D;20201208;000000;48.91;26934
@Brent Crude Oil;D;20201209;000000;48.97;29334
@Brent Crude Oil;D;20201210;000000;50.38;30434
@Brent Crude Oil;D;20201211;000000;50.01;30153
@Brent Crude Oil;D;20201212;000000;50.07;493
@Brent Crude Oil;D;20201214;000000;50.27;27418
@Brent Crude Oil;D;20201215;000000;50.74;27068
@Brent Crude Oil;D;20201216;000000;51.05;25053
@Brent Crude Oil;D;20201217;000000;51.53;25685
@Brent Crude Oil;D;20201218;000000;52.24;24362
@Brent Crude Oil;D;20201219;000000;52.37;660
@Brent Crude Oil;D;20201221;000000;50.81;36463
@Brent Crude Oil;D;20201222;000000;49.99;28776
@Brent Crude Oil;D;20201223;000000;51.11;27490
@Brent Crude Oil;D;20201224;000000;51.3;19451
@Brent Crude Oil;D;20201225;000000;51.3;1
@Brent Crude Oil;D;20201226;000000;51.3;1
@Brent Crude Oil;D;20201228;000000;50.92;21175
@Brent Crude Oil;D;20201229;000000;51.05;18905
@Brent Crude Oil;D;20201230;000000;51.34;11932
@Brent Crude Oil;D;20201231;000000;51.34;0
@Brent Crude Oil;D;20210101;000000;51.72;1
@Brent Crude Oil;D;20210102;000000;51.72;1
@Brent Crude Oil;D;20210104;000000;50.7;39009
@Brent Crude Oil;D;20210105;000000;53.65;34687
@Brent Crude Oil;D;20210106;000000;54.03;39848
@Brent Crude Oil;D;20210107;000000;54.53;30964
@Brent Crude Oil;D;20210108;000000;56.13;32386
@Brent Crude Oil;D;20210109;000000;56.36;1161
@Brent Crude Oil;D;20210111;000000;55.48;33258
@Brent Crude Oil;D;20210112;000000;56.54;29431
@Brent Crude Oil;D;20210113;000000;56.03;31554
@Brent Crude Oil;D;20210114;000000;56.36;28366
@Brent Crude Oil;D;20210115;000000;54.96;29656
@Brent Crude Oil;D;20210116;000000;55;841
@Brent Crude Oil;D;20210118;000000;54.78;20431
@Brent Crude Oil;D;20210119;000000;55.84;26549
@Brent Crude Oil;D;20210120;000000;55.89;27088
@Brent Crude Oil;D;20210121;000000;56;25846
@Brent Crude Oil;D;20210122;000000;55.28;31821
@Brent Crude Oil;D;20210123;000000;55.21;707
@Brent Crude Oil;D;20210125;000000;55.86;29913
@Brent Crude Oil;D;20210126;000000;55.82;27350
@Brent Crude Oil;D;20210127;000000;55.59;27068
@Brent Crude Oil;D;20210128;000000;55.51;23907
@Brent Crude Oil;D;20210129;000000;55.88;20471
@Brent Crude Oil;D;20210130;000000;55.88;0
@Brent Crude Oil;D;20210201;000000;56.45;32332
@Brent Crude Oil;D;20210202;000000;57.56;34191
@Brent Crude Oil;D;20210203;000000;58.47;31107
@Brent Crude Oil;D;20210204;000000;58.92;28860
@Brent Crude Oil;D;20210205;000000;59.46;26891
@Brent Crude Oil;D;20210206;000000;59.62;1453
@Brent Crude Oil;D;20210208;000000;60.64;26677
@Brent Crude Oil;D;20210209;000000;61.16;29344
@Brent Crude Oil;D;20210212;000000;62.62;27917
@Brent Crude Oil;D;20210213;000000;62.43;932
@Brent Crude Oil;D;20210215;000000;63.26;24086
@Brent Crude Oil;D;20210216;000000;63.49;29732
@Brent Crude Oil;D;20210217;000000;64.43;34683
@Brent Crude Oil;D;20210218;000000;63.43;39478
@Brent Crude Oil;D;20210219;000000;62.66;39496
@Brent Crude Oil;D;20210220;000000;62.91;730
@Brent Crude Oil;D;20210222;000000;65.22;36963
@Brent Crude Oil;D;20210223;000000;65.77;40606
@Brent Crude Oil;D;20210224;000000;67.08;32567
@Brent Crude Oil;D;20210225;000000;66.91;30162
@Brent Crude Oil;D;20210226;000000;66.13;26416
@Brent Crude Oil;D;20210227;000000;66.13;0
@Brent Crude Oil;D;20210301;000000;63.47;35870
@Brent Crude Oil;D;20210302;000000;62.53;43701
@Brent Crude Oil;D;20210303;000000;64.02;41354
@Brent Crude Oil;D;20210304;000000;67.11;47046
@Brent Crude Oil;D;20210305;000000;69.56;45849
@Brent Crude Oil;D;20210306;000000;69.36;1070
@Brent Crude Oil;D;20210308;000000;67.9;46647
@Brent Crude Oil;D;20210309;000000;67.3;41126
@Brent Crude Oil;D;20210310;000000;68.26;39667
@Brent Crude Oil;D;20210311;000000;69.76;34751
@Brent Crude Oil;D;20210312;000000;69.23;30923
@Brent Crude Oil;D;20210313;000000;69.23;692
@Brent Crude Oil;D;20210315;000000;68.81;34520
@Brent Crude Oil;D;20210316;000000;68.52;31742
@Brent Crude Oil;D;20210317;000000;67.86;34445
@Brent Crude Oil;D;20210318;000000;62.79;42978
@Brent Crude Oil;D;20210319;000000;64.57;45913
@Brent Crude Oil;D;20210320;000000;64.46;197
@Brent Crude Oil;D;20210321;000000;64.46;1
@Brent Crude Oil;D;20210322;000000;64.3;36043
@Brent Crude Oil;D;20210323;000000;60.44;41371
@Brent Crude Oil;D;20210324;000000;64.12;40100
@Brent Crude Oil;D;20210325;000000;61.7;39216
@Brent Crude Oil;D;20210326;000000;64.37;34573
@Brent Crude Oil;D;20210327;000000;64.33;96
@Brent Crude Oil;D;20210329;000000;65.07;35914
@Brent Crude Oil;D;20210330;000000;64.05;28136
@Brent Crude Oil;D;20210331;000000;63.54;20148
@Brent Crude Oil;D;20210401;000000;64.62;42225
@Brent Crude Oil;D;20210402;000000;64.65;284
@Brent Crude Oil;D;20210403;000000;64.65;1
@Brent Crude Oil;D;20210405;000000;62.22;31618
@Brent Crude Oil;D;20210406;000000;62.67;37193
@Brent Crude Oil;D;20210407;000000;62.99;34255
@Brent Crude Oil;D;20210408;000000;63.28;31168
@Brent Crude Oil;D;20210409;000000;63;27286
@Brent Crude Oil;D;20210410;000000;63.05;139
@Brent Crude Oil;D;20210412;000000;63.18;33359
@Brent Crude Oil;D;20210413;000000;63.96;30588
@Brent Crude Oil;D;20210414;000000;66.24;32810
@Brent Crude Oil;D;20210415;000000;66.8;31507
@Brent Crude Oil;D;20210416;000000;66.7;29021
@Brent Crude Oil;D;20210417;000000;66.72;39
@Brent Crude Oil;D;20210419;000000;67.15;29394
@Brent Crude Oil;D;20210420;000000;66.29;34138
@Brent Crude Oil;D;20210421;000000;65.07;34209
@Brent Crude Oil;D;20210422;000000;65.6;33771
@Brent Crude Oil;D;20210423;000000;66.02;29064
@Brent Crude Oil;D;20210424;000000;66.12;130
@Brent Crude Oil;D;20210426;000000;65.73;31924
@Brent Crude Oil;D;20210427;000000;66.57;28826
@Brent Crude Oil;D;20210428;000000;67.02;25214
@Brent Crude Oil;D;20210429;000000;68.47;23332
@Brent Crude Oil;D;20210430;000000;67.25;22082
@Brent Crude Oil;D;20210501;000000;66.44;968
@Brent Crude Oil;D;20210503;000000;67.59;23433
@Brent Crude Oil;D;20210504;000000;69.35;25792
@Brent Crude Oil;D;20210505;000000;68.63;31253
@Brent Crude Oil;D;20210506;000000;68.21;35947
@Brent Crude Oil;D;20210507;000000;68.24;30661
@Brent Crude Oil;D;20210508;000000;68.27;122
@Brent Crude Oil;D;20210510;000000;68.27;31045
@Brent Crude Oil;D;20210511;000000;68.68;34450
@Brent Crude Oil;D;20210512;000000;68.95;36497
@Brent Crude Oil;D;20210513;000000;67;37955
@Brent Crude Oil;D;20210514;000000;68.82;32654
@Brent Crude Oil;D;20210515;000000;68.83;66
@Brent Crude Oil;D;20210517;000000;69.56;33126
@Brent Crude Oil;D;20210518;000000;68.47;32023
@Brent Crude Oil;D;20210519;000000;66.65;38867
@Brent Crude Oil;D;20210520;000000;64.91;38998
@Brent Crude Oil;D;20210521;000000;66.68;33133
@Brent Crude Oil;D;20210522;000000;66.73;75
@Brent Crude Oil;D;20210523;000000;66.44;0
@Brent Crude Oil;D;20210524;000000;68.5;30921
@Brent Crude Oil;D;20210525;000000;68.57;31930
@Brent Crude Oil;D;20210526;000000;68.82;23856
@Brent Crude Oil;D;20210527;000000;69.41;20160
@Brent Crude Oil;D;20210528;000000;69.63;18359
@Brent Crude Oil;D;20210529;000000;69.63;0
@Brent Crude Oil;D;20210601;000000;70.6;33858
@Brent Crude Oil;D;20210602;000000;71.28;26667
@Brent Crude Oil;D;20210603;000000;71.42;29422
@Brent Crude Oil;D;20210604;000000;71.61;27080
@Brent Crude Oil;D;20210605;000000;71.82;117
@Brent Crude Oil;D;20210607;000000;71.48;27303
@Brent Crude Oil;D;20210608;000000;72.12;30139
@Brent Crude Oil;D;20210609;000000;72.02;27910
@Brent Crude Oil;D;20210610;000000;72.32;31306
@Brent Crude Oil;D;20210611;000000;72.63;30213
@Brent Crude Oil;D;20210612;000000;72.62;206
@Brent Crude Oil;D;20210614;000000;73.18;25446
@Brent Crude Oil;D;20210615;000000;74.31;29793
@Brent Crude Oil;D;20210616;000000;73.9;31999
@Brent Crude Oil;D;20210617;000000;73.12;35515
@Brent Crude Oil;D;20210618;000000;73.24;31618
@Brent Crude Oil;D;20210619;000000;73.22;100
@Brent Crude Oil;D;20210621;000000;74.85;34657
@Brent Crude Oil;D;20210622;000000;75.03;30303
@Brent Crude Oil;D;20210623;000000;75.41;29163
@Brent Crude Oil;D;20210624;000000;75.61;24096
@Brent Crude Oil;D;20210625;000000;76.09;27219
@Brent Crude Oil;D;20210626;000000;76.01;126
@Brent Crude Oil;D;20210628;000000;74.61;24289
@Brent Crude Oil;D;20210629;000000;75.05;22102
@Brent Crude Oil;D;20210630;000000;75.13;16377
@Brent Crude Oil;D;20210701;000000;75.58;36927
@Brent Crude Oil;D;20210702;000000;76.14;30949
@Brent Crude Oil;D;20210703;000000;75.97;93
@Brent Crude Oil;D;20210705;000000;77.1;19332
@Brent Crude Oil;D;20210706;000000;74.95;36479
@Brent Crude Oil;D;20210707;000000;73.4;37499
@Brent Crude Oil;D;20210708;000000;74.39;37917
@Brent Crude Oil;D;20210709;000000;75.58;30831
@Brent Crude Oil;D;20210710;000000;75.58;210
@Brent Crude Oil;D;20210712;000000;75.26;27896
@Brent Crude Oil;D;20210713;000000;76.5;30170
@Brent Crude Oil;D;20210714;000000;74.58;34014
@Brent Crude Oil;D;20210715;000000;73.22;36690
@Brent Crude Oil;D;20210716;000000;73.14;34320
@Brent Crude Oil;D;20210717;000000;73.3;311
@Brent Crude Oil;D;20210719;000000;68.76;48061
@Brent Crude Oil;D;20210720;000000;68.65;40793
@Brent Crude Oil;D;20210721;000000;72.16;35807
@Brent Crude Oil;D;20210722;000000;73.6;35279
@Brent Crude Oil;D;20210723;000000;74.22;29478
@Brent Crude Oil;D;20210724;000000;74.19;452
@Brent Crude Oil;D;20210726;000000;74.82;34970
@Brent Crude Oil;D;20210727;000000;74.71;32973
@Brent Crude Oil;D;20210728;000000;74.76;27023
@Brent Crude Oil;D;20210729;000000;75.94;19575
@Brent Crude Oil;D;20210730;000000;76.33;20651
@Brent Crude Oil;D;20210731;000000;76.33;0
@Brent Crude Oil;D;20210802;000000;73.12;34629
@Brent Crude Oil;D;20210803;000000;72.17;34145
@Brent Crude Oil;D;20210804;000000;70.22;37908
@Brent Crude Oil;D;20210805;000000;71.24;33956
@Brent Crude Oil;D;20210806;000000;70.28;32589
@Brent Crude Oil;D;20210807;000000;70.49;149
@Brent Crude Oil;D;20210809;000000;69.25;42606
@Brent Crude Oil;D;20210810;000000;70.81;33492
@Brent Crude Oil;D;20210811;000000;71.6;37732
@Brent Crude Oil;D;20210812;000000;71.16;29483
@Brent Crude Oil;D;20210813;000000;70.25;27883
@Brent Crude Oil;D;20210814;000000;70.25;64
@Brent Crude Oil;D;20210816;000000;69.69;38628
@Brent Crude Oil;D;20210817;000000;69.01;34651
@Brent Crude Oil;D;20210818;000000;67.29;37259
@Brent Crude Oil;D;20210819;000000;66.64;47103
@Brent Crude Oil;D;20210820;000000;65.02;39428
@Brent Crude Oil;D;20210821;000000;65;89
@Brent Crude Oil;D;20210823;000000;68.67;36165
@Brent Crude Oil;D;20210824;000000;71.16;33670
@Brent Crude Oil;D;20210825;000000;71.9;31975
@Brent Crude Oil;D;20210826;000000;71.46;32825
@Brent Crude Oil;D;20210827;000000;72.62;24521
@Brent Crude Oil;D;20210828;000000;72.75;45
@Brent Crude Oil;D;20210830;000000;73.28;27137
@Brent Crude Oil;D;20210831;000000;72.99;17679
@Brent Crude Oil;D;20210901;000000;71.28;32027
@Brent Crude Oil;D;20210902;000000;72.83;30545
@Brent Crude Oil;D;20210903;000000;72.43;30667
@Brent Crude Oil;D;20210904;000000;72.48;116
@Brent Crude Oil;D;20210906;000000;72.1;21366
@Brent Crude Oil;D;20210907;000000;71.6;33205
@Brent Crude Oil;D;20210908;000000;72.7;32922
@Brent Crude Oil;D;20210909;000000;71.21;37308
@Brent Crude Oil;D;20210910;000000;72.87;31691
@Brent Crude Oil;D;20210911;000000;72.95;32
@Brent Crude Oil;D;20210913;000000;73.64;30689
@Brent Crude Oil;D;20210914;000000;73.89;32726
@Brent Crude Oil;D;20210915;000000;75.42;33584
@Brent Crude Oil;D;20210916;000000;75.63;34303
@Brent Crude Oil;D;20210917;000000;75.31;34230
@Brent Crude Oil;D;20210918;000000;75.49;87
@Brent Crude Oil;D;20210920;000000;74.14;40375
@Brent Crude Oil;D;20210921;000000;74.68;35437
@Brent Crude Oil;D;20210922;000000;75.94;34923
@Brent Crude Oil;D;20210923;000000;77.23;32503
@Brent Crude Oil;D;20210924;000000;78.04;30485
@Brent Crude Oil;D;20210925;000000;78.07;18
@Brent Crude Oil;D;20210927;000000;79.4;36401
@Brent Crude Oil;D;20210928;000000;78.2;32067
@Brent Crude Oil;D;20210929;000000;78.5;30285
@Brent Crude Oil;D;20210930;000000;78.52;25175
@Brent Crude Oil;D;20211001;000000;79.18;37136
@Brent Crude Oil;D;20211002;000000;79.24;189
@Brent Crude Oil;D;20211004;000000;81.3;36408
@Brent Crude Oil;D;20211005;000000;82.68;36600
@Brent Crude Oil;D;20211006;000000;80.78;41762
@Brent Crude Oil;D;20211007;000000;82.43;39563
@Brent Crude Oil;D;20211008;000000;82.57;37688
@Brent Crude Oil;D;20211009;000000;82.58;122
@Brent Crude Oil;D;20211011;000000;83.62;40699
@Brent Crude Oil;D;20211012;000000;83.28;38254
@Brent Crude Oil;D;20211013;000000;83.33;38911
@Brent Crude Oil;D;20211014;000000;84.16;35132
@Brent Crude Oil;D;20211015;000000;84.91;33651
@Brent Crude Oil;D;20211016;000000;84.92;95
@Brent Crude Oil;D;20211018;000000;84.08;39438
@Brent Crude Oil;D;20211019;000000;85.14;37774
@Brent Crude Oil;D;20211020;000000;85.87;35733
@Brent Crude Oil;D;20211021;000000;84.76;37758
@Brent Crude Oil;D;20211022;000000;85.71;36168
@Brent Crude Oil;D;20211023;000000;85.77;105
@Brent Crude Oil;D;20211025;000000;85.98;33469
@Brent Crude Oil;D;20211026;000000;86.21;30639
@Brent Crude Oil;D;20211027;000000;84.07;30559
@Brent Crude Oil;D;20211028;000000;84.54;31007
@Brent Crude Oil;D;20211029;000000;84.38;22014
@Brent Crude Oil;D;20211030;000000;84.38;0
@Brent Crude Oil;D;20211101;000000;84.45;25362
@Brent Crude Oil;D;20211102;000000;84.05;34380
@Brent Crude Oil;D;20211103;000000;81.32;38884
@Brent Crude Oil;D;20211104;000000;80.94;41734
@Brent Crude Oil;D;20211105;000000;82.37;39849
@Brent Crude Oil;D;20211106;000000;82.55;989
@Brent Crude Oil;D;20211108;000000;83.7;36280
@Brent Crude Oil;D;20211109;000000;84.91;36000
@Brent Crude Oil;D;20211110;000000;82.67;38882
@Brent Crude Oil;D;20211111;000000;82.52;40462
@Brent Crude Oil;D;20211112;000000;82.07;34738
@Brent Crude Oil;D;20211113;000000;81.95;672
@Brent Crude Oil;D;20211115;000000;82.02;35904
@Brent Crude Oil;D;20211116;000000;82.49;35082
@Brent Crude Oil;D;20211117;000000;80.56;36731
@Brent Crude Oil;D;20211118;000000;81.14;37909
@Brent Crude Oil;D;20211119;000000;78.4;44688
@Brent Crude Oil;D;20211120;000000;78.66;798
@Brent Crude Oil;D;20211122;000000;79.29;39210
@Brent Crude Oil;D;20211123;000000;82.53;39380
@Brent Crude Oil;D;20211124;000000;82.13;35905
@Brent Crude Oil;D;20211125;000000;82.25;19458
@Brent Crude Oil;D;20211126;000000;72.89;42639
@Brent Crude Oil;D;20211127;000000;72.89;2
@Brent Crude Oil;D;20211128;000000;72.89;1
@Brent Crude Oil;D;20211129;000000;73;47888
@Brent Crude Oil;D;20211130;000000;70.57;41386
@Brent Crude Oil;D;20211201;000000;68.48;50550
@Brent Crude Oil;D;20211202;000000;70.04;49223
@Brent Crude Oil;D;20211203;000000;69.88;45223
@Brent Crude Oil;D;20211204;000000;70.14;975
@Brent Crude Oil;D;20211206;000000;73.49;41331
@Brent Crude Oil;D;20211207;000000;74.85;42166
@Brent Crude Oil;D;20211208;000000;75.99;40201
@Brent Crude Oil;D;20211209;000000;73.92;35907
@Brent Crude Oil;D;20211210;000000;75.36;35667
@Brent Crude Oil;D;20211211;000000;75.27;449
@Brent Crude Oil;D;20211213;000000;74.36;36738
@Brent Crude Oil;D;20211214;000000;73.39;38077
@Brent Crude Oil;D;20211215;000000;74.44;36157
@Brent Crude Oil;D;20211216;000000;74.71;34792
@Brent Crude Oil;D;20211217;000000;73.21;37313
@Brent Crude Oil;D;20211218;000000;72.87;866
@Brent Crude Oil;D;20211220;000000;71.85;48111
@Brent Crude Oil;D;20211221;000000;74.22;37540
@Brent Crude Oil;D;20211222;000000;75.52;33517
@Brent Crude Oil;D;20211223;000000;76.84;30234
@Brent Crude Oil;D;20211224;000000;75.86;9921
@Brent Crude Oil;D;20211225;000000;75.86;1
@Brent Crude Oil;D;20211227;000000;78.76;26072
@Brent Crude Oil;D;20211228;000000;78.95;25753
@Brent Crude Oil;D;20211229;000000;79.18;26001
@Brent Crude Oil;D;20211230;000000;79.32;16319
@Brent Crude Oil;D;20211231;000000;79.32;0
@Brent Crude Oil;D;20220101;000000;77.94;1
@Brent Crude Oil;D;20220103;000000;78.9;30030
@Brent Crude Oil;D;20220104;000000;79.95;36110
@Brent Crude Oil;D;20220105;000000;80.07;36023
@Brent Crude Oil;D;20220106;000000;81.94;43246
@Brent Crude Oil;D;20220107;000000;81.91;39010
@Brent Crude Oil;D;20220108;000000;81.93;775
@Brent Crude Oil;D;20220110;000000;80.97;40459
@Brent Crude Oil;D;20220111;000000;83.74;37052
@Brent Crude Oil;D;20220112;000000;84.7;37670
@Brent Crude Oil;D;20220113;000000;83.9;36113
@Brent Crude Oil;D;20220114;000000;86.41;41684
@Brent Crude Oil;D;20220115;000000;86.47;1209
@Brent Crude Oil;D;20220117;000000;86.56;27222
@Brent Crude Oil;D;20220118;000000;87.94;44342
@Brent Crude Oil;D;20220119;000000;88.02;46445
@Brent Crude Oil;D;20220120;000000;87.39;42862
@Brent Crude Oil;D;20220121;000000;87.75;50312
@Brent Crude Oil;D;20220122;000000;87.9;782
@Brent Crude Oil;D;20220124;000000;86.81;49811
@Brent Crude Oil;D;20220125;000000;88.11;48273
@Brent Crude Oil;D;20220126;000000;89.33;45750
@Brent Crude Oil;D;20220127;000000;89.7;45892
@Brent Crude Oil;D;20220128;000000;90.46;42738
@Brent Crude Oil;D;20220129;000000;90.54;914
@Brent Crude Oil;D;20220131;000000;91.21;29896
@Brent Crude Oil;D;20220201;000000;89.44;36176
@Brent Crude Oil;D;20220202;000000;89.58;36188
@Brent Crude Oil;D;20220203;000000;90.95;37071
@Brent Crude Oil;D;20220204;000000;93.16;40685
@Brent Crude Oil;D;20220205;000000;92.52;1344
@Brent Crude Oil;D;20220207;000000;92.73;43125
@Brent Crude Oil;D;20220208;000000;91.08;39424
@Brent Crude Oil;D;20220209;000000;91.8;38408
@Brent Crude Oil;D;20220210;000000;91.46;40079
@Brent Crude Oil;D;20220211;000000;95;43831
@Brent Crude Oil;D;20220212;000000;95.1;2009
@Brent Crude Oil;D;20220214;000000;96.01;48939
@Brent Crude Oil;D;20220215;000000;93.27;44859
@Brent Crude Oil;D;20220216;000000;91.85;43861
@Brent Crude Oil;D;20220217;000000;92.96;47978
@Brent Crude Oil;D;20220218;000000;93.66;30303
@Brent Crude Oil;D;20220219;000000;93.61;2396
@Brent Crude Oil;D;20220221;000000;96.59;36892
@Brent Crude Oil;D;20220222;000000;96.39;47003
@Brent Crude Oil;D;20220223;000000;96.93;39885
@Brent Crude Oil;D;20220224;000000;99.36;66414
@Brent Crude Oil;D;20220225;000000;98.85;47214
@Brent Crude Oil;D;20220226;000000;98.57;885
@Brent Crude Oil;D;20220228;000000;100.99;40530
@Brent Crude Oil;D;20220301;000000;106.12;48877
@Brent Crude Oil;D;20220302;000000;114.23;56742
@Brent Crude Oil;D;20220303;000000;110.91;52817
@Brent Crude Oil;D;20220304;000000;118.45;49327
@Brent Crude Oil;D;20220305;000000;118.05;1792
@Brent Crude Oil;D;20220307;000000;123.46;58967
@Brent Crude Oil;D;20220308;000000;129.1;54889
@Brent Crude Oil;D;20220309;000000;112.94;54686
@Brent Crude Oil;D;20220310;000000;109.86;50927
@Brent Crude Oil;D;20220311;000000;112.47;47883
@Brent Crude Oil;D;20220312;000000;112.12;984
@Brent Crude Oil;D;20220314;000000;105.99;31653
@Brent Crude Oil;D;20220315;000000;98.65;48596
@Brent Crude Oil;D;20220316;000000;98.1;46013
@Brent Crude Oil;D;20220317;000000;106.98;39411
@Brent Crude Oil;D;20220318;000000;107.61;36196
@Brent Crude Oil;D;20220319;000000;108.2;72
@Brent Crude Oil;D;20220321;000000;116.67;38586
@Brent Crude Oil;D;20220322;000000;114.45;41932
@Brent Crude Oil;D;20220323;000000;121.31;40754
@Brent Crude Oil;D;20220324;000000;118;42236
@Brent Crude Oil;D;20220325;000000;119.38;42851
@Brent Crude Oil;D;20220326;000000;119.98;133
@Brent Crude Oil;D;20220328;000000;109.59;47659
@Brent Crude Oil;D;20220329;000000;111.24;44866
@Brent Crude Oil;D;20220330;000000;112.76;40264
@Brent Crude Oil;D;20220331;000000;107.91;39755
@Brent Crude Oil;D;20220401;000000;104.6;41901
@Brent Crude Oil;D;20220402;000000;104.75;82
@Brent Crude Oil;D;20220404;000000;108.02;36733
@Brent Crude Oil;D;20220405;000000;105.93;37582
@Brent Crude Oil;D;20220406;000000;101.83;41191
@Brent Crude Oil;D;20220407;000000;101.54;42241
@Brent Crude Oil;D;20220408;000000;102.4;39218
@Brent Crude Oil;D;20220409;000000;102.4;30
@Brent Crude Oil;D;20220411;000000;99.25;39899
@Brent Crude Oil;D;20220412;000000;105.01;42059
@Brent Crude Oil;D;20220413;000000;108.78;37854
@Brent Crude Oil;D;20220414;000000;111.63;38976
@Brent Crude Oil;D;20220415;000000;111.66;191
@Brent Crude Oil;D;20220416;000000;111.66;1
@Brent Crude Oil;D;20220418;000000;112.68;36315
@Brent Crude Oil;D;20220419;000000;107.4;38443
@Brent Crude Oil;D;20220420;000000;107.23;40380
@Brent Crude Oil;D;20220421;000000;108.62;37207
@Brent Crude Oil;D;20220422;000000;106.11;37473
@Brent Crude Oil;D;20220423;000000;106.2;47
@Brent Crude Oil;D;20220425;000000;102.57;45098
@Brent Crude Oil;D;20220426;000000;105.27;42112
@Brent Crude Oil;D;20220427;000000;105.14;34056
@Brent Crude Oil;D;20220428;000000;107.42;35865
@Brent Crude Oil;D;20220429;000000;109.34;40277
@Brent Crude Oil;D;20220430;000000;109.34;0
@Brent Crude Oil;D;20220502;000000;107.55;37251
@Brent Crude Oil;D;20220503;000000;105.95;33461
@Brent Crude Oil;D;20220504;000000;109.99;36637
@Brent Crude Oil;D;20220505;000000;111.2;40496
@Brent Crude Oil;D;20220506;000000;113.05;41592
@Brent Crude Oil;D;20220507;000000;113.22;30
@Brent Crude Oil;D;20220509;000000;105.03;43146
@Brent Crude Oil;D;20220510;000000;102.11;48263
@Brent Crude Oil;D;20220511;000000;107.5;44927
@Brent Crude Oil;D;20220512;000000;107.98;44483
@Brent Crude Oil;D;20220513;000000;111.19;40356
@Brent Crude Oil;D;20220514;000000;111.22;155
@Brent Crude Oil;D;20220516;000000;113.92;43519
@Brent Crude Oil;D;20220517;000000;112.54;42791
@Brent Crude Oil;D;20220518;000000;109.32;42590
@Brent Crude Oil;D;20220519;000000;111.54;46187
@Brent Crude Oil;D;20220520;000000;112.67;40992
@Brent Crude Oil;D;20220521;000000;112.91;137
@Brent Crude Oil;D;20220523;000000;113.44;39732
@Brent Crude Oil;D;20220524;000000;113.93;41429
@Brent Crude Oil;D;20220525;000000;114.36;39483
@Brent Crude Oil;D;20220526;000000;117.64;34129
@Brent Crude Oil;D;20220527;000000;119.31;40368
@Brent Crude Oil;D;20220528;000000;118.8;69
@Brent Crude Oil;D;20220530;000000;121.72;26157
@Brent Crude Oil;D;20220531;000000;122.84;38712
@Brent Crude Oil;D;20220601;000000;115.82;42263
@Brent Crude Oil;D;20220602;000000;118.22;42023
@Brent Crude Oil;D;20220603;000000;121.28;33360
@Brent Crude Oil;D;20220604;000000;121.08;153
@Brent Crude Oil;D;20220606;000000;120.3;37669
@Brent Crude Oil;D;20220607;000000;120.81;38263
@Brent Crude Oil;D;20220608;000000;123.85;38520
@Brent Crude Oil;D;20220609;000000;122.92;38286
@Brent Crude Oil;D;20220610;000000;121.93;40254
@Brent Crude Oil;D;20220611;000000;121.93;83
@Brent Crude Oil;D;20220613;000000;122.29;44648
@Brent Crude Oil;D;20220614;000000;121.05;44083
@Brent Crude Oil;D;20220615;000000;118.89;44199
@Brent Crude Oil;D;20220616;000000;119.11;44282
@Brent Crude Oil;D;20220617;000000;113.44;44318
@Brent Crude Oil;D;20220618;000000;113.61;93
@Brent Crude Oil;D;20220620;000000;114.21;36063
@Brent Crude Oil;D;20220621;000000;114.76;39878
@Brent Crude Oil;D;20220622;000000;109.74;48686
@Brent Crude Oil;D;20220623;000000;109.75;46063
@Brent Crude Oil;D;20220624;000000;112.55;41538
@Brent Crude Oil;D;20220625;000000;113.19;267
@Brent Crude Oil;D;20220627;000000;115.39;42774
@Brent Crude Oil;D;20220628;000000;118.15;37351
@Brent Crude Oil;D;20220629;000000;115.78;41494
@Brent Crude Oil;D;20220630;000000;114.81;28056
@Brent Crude Oil;D;20220701;000000;111.4;43986
@Brent Crude Oil;D;20220702;000000;111.48;57
@Brent Crude Oil;D;20220704;000000;113.83;28483
@Brent Crude Oil;D;20220705;000000;102.88;46037
@Brent Crude Oil;D;20220706;000000;100.07;52426
@Brent Crude Oil;D;20220707;000000;104.05;46548
@Brent Crude Oil;D;20220708;000000;107.07;45138
@Brent Crude Oil;D;20220709;000000;107.15;73
@Brent Crude Oil;D;20220711;000000;106.42;44870
@Brent Crude Oil;D;20220712;000000;99.06;46453
@Brent Crude Oil;D;20220713;000000;99.79;46876
@Brent Crude Oil;D;20220714;000000;99.78;47351
@Brent Crude Oil;D;20220715;000000;100.82;43523
@Brent Crude Oil;D;20220716;000000;101.13;81
@Brent Crude Oil;D;20220718;000000;105.65;42901
@Brent Crude Oil;D;20220719;000000;107.18;42009
@Brent Crude Oil;D;20220720;000000;106.71;39851
@Brent Crude Oil;D;20220721;000000;104.15;43480
@Brent Crude Oil;D;20220722;000000;103.65;43613
@Brent Crude Oil;D;20220723;000000;103.61;84
@Brent Crude Oil;D;20220724;000000;103.61;1
@Brent Crude Oil;D;20220725;000000;104.87;42193
@Brent Crude Oil;D;20220726;000000;104.69;41527
@Brent Crude Oil;D;20220727;000000;107.38;36654
@Brent Crude Oil;D;20220728;000000;107.83;38248
@Brent Crude Oil;D;20220729;000000;110.01;27942
@Brent Crude Oil;D;20220731;000000;110.01;1
@Brent Crude Oil;D;20220802;000000;99.63;11296
@Brent Crude Oil;D;20220803;000000;97.11;44046
@Brent Crude Oil;D;20220804;000000;93.31;42640
@Brent Crude Oil;D;20220805;000000;94.49;39337
@Brent Crude Oil;D;20220806;000000;94.66;223
@Brent Crude Oil;D;20220807;000000;94.66;1
@Brent Crude Oil;D;20220808;000000;96.34;41265
@Brent Crude Oil;D;20220809;000000;96.4;38523
@Brent Crude Oil;D;20220810;000000;97.02;38646
@Brent Crude Oil;D;20220811;000000;99.3;36531
@Brent Crude Oil;D;20220812;000000;97.98;37277
@Brent Crude Oil;D;20220813;000000;98.01;214
@Brent Crude Oil;D;20220814;000000;98.01;1
@Brent Crude Oil;D;20220815;000000;93.35;39554
@Brent Crude Oil;D;20220816;000000;92.74;40042
@Brent Crude Oil;D;20220817;000000;92.95;38075
@Brent Crude Oil;D;20220818;000000;96.49;35839
@Brent Crude Oil;D;20220819;000000;95.86;37251
@Brent Crude Oil;D;20220820;000000;96.09;33
@Brent Crude Oil;D;20220821;000000;96.09;1
@Brent Crude Oil;D;20220822;000000;96.74;40144
@Brent Crude Oil;D;20220823;000000;100.21;39319
@Brent Crude Oil;D;20220824;000000;101.83;38092
@Brent Crude Oil;D;20220825;000000;99.84;36963
@Brent Crude Oil;D;20220826;000000;100.77;35729
@Brent Crude Oil;D;20220827;000000;100.6;59
@Brent Crude Oil;D;20220828;000000;100.6;2
@Brent Crude Oil;D;20220829;000000;104.91;34538
@Brent Crude Oil;D;20220830;000000;100.06;37074
@Brent Crude Oil;D;20220831;000000;96.49;38583
@Brent Crude Oil;D;20220901;000000;92.11;44438
@Brent Crude Oil;D;20220902;000000;93.49;42392
@Brent Crude Oil;D;20220903;000000;93.28;187
@Brent Crude Oil;D;20220904;000000;93.28;1
@Brent Crude Oil;D;20220905;000000;95.23;32434
@Brent Crude Oil;D;20220906;000000;92.93;41969
@Brent Crude Oil;D;20220907;000000;87.55;45366
@Brent Crude Oil;D;20220908;000000;88.43;42949
@Brent Crude Oil;D;20220909;000000;92.15;38807
@Brent Crude Oil;D;20220910;000000;92.42;41
@Brent Crude Oil;D;20220911;000000;92.42;2
@Brent Crude Oil;D;20220912;000000;94.23;36934
@Brent Crude Oil;D;20220913;000000;93.52;41986
@Brent Crude Oil;D;20220914;000000;94.48;44027
@Brent Crude Oil;D;20220915;000000;90.87;41094
@Brent Crude Oil;D;20220916;000000;91.63;41079
@Brent Crude Oil;D;20220917;000000;91.57;66
@Brent Crude Oil;D;20220918;000000;91.57;1
@Brent Crude Oil;D;20220919;000000;91.79;37474
@Brent Crude Oil;D;20220920;000000;90.95;40357
@Brent Crude Oil;D;20220921;000000;89.97;44277
@Brent Crude Oil;D;20220922;000000;90.38;41059
@Brent Crude Oil;D;20220923;000000;86.78;40663
@Brent Crude Oil;D;20220924;000000;86.65;127
@Brent Crude Oil;D;20220925;000000;86.65;1
@Brent Crude Oil;D;20220926;000000;83.69;44691
@Brent Crude Oil;D;20220927;000000;85.71;40208
@Brent Crude Oil;D;20220928;000000;89.07;39659
@Brent Crude Oil;D;20220929;000000;88.86;36510
@Brent Crude Oil;D;20220930;000000;87.96;28394
@Brent Crude Oil;D;20221001;000000;85.57;136
@Brent Crude Oil;D;20221002;000000;85.57;1
@Brent Crude Oil;D;20221003;000000;88.67;40979
@Brent Crude Oil;D;20221004;000000;91.66;36640
@Brent Crude Oil;D;20221005;000000;93.68;38510
@Brent Crude Oil;D;20221006;000000;94.81;36973
@Brent Crude Oil;D;20221007;000000;98.37;39392
@Brent Crude Oil;D;20221008;000000;98.45;152
@Brent Crude Oil;D;20221009;000000;98.45;1
@Brent Crude Oil;D;20221010;000000;95.84;41889
@Brent Crude Oil;D;20221011;000000;93.72;45325
@Brent Crude Oil;D;20221012;000000;92.33;35425
@Brent Crude Oil;D;20221013;000000;94.71;35287
@Brent Crude Oil;D;20221014;000000;91.7;41204
@Brent Crude Oil;D;20221015;000000;91.46;290
@Brent Crude Oil;D;20221016;000000;91.46;1
@Brent Crude Oil;D;20221017;000000;91.84;39390
@Brent Crude Oil;D;20221018;000000;90.67;42999
@Brent Crude Oil;D;20221019;000000;92.31;41700
@Brent Crude Oil;D;20221020;000000;92.71;42138
@Brent Crude Oil;D;20221021;000000;93.49;41791
@Brent Crude Oil;D;20221022;000000;93.6;94
@Brent Crude Oil;D;20221023;000000;93.6;1
@Brent Crude Oil;D;20221024;000000;93.5;40204
@Brent Crude Oil;D;20221025;000000;92.92;35685
@Brent Crude Oil;D;20221026;000000;96.09;35475
@Brent Crude Oil;D;20221027;000000;96.61;31715
@Brent Crude Oil;D;20221028;000000;96.31;31821
@Brent Crude Oil;D;20221029;000000;96.31;95
@Brent Crude Oil;D;20221030;000000;96.31;1
@Brent Crude Oil;D;20221031;000000;94.83;24498
@Brent Crude Oil;D;20221101;000000;94.74;40785
@Brent Crude Oil;D;20221102;000000;95.69;40646
@Brent Crude Oil;D;20221103;000000;94.45;37853
@Brent Crude Oil;D;20221104;000000;98.66;44601
@Brent Crude Oil;D;20221105;000000;98.75;286
@Brent Crude Oil;D;20221106;000000;98.75;1
@Brent Crude Oil;D;20221107;000000;98.1;42252
@Brent Crude Oil;D;20221108;000000;95.55;40008
@Brent Crude Oil;D;20221109;000000;92.45;43928
@Brent Crude Oil;D;20221110;000000;93.49;40818
@Brent Crude Oil;D;20221111;000000;95.93;42109
@Brent Crude Oil;D;20221112;000000;95.76;769
@Brent Crude Oil;D;20221113;000000;95.76;1
@Brent Crude Oil;D;20221114;000000;92.54;42016
@Brent Crude Oil;D;20221115;000000;93.73;44641
@Brent Crude Oil;D;20221116;000000;92.62;38454
@Brent Crude Oil;D;20221117;000000;89.93;41389
@Brent Crude Oil;D;20221118;000000;87.81;43552
@Brent Crude Oil;D;20221119;000000;87.74;790
@Brent Crude Oil;D;20221120;000000;87.74;1
@Brent Crude Oil;D;20221121;000000;87.28;42424
@Brent Crude Oil;D;20221122;000000;88.55;38638
@Brent Crude Oil;D;20221123;000000;84.75;38361
@Brent Crude Oil;D;20221124;000000;85.12;23648
@Brent Crude Oil;D;20221125;000000;83.91;28697
@Brent Crude Oil;D;20221126;000000;83.91;1
@Brent Crude Oil;D;20221127;000000;83.91;1
@Brent Crude Oil;D;20221128;000000;82.81;38711
@Brent Crude Oil;D;20221129;000000;83.42;35547
@Brent Crude Oil;D;20221130;000000;85.43;28066
@Brent Crude Oil;D;20221201;000000;86.9;40410
@Brent Crude Oil;D;20221202;000000;85.81;37739
@Brent Crude Oil;D;20221203;000000;85.42;760
@Brent Crude Oil;D;20221204;000000;85.42;1
@Brent Crude Oil;D;20221205;000000;83.01;42260
@Brent Crude Oil;D;20221206;000000;79.55;43280
@Brent Crude Oil;D;20221207;000000;77.46;45726
@Brent Crude Oil;D;20221208;000000;76.1;41749
@Brent Crude Oil;D;20221209;000000;76.58;40270
@Brent Crude Oil;D;20221210;000000;76.82;694
@Brent Crude Oil;D;20221211;000000;76.82;1
@Brent Crude Oil;D;20221212;000000;78.25;40757
@Brent Crude Oil;D;20221213;000000;80.63;40987
@Brent Crude Oil;D;20221214;000000;82.81;35024
@Brent Crude Oil;D;20221215;000000;81.35;38957
@Brent Crude Oil;D;20221216;000000;79.07;41184
@Brent Crude Oil;D;20221217;000000;79.26;558
@Brent Crude Oil;D;20221218;000000;79.26;1
@Brent Crude Oil;D;20221219;000000;80.34;37274
@Brent Crude Oil;D;20221220;000000;79.87;40587
@Brent Crude Oil;D;20221221;000000;82.36;34859
@Brent Crude Oil;D;20221222;000000;81.55;36442
@Brent Crude Oil;D;20221223;000000;83.97;29924
@Brent Crude Oil;D;20221224;000000;83.97;1
@Brent Crude Oil;D;20221225;000000;83.97;1
@Brent Crude Oil;D;20221227;000000;84.6;26281
@Brent Crude Oil;D;20221228;000000;83;28336
@Brent Crude Oil;D;20221229;000000;82.26;28338
@Brent Crude Oil;D;20221230;000000;82.26;0
@Brent Crude Oil;D;20221231;000000;82.26;0
@Brent Crude Oil;D;20230101;000000;85.99;5
@Brent Crude Oil;D;20230102;000000;85.91;0
@Brent Crude Oil;D;20230103;000000;82.43;43564
@Brent Crude Oil;D;20230104;000000;78.02;44415
@Brent Crude Oil;D;20230105;000000;78.68;41847
@Brent Crude Oil;D;20230106;000000;78.49;39824
@Brent Crude Oil;D;20230107;000000;78.6;656
@Brent Crude Oil;D;20230108;000000;78.6;1
@Brent Crude Oil;D;20230109;000000;79.71;40216
@Brent Crude Oil;D;20230110;000000;79.93;38478
@Brent Crude Oil;D;20230111;000000;82.88;40854
@Brent Crude Oil;D;20230112;000000;83.87;39509
@Brent Crude Oil;D;20230113;000000;85.37;37344
@Brent Crude Oil;D;20230114;000000;85.43;782
@Brent Crude Oil;D;20230115;000000;85.43;1
@Brent Crude Oil;D;20230116;000000;84.19;27615
@Brent Crude Oil;D;20230117;000000;86.66;38620
@Brent Crude Oil;D;20230118;000000;84.72;40498
@Brent Crude Oil;D;20230119;000000;86.23;39529
@Brent Crude Oil;D;20230120;000000;87.74;36856
@Brent Crude Oil;D;20230121;000000;87.66;622
@Brent Crude Oil;D;20230122;000000;87.66;1
@Brent Crude Oil;D;20230123;000000;88.09;34965
@Brent Crude Oil;D;20230124;000000;86.2;34467
@Brent Crude Oil;D;20230125;000000;86.46;31526
@Brent Crude Oil;D;20230126;000000;87.5;33476
@Brent Crude Oil;D;20230127;000000;86.33;29015
@Brent Crude Oil;D;20230128;000000;86.33;519
@Brent Crude Oil;D;20230129;000000;86.33;1
@Brent Crude Oil;D;20230130;000000;84.88;33257
@Brent Crude Oil;D;20230131;000000;84.49;23538
@Brent Crude Oil;D;20230201;000000;83.19;40885
@Brent Crude Oil;D;20230202;000000;82.06;42105
@Brent Crude Oil;D;20230203;000000;79.75;41804
@Brent Crude Oil;D;20230204;000000;79.82;959
@Brent Crude Oil;D;20230205;000000;79.82;1
@Brent Crude Oil;D;20230206;000000;81.3;43685
@Brent Crude Oil;D;20230207;000000;83.85;41629
@Brent Crude Oil;D;20230208;000000;85.1;38690
@Brent Crude Oil;D;20230209;000000;84.11;38223
@Brent Crude Oil;D;20230210;000000;86.53;42016
@Brent Crude Oil;D;20230211;000000;86.52;554
@Brent Crude Oil;D;20230212;000000;86.52;1
@Brent Crude Oil;D;20230213;000000;85.98;37448
@Brent Crude Oil;D;20230214;000000;85.69;37606
@Brent Crude Oil;D;20230215;000000;85.37;38924
@Brent Crude Oil;D;20230216;000000;84.66;37997
@Brent Crude Oil;D;20230217;000000;82.98;44507
@Brent Crude Oil;D;20230218;000000;83.15;578
@Brent Crude Oil;D;20230219;000000;83.15;1
@Brent Crude Oil;D;20230220;000000;83.9;28002
@Brent Crude Oil;D;20230221;000000;82.78;38961
@Brent Crude Oil;D;20230222;000000;80.5;40306
@Brent Crude Oil;D;20230223;000000;82.37;30860
@Brent Crude Oil;D;20230224;000000;83.32;31956
@Brent Crude Oil;D;20230225;000000;83.23;444
@Brent Crude Oil;D;20230226;000000;83.23;2
@Brent Crude Oil;D;20230227;000000;82.33;29309
@Brent Crude Oil;D;20230228;000000;83.89;28774
@Brent Crude Oil;D;20230301;000000;84.42;40797
@Brent Crude Oil;D;20230302;000000;84.51;37591
@Brent Crude Oil;D;20230303;000000;85.91;37940
@Brent Crude Oil;D;20230304;000000;86;887
@Brent Crude Oil;D;20230305;000000;86;1
@Brent Crude Oil;D;20230306;000000;86.34;38951
@Brent Crude Oil;D;20230307;000000;83.18;42171
@Brent Crude Oil;D;20230308;000000;82.47;42825
@Brent Crude Oil;D;20230309;000000;81.51;39069
@Brent Crude Oil;D;20230310;000000;82.64;47365
@Brent Crude Oil;D;20230311;000000;82.64;656
@Brent Crude Oil;D;20230312;000000;82.64;1
@Brent Crude Oil;D;20230313;000000;80.65;50083
@Brent Crude Oil;D;20230314;000000;77.51;47204
@Brent Crude Oil;D;20230315;000000;74.39;47579
@Brent Crude Oil;D;20230316;000000;74.58;48392
@Brent Crude Oil;D;20230317;000000;72.56;45900
@Brent Crude Oil;D;20230318;000000;72.47;85
@Brent Crude Oil;D;20230319;000000;72.47;1
@Brent Crude Oil;D;20230320;000000;73.8;47459
@Brent Crude Oil;D;20230321;000000;75.2;40232
@Brent Crude Oil;D;20230322;000000;75.76;38694
@Brent Crude Oil;D;20230323;000000;75.5;40929
@Brent Crude Oil;D;20230324;000000;74.96;39433
@Brent Crude Oil;D;20230325;000000;75;61
@Brent Crude Oil;D;20230326;000000;75;1
@Brent Crude Oil;D;20230327;000000;78.08;37390
@Brent Crude Oil;D;20230328;000000;78.88;36465
@Brent Crude Oil;D;20230329;000000;78.12;28496
@Brent Crude Oil;D;20230330;000000;79.22;27241
@Brent Crude Oil;D;20230331;000000;79.77;17587
@Brent Crude Oil;D;20230401;000000;79.93;67
@Brent Crude Oil;D;20230402;000000;79.93;1
@Brent Crude Oil;D;20230403;000000;84.85;53809
@Brent Crude Oil;D;20230404;000000;85.33;41637
@Brent Crude Oil;D;20230405;000000;84.75;36247
@Brent Crude Oil;D;20230406;000000;84.83;39773
@Brent Crude Oil;D;20230407;000000;84.94;353
@Brent Crude Oil;D;20230408;000000;84.94;1
@Brent Crude Oil;D;20230410;000000;84.3;32016
@Brent Crude Oil;D;20230411;000000;85.56;36699
@Brent Crude Oil;D;20230412;000000;87.25;36483
@Brent Crude Oil;D;20230413;000000;86.35;35443
@Brent Crude Oil;D;20230414;000000;86.49;36987
@Brent Crude Oil;D;20230415;000000;86.63;177
@Brent Crude Oil;D;20230416;000000;86.63;1
@Brent Crude Oil;D;20230417;000000;84.83;34750
@Brent Crude Oil;D;20230418;000000;84.8;35737
@Brent Crude Oil;D;20230419;000000;82.91;39673
@Brent Crude Oil;D;20230420;000000;80.81;39597
@Brent Crude Oil;D;20230421;000000;81.8;34635
@Brent Crude Oil;D;20230422;000000;81.75;151
@Brent Crude Oil;D;20230423;000000;81.75;1
@Brent Crude Oil;D;20230424;000000;82.63;29951
@Brent Crude Oil;D;20230425;000000;80.72;32427
@Brent Crude Oil;D;20230426;000000;77.68;33269
@Brent Crude Oil;D;20230427;000000;78.28;30162
@Brent Crude Oil;D;20230428;000000;79.54;25064
@Brent Crude Oil;D;20230429;000000;79.54;2
@Brent Crude Oil;D;20230430;000000;79.54;2
@Brent Crude Oil;D;20230501;000000;79.37;30518
@Brent Crude Oil;D;20230502;000000;75.24;38162
@Brent Crude Oil;D;20230503;000000;71.94;44294
@Brent Crude Oil;D;20230504;000000;72.51;45769
@Brent Crude Oil;D;20230505;000000;75.25;39032
@Brent Crude Oil;D;20230506;000000;75.37;65
@Brent Crude Oil;D;20230508;000000;77.13;3
@Brent Crude Oil;D;20230509;000000;77.26;1749
@Brent Crude Oil;D;20230510;000000;76.63;37950
@Brent Crude Oil;D;20230511;000000;75.47;40625
@Brent Crude Oil;D;20230512;000000;74.16;40202
@Brent Crude Oil;D;20230513;000000;74.17;44
@Brent Crude Oil;D;20230514;000000;74.17;1
@Brent Crude Oil;D;20230515;000000;75.45;35386
@Brent Crude Oil;D;20230516;000000;74.6;35657
@Brent Crude Oil;D;20230517;000000;76.8;36479
@Brent Crude Oil;D;20230518;000000;75.97;34026
@Brent Crude Oil;D;20230519;000000;75.76;34543
@Brent Crude Oil;D;20230520;000000;75.59;40
@Brent Crude Oil;D;20230521;000000;75.59;1
@Brent Crude Oil;D;20230522;000000;76.02;37593
@Brent Crude Oil;D;20230523;000000;77.69;36840
@Brent Crude Oil;D;20230524;000000;78.32;38565
@Brent Crude Oil;D;20230525;000000;76.12;37414
@Brent Crude Oil;D;20230526;000000;77.13;32824
@Brent Crude Oil;D;20230527;000000;77.12;62
@Brent Crude Oil;D;20230528;000000;77.12;3
@Brent Crude Oil;D;20230529;000000;77.03;16302
@Brent Crude Oil;D;20230530;000000;73.65;34930
@Brent Crude Oil;D;20230531;000000;72.66;26723
@Brent Crude Oil;D;20230601;000000;74.32;42468
@Brent Crude Oil;D;20230602;000000;76.24;38868
@Brent Crude Oil;D;20230603;000000;76.4;116
@Brent Crude Oil;D;20230604;000000;76.4;1
@Brent Crude Oil;D;20230605;000000;76.5;45709
@Brent Crude Oil;D;20230606;000000;75.98;40724
@Brent Crude Oil;D;20230607;000000;76.82;38716
@Brent Crude Oil;D;20230608;000000;75.56;40793
@Brent Crude Oil;D;20230609;000000;75;38158
@Brent Crude Oil;D;20230610;000000;75.04;49
@Brent Crude Oil;D;20230612;000000;72.13;42993
@Brent Crude Oil;D;20230613;000000;74.15;43257
@Brent Crude Oil;D;20230614;000000;73.6;40734
@Brent Crude Oil;D;20230615;000000;75.61;39458
@Brent Crude Oil;D;20230616;000000;76.33;37727
@Brent Crude Oil;D;20230617;000000;76.26;47
@Brent Crude Oil;D;20230619;000000;76.13;26107
@Brent Crude Oil;D;20230620;000000;75.52;38334
@Brent Crude Oil;D;20230621;000000;76.91;37339
@Brent Crude Oil;D;20230622;000000;74.21;37331
@Brent Crude Oil;D;20230623;000000;74.34;35643
@Brent Crude Oil;D;20230624;000000;74.44;307
@Brent Crude Oil;D;20230626;000000;74.32;34336
@Brent Crude Oil;D;20230627;000000;72.64;33756
@Brent Crude Oil;D;20230628;000000;73.54;30501
@Brent Crude Oil;D;20230629;000000;74.31;30263
@Brent Crude Oil;D;20230630;000000;74.91;20292
@Brent Crude Oil;D;20230701;000000;75.19;197
@Brent Crude Oil;D;20230703;000000;74.93;39157
@Brent Crude Oil;D;20230704;000000;76.12;25436
@Brent Crude Oil;D;20230705;000000;76.58;36087
@Brent Crude Oil;D;20230706;000000;76.56;39214
@Brent Crude Oil;D;20230707;000000;78.28;38785
@Brent Crude Oil;D;20230708;000000;78.17;348
@Brent Crude Oil;D;20230709;000000;78.17;1
@Brent Crude Oil;D;20230710;000000;77.87;37999
@Brent Crude Oil;D;20230711;000000;79.36;36838
@Brent Crude Oil;D;20230712;000000;80.24;37798
@Brent Crude Oil;D;20230713;000000;81.65;39859
@Brent Crude Oil;D;20230714;000000;79.7;37976
@Brent Crude Oil;D;20230715;000000;79.63;65
@Brent Crude Oil;D;20230717;000000;78.46;38204
@Brent Crude Oil;D;20230718;000000;79.82;36420
@Brent Crude Oil;D;20230719;000000;79.51;36834
@Brent Crude Oil;D;20230720;000000;79.68;37034
@Brent Crude Oil;D;20230721;000000;80.71;38273
@Brent Crude Oil;D;20230722;000000;80.89;165
@Brent Crude Oil;D;20230724;000000;82.83;37603
@Brent Crude Oil;D;20230725;000000;83.29;32714
@Brent Crude Oil;D;20230726;000000;82.93;31517
@Brent Crude Oil;D;20230727;000000;83.85;31881
@Brent Crude Oil;D;20230728;000000;84.91;26937
@Brent Crude Oil;D;20230729;000000;84.75;618
@Brent Crude Oil;D;20230731;000000;85.56;20478
@Brent Crude Oil;D;20230801;000000;85.77;37903
@Brent Crude Oil;D;20230802;000000;83.45;41903
@Brent Crude Oil;D;20230803;000000;85.24;40858
@Brent Crude Oil;D;20230804;000000;86.04;37727
@Brent Crude Oil;D;20230805;000000;86.15;459
@Brent Crude Oil;D;20230807;000000;85.86;42655
@Brent Crude Oil;D;20230808;000000;86.08;41601
@Brent Crude Oil;D;20230809;000000;87.4;39740
@Brent Crude Oil;D;20230810;000000;86.35;39840
@Brent Crude Oil;D;20230811;000000;86.6;39400
@Brent Crude Oil;D;20230812;000000;86.73;46
@Brent Crude Oil;D;20230814;000000;86.18;39494
@Brent Crude Oil;D;20230815;000000;84.97;40596
@Brent Crude Oil;D;20230816;000000;83.33;37827
@Brent Crude Oil;D;20230817;000000;83.79;38162
@Brent Crude Oil;D;20230818;000000;84.83;37222
@Brent Crude Oil;D;20230819;000000;84.83;23
@Brent Crude Oil;D;20230821;000000;84.52;39188
@Brent Crude Oil;D;20230822;000000;83.92;36446
@Brent Crude Oil;D;20230823;000000;82.9;39313
@Brent Crude Oil;D;20230824;000000;83.14;35149
@Brent Crude Oil;D;20230825;000000;84.66;33355
@Brent Crude Oil;D;20230826;000000;84.85;132
@Brent Crude Oil;D;20230828;000000;84.34;26621
@Brent Crude Oil;D;20230829;000000;85.56;25805
@Brent Crude Oil;D;20230830;000000;85.95;39248
@Brent Crude Oil;D;20230831;000000;86.83;24444
@Brent Crude Oil;D;20230901;000000;88.93;38020
@Brent Crude Oil;D;20230902;000000;88.99;129
@Brent Crude Oil;D;20230904;000000;89;25235
@Brent Crude Oil;D;20230905;000000;90.05;37624
@Brent Crude Oil;D;20230906;000000;90.65;38009
@Brent Crude Oil;D;20230907;000000;89.8;35679
@Brent Crude Oil;D;20230908;000000;90.45;36294
@Brent Crude Oil;D;20230909;000000;90.44;257
@Brent Crude Oil;D;20230910;000000;90.44;1
@Brent Crude Oil;D;20230911;000000;90.61;38043
@Brent Crude Oil;D;20230912;000000;92;35797
@Brent Crude Oil;D;20230913;000000;92.2;35585
@Brent Crude Oil;D;20230914;000000;94.13;36378
@Brent Crude Oil;D;20230915;000000;94.25;36938
@Brent Crude Oil;D;20230916;000000;94.27;36
@Brent Crude Oil;D;20230918;000000;94.64;38304
@Brent Crude Oil;D;20230919;000000;94.54;40390
@Brent Crude Oil;D;20230920;000000;93.12;40556
@Brent Crude Oil;D;20230921;000000;93.21;39210
@Brent Crude Oil;D;20230922;000000;93.55;34748
@Brent Crude Oil;D;20230923;000000;93.83;183
@Brent Crude Oil;D;20230925;000000;93.33;29943
@Brent Crude Oil;D;20230926;000000;94.09;30330
@Brent Crude Oil;D;20230927;000000;96.51;30884
@Brent Crude Oil;D;20230928;000000;95.14;31591
@Brent Crude Oil;D;20230929;000000;95.34;25456
@Brent Crude Oil;D;20230930;000000;95.34;1
@Brent Crude Oil;D;20231002;000000;90.44;38331
@Brent Crude Oil;D;20231003;000000;91.04;40375
@Brent Crude Oil;D;20231004;000000;86.04;45045
@Brent Crude Oil;D;20231005;000000;84.27;46790
@Brent Crude Oil;D;20231006;000000;84.44;41895
@Brent Crude Oil;D;20231007;000000;84.43;405
@Brent Crude Oil;D;20231009;000000;88.14;49431
@Brent Crude Oil;D;20231010;000000;87.74;40892
@Brent Crude Oil;D;20231011;000000;85.71;39748
@Brent Crude Oil;D;20231012;000000;86.36;39315
@Brent Crude Oil;D;20231013;000000;90.97;41334
@Brent Crude Oil;D;20231014;000000;90.8;279
@Brent Crude Oil;D;20231016;000000;90.12;39374
@Brent Crude Oil;D;20231017;000000;90.88;37652
@Brent Crude Oil;D;20231018;000000;91.32;41857
@Brent Crude Oil;D;20231019;000000;93.26;39721
@Brent Crude Oil;D;20231020;000000;92.38;39917
@Brent Crude Oil;D;20231021;000000;92.51;221
@Brent Crude Oil;D;20231023;000000;90.41;40620
@Brent Crude Oil;D;20231024;000000;88.05;37867
@Brent Crude Oil;D;20231025;000000;90.04;36565
@Brent Crude Oil;D;20231026;000000;88.32;35630
@Brent Crude Oil;D;20231027;000000;90.12;35113
@Brent Crude Oil;D;20231028;000000;90.44;297
@Brent Crude Oil;D;20231030;000000;87.91;32116
@Brent Crude Oil;D;20231031;000000;87.42;23264
@Brent Crude Oil;D;20231101;000000;85.02;38499
@Brent Crude Oil;D;20231102;000000;86.86;37183
@Brent Crude Oil;D;20231103;000000;85.17;38259
@Brent Crude Oil;D;20231104;000000;85.23;124
@Brent Crude Oil;D;20231106;000000;85.2;35317
@Brent Crude Oil;D;20231107;000000;81.72;39863
@Brent Crude Oil;D;20231108;000000;79.78;42523
@Brent Crude Oil;D;20231109;000000;79.85;40258
@Brent Crude Oil;D;20231110;000000;81.54;34745
@Brent Crude Oil;D;20231111;000000;81.7;620
@Brent Crude Oil;D;20231113;000000;82.74;34812
@Brent Crude Oil;D;20231114;000000;82.46;34218
@Brent Crude Oil;D;20231115;000000;80.99;34808
@Brent Crude Oil;D;20231116;000000;77.42;39117
@Brent Crude Oil;D;20231117;000000;80.49;39123
@Brent Crude Oil;D;20231118;000000;80.62;477
@Brent Crude Oil;D;20231120;000000;82.1;34882
@Brent Crude Oil;D;20231121;000000;82.51;35611
@Brent Crude Oil;D;20231122;000000;81.68;39533
@Brent Crude Oil;D;20231123;000000;81.28;23059
@Brent Crude Oil;D;20231124;000000;80.23;23244
@Brent Crude Oil;D;20231127;000000;80.04;32102
@Brent Crude Oil;D;20231128;000000;81.59;23995
@Brent Crude Oil;D;20231129;000000;83.01;26944
@Brent Crude Oil;D;20231130;000000;82.85;27469
@Brent Crude Oil;D;20231201;000000;78.97;41678
@Brent Crude Oil;D;20231202;000000;79.56;1291
@Brent Crude Oil;D;20231204;000000;78.24;42979
@Brent Crude Oil;D;20231205;000000;77.22;40221
@Brent Crude Oil;D;20231206;000000;74.26;40941
@Brent Crude Oil;D;20231207;000000;74.44;38721
@Brent Crude Oil;D;20231208;000000;75.83;39507
@Brent Crude Oil;D;20231209;000000;75.65;815
@Brent Crude Oil;D;20231211;000000;76.13;34506
@Brent Crude Oil;D;20231212;000000;73.35;36191
@Brent Crude Oil;D;20231213;000000;74.61;38019
@Brent Crude Oil;D;20231214;000000;76.73;35122
@Brent Crude Oil;D;20231215;000000;76.8;35020
@Brent Crude Oil;D;20231216;000000;76.95;584
@Brent Crude Oil;D;20231218;000000;78.16;39044
@Brent Crude Oil;D;20231219;000000;79.56;32852
@Brent Crude Oil;D;20231220;000000;79.15;32961
@Brent Crude Oil;D;20231221;000000;79.44;33338
@Brent Crude Oil;D;20231222;000000;79.19;27513
@Brent Crude Oil;D;20231223;000000;79.19;1
@Brent Crude Oil;D;20231226;000000;80.68;23634
@Brent Crude Oil;D;20231227;000000;79.44;25726
@Brent Crude Oil;D;20231228;000000;78.38;24631
@Brent Crude Oil;D;20240102;000000;75.91;40012
@Brent Crude Oil;D;20240103;000000;78.51;39605
@Brent Crude Oil;D;20240104;000000;77.63;38048
@Brent Crude Oil;D;20240105;000000;78.82;36207
@Brent Crude Oil;D;20240106;000000;78.9;558
@Brent Crude Oil;D;20240108;000000;76.43;39343
@Brent Crude Oil;D;20240109;000000;77.5;39200
@Brent Crude Oil;D;20240110;000000;76.72;37390
@Brent Crude Oil;D;20240111;000000;77.81;39654
@Brent Crude Oil;D;20240112;000000;78.39;44465
@Brent Crude Oil;D;20240113;000000;78.32;693
@Brent Crude Oil;D;20240115;000000;78.12;29612
@Brent Crude Oil;D;20240116;000000;77.77;40581
@Brent Crude Oil;D;20240117;000000;78.09;38275
@Brent Crude Oil;D;20240118;000000;79;37921
@Brent Crude Oil;D;20240119;000000;78.86;35649
@Brent Crude Oil;D;20240120;000000;78.63;882
@Brent Crude Oil;D;20240122;000000;79.82;37613
@Brent Crude Oil;D;20240123;000000;79.72;36092
@Brent Crude Oil;D;20240124;000000;80.42;33532
@Brent Crude Oil;D;20240125;000000;82.38;35205
@Brent Crude Oil;D;20240126;000000;83.73;35398
@Brent Crude Oil;D;20240127;000000;83.69;1148
@Brent Crude Oil;D;20240129;000000;82.53;34404
@Brent Crude Oil;D;20240130;000000;82.86;29211
@Brent Crude Oil;D;20240131;000000;81.71;21503
@Brent Crude Oil;D;20240201;000000;78.74;43039
@Brent Crude Oil;D;20240202;000000;77.2;42948
@Brent Crude Oil;D;20240203;000000;77.67;1081
@Brent Crude Oil;D;20240205;000000;78.07;37681
@Brent Crude Oil;D;20240206;000000;78.69;34768
@Brent Crude Oil;D;20240207;000000;79.43;32237
@Brent Crude Oil;D;20240208;000000;81.8;34947
@Brent Crude Oil;D;20240209;000000;81.93;31843
@Brent Crude Oil;D;20240210;000000;81.86;572
@Brent Crude Oil;D;20240212;000000;82.09;27635
@Brent Crude Oil;D;20240213;000000;82.64;31381
@Brent Crude Oil;D;20240214;000000;81.54;32736
@Brent Crude Oil;D;20240215;000000;82.9;31470
@Brent Crude Oil;D;20240216;000000;83.27;29010
@Brent Crude Oil;D;20240217;000000;83.58;1012
@Brent Crude Oil;D;20240219;000000;83.35;22036
@Brent Crude Oil;D;20240220;000000;82.52;33510
@Brent Crude Oil;D;20240221;000000;83.13;30835
@Brent Crude Oil;D;20240222;000000;83.53;28666
@Brent Crude Oil;D;20240223;000000;81.7;31223
@Brent Crude Oil;D;20240224;000000;81.58;497
@Brent Crude Oil;D;20240226;000000;82.54;28620
@Brent Crude Oil;D;20240227;000000;83.41;23721
@Brent Crude Oil;D;20240228;000000;83.62;25958
@Brent Crude Oil;D;20240229;000000;83.62;22355
@Brent Crude Oil;D;20240301;000000;83.4;34285
@Brent Crude Oil;D;20240302;000000;83.46;725
@Brent Crude Oil;D;20240303;000000;83.46;5
@Brent Crude Oil;D;20240304;000000;82.81;38378
@Brent Crude Oil;D;20240305;000000;82.06;38434
@Brent Crude Oil;D;20240306;000000;82.87;35467
@Brent Crude Oil;D;20240307;000000;82.84;36460
@Brent Crude Oil;D;20240308;000000;81.96;37137
@Brent Crude Oil;D;20240309;000000;82.05;749
@Brent Crude Oil;D;20240311;000000;82.44;37266
@Brent Crude Oil;D;20240312;000000;82.38;36749
@Brent Crude Oil;D;20240313;000000;83.94;37062
@Brent Crude Oil;D;20240314;000000;85.16;36058
@Brent Crude Oil;D;20240315;000000;85.29;34187
@Brent Crude Oil;D;20240316;000000;85.35;332
@Brent Crude Oil;D;20240318;000000;86.94;36346
@Brent Crude Oil;D;20240319;000000;87.17;35958
@Brent Crude Oil;D;20240320;000000;86.15;38945
@Brent Crude Oil;D;20240321;000000;85.5;31487
@Brent Crude Oil;D;20240322;000000;85.57;28150
@Brent Crude Oil;D;20240323;000000;85.56;76
@Brent Crude Oil;D;20240325;000000;86.76;29514
@Brent Crude Oil;D;20240326;000000;85.86;26084
@Brent Crude Oil;D;20240327;000000;86.34;24300
@Brent Crude Oil;D;20240328;000000;87.5;15292
@Brent Crude Oil;D;20240401;000000;87.73;31736
@Brent Crude Oil;D;20240402;000000;89.25;35907
@Brent Crude Oil;D;20240403;000000;89.52;36457
@Brent Crude Oil;D;20240404;000000;91.06;35716
@Brent Crude Oil;D;20240405;000000;90.94;37427
@Brent Crude Oil;D;20240406;000000;90.86;240
@Brent Crude Oil;D;20240408;000000;90.56;41613
@Brent Crude Oil;D;20240409;000000;89.53;35344
@Brent Crude Oil;D;20240410;000000;90.54;37121
@Brent Crude Oil;D;20240411;000000;90.24;39734
@Brent Crude Oil;D;20240412;000000;90.17;39896
@Brent Crude Oil;D;20240413;000000;90.15;558
@Brent Crude Oil;D;20240415;000000;90.38;44084
@Brent Crude Oil;D;20240416;000000;89.96;39120
@Brent Crude Oil;D;20240417;000000;87.47;41023
@Brent Crude Oil;D;20240418;000000;86.9;40865
@Brent Crude Oil;D;20240419;000000;87.21;52990
@Brent Crude Oil;D;20240420;000000;87.39;704
@Brent Crude Oil;D;20240422;000000;87.18;40926
@Brent Crude Oil;D;20240423;000000;88.45;39966
@Brent Crude Oil;D;20240424;000000;88.1;33668
@Brent Crude Oil;D;20240425;000000;89.22;33183
@Brent Crude Oil;D;20240426;000000;89.33;27418
@Brent Crude Oil;D;20240427;000000;89.33;30
@Brent Crude Oil;D;20240429;000000;88.52;28615
@Brent Crude Oil;D;20240430;000000;87.87;16619
@Brent Crude Oil;D;20240501;000000;83.53;38728
@Brent Crude Oil;D;20240502;000000;83.78;40711
@Brent Crude Oil;D;20240503;000000;82.85;37123
@Brent Crude Oil;D;20240504;000000;82.78;582
@Brent Crude Oil;D;20240506;000000;83.51;34499
@Brent Crude Oil;D;20240507;000000;83.09;36309
@Brent Crude Oil;D;20240508;000000;83.76;38396
@Brent Crude Oil;D;20240509;000000;84.17;33302
@Brent Crude Oil;D;20240510;000000;82.73;33784
@Brent Crude Oil;D;20240511;000000;82.78;97
@Brent Crude Oil;D;20240513;000000;83.45;37466
@Brent Crude Oil;D;20240514;000000;82.76;35441
@Brent Crude Oil;D;20240515;000000;82.98;38585
@Brent Crude Oil;D;20240516;000000;83.39;32590
@Brent Crude Oil;D;20240517;000000;83.96;33887
@Brent Crude Oil;D;20240518;000000;84;51
@Brent Crude Oil;D;20240520;000000;83.67;36951
@Brent Crude Oil;D;20240521;000000;82.5;38187
@Brent Crude Oil;D;20240522;000000;81.63;39860
@Brent Crude Oil;D;20240523;000000;81.48;38358
@Brent Crude Oil;D;20240524;000000;82.17;31034
@Brent Crude Oil;D;20240525;000000;82.09;164
@Brent Crude Oil;D;20240527;000000;83.04;15805
@Brent Crude Oil;D;20240528;000000;84.61;31627
@Brent Crude Oil;D;20240529;000000;83.53;23301
@Brent Crude Oil;D;20240530;000000;81.93;25829
@Brent Crude Oil;D;20240531;000000;81.63;23162
@Brent Crude Oil;D;20240601;000000;81.37;274
@Brent Crude Oil;D;20240603;000000;78.11;40186
@Brent Crude Oil;D;20240604;000000;77.22;43240
@Brent Crude Oil;D;20240605;000000;78.62;33817
@Brent Crude Oil;D;20240606;000000;80.02;33171
@Brent Crude Oil;D;20240607;000000;79.5;31643
@Brent Crude Oil;D;20240608;000000;79.47;152
@Brent Crude Oil;D;20240610;000000;82.13;34053
@Brent Crude Oil;D;20240611;000000;82.14;37405
@Brent Crude Oil;D;20240612;000000;82.41;34532
@Brent Crude Oil;D;20240613;000000;82.12;35861
@Brent Crude Oil;D;20240614;000000;82.6;35611
@Brent Crude Oil;D;20240615;000000;82.67;155
@Brent Crude Oil;D;20240617;000000;84.39;33641
@Brent Crude Oil;D;20240618;000000;85.4;35903
@Brent Crude Oil;D;20240619;000000;85.27;22840
@Brent Crude Oil;D;20240620;000000;85.63;31839
@Brent Crude Oil;D;20240621;000000;85.06;30534
@Brent Crude Oil;D;20240622;000000;85.02;210
@Brent Crude Oil;D;20240624;000000;86.09;24035
@Brent Crude Oil;D;20240625;000000;84.89;27332
@Brent Crude Oil;D;20240626;000000;85.22;28290
@Brent Crude Oil;D;20240627;000000;86.33;25807
@Brent Crude Oil;D;20240628;000000;86.4;19506
@Brent Crude Oil;D;20240629;000000;86.4;2
@Brent Crude Oil;D;20240630;000000;86.4;2
@Brent Crude Oil;D;20240701;000000;86.63;33358
@Brent Crude Oil;D;20240702;000000;86.57;36746
@Brent Crude Oil;D;20240703;000000;87.06;31571
@Brent Crude Oil;D;20240704;000000;87.55;20628
@Brent Crude Oil;D;20240705;000000;87;31509
@Brent Crude Oil;D;20240706;000000;86.86;94
@Brent Crude Oil;D;20240708;000000;85.66;36700
@Brent Crude Oil;D;20240709;000000;85.07;34036
@Brent Crude Oil;D;20240710;000000;85.39;33118
@Brent Crude Oil;D;20240711;000000;85.61;31551
@Brent Crude Oil;D;20240712;000000;85.01;32760
@Brent Crude Oil;D;20240713;000000;85.27;369
@Brent Crude Oil;D;20240715;000000;84.88;31244
@Brent Crude Oil;D;20240716;000000;83.74;35224
@Brent Crude Oil;D;20240717;000000;85.17;32739
@Brent Crude Oil;D;20240718;000000;84.77;33492
@Brent Crude Oil;D;20240719;000000;82.61;35335
@Brent Crude Oil;D;20240720;000000;82.56;182
@Brent Crude Oil;D;20240722;000000;82.25;35165
@Brent Crude Oil;D;20240723;000000;81.55;32093
@Brent Crude Oil;D;20240724;000000;81.52;29332
@Brent Crude Oil;D;20240725;000000;82.46;35402
@Brent Crude Oil;D;20240726;000000;80.51;31008
@Brent Crude Oil;D;20240727;000000;80.55;110
@Brent Crude Oil;D;20240729;000000;79.84;34322
@Brent Crude Oil;D;20240730;000000;79.13;24783
@Brent Crude Oil;D;20240731;000000;80.72;20192
@Brent Crude Oil;D;20240801;000000;80.09;38015
@Brent Crude Oil;D;20240802;000000;77.43;42033
@Brent Crude Oil;D;20240803;000000;77.56;778
@Brent Crude Oil;D;20240805;000000;77.29;53644
@Brent Crude Oil;D;20240806;000000;76.31;44422
@Brent Crude Oil;D;20240807;000000;78.5;41106
@Brent Crude Oil;D;20240808;000000;79.03;39049
@Brent Crude Oil;D;20240809;000000;79.7;30078
@Brent Crude Oil;D;20240810;000000;79.46;163
@Brent Crude Oil;D;20240812;000000;81.95;33120
@Brent Crude Oil;D;20240813;000000;80.94;36414
@Brent Crude Oil;D;20240814;000000;79.86;35773
@Brent Crude Oil;D;20240815;000000;80.96;32526
@Brent Crude Oil;D;20240816;000000;79.66;28506
@Brent Crude Oil;D;20240817;000000;79.58;122
@Brent Crude Oil;D;20240819;000000;77.77;35260
@Brent Crude Oil;D;20240820;000000;77.33;35697
@Brent Crude Oil;D;20240821;000000;76.11;35074
@Brent Crude Oil;D;20240822;000000;77.14;32415
@Brent Crude Oil;D;20240823;000000;79.07;32832
@Brent Crude Oil;D;20240824;000000;79.02;97
@Brent Crude Oil;D;20240826;000000;81.22;30684
@Brent Crude Oil;D;20240827;000000;79.79;31521
@Brent Crude Oil;D;20240828;000000;78.47;33649
@Brent Crude Oil;D;20240829;000000;80.12;30631
@Brent Crude Oil;D;20240830;000000;78.82;24008
@Brent Crude Oil;D;20240831;000000;78.82;1
@Brent Crude Oil;D;20240902;000000;77.28;26793
@Brent Crude Oil;D;20240903;000000;73.64;40520
@Brent Crude Oil;D;20240904;000000;72.73;44335
@Brent Crude Oil;D;20240905;000000;72.81;33305
@Brent Crude Oil;D;20240906;000000;71.51;28133
@Brent Crude Oil;D;20240907;000000;71.47;163
@Brent Crude Oil;D;20240909;000000;71.95;39921
@Brent Crude Oil;D;20240910;000000;69.71;39948
@Brent Crude Oil;D;20240911;000000;70.73;39258
@Brent Crude Oil;D;20240912;000000;72.16;37862
@Brent Crude Oil;D;20240913;000000;72.12;35290
@Brent Crude Oil;D;20240914;000000;72.18;188
@Brent Crude Oil;D;20240916;000000;72.95;31179
@Brent Crude Oil;D;20240917;000000;73.7;31072
@Brent Crude Oil;D;20240918;000000;72.94;34190
@Brent Crude Oil;D;20240919;000000;74.84;38286
@Brent Crude Oil;D;20240920;000000;74.72;32009
@Brent Crude Oil;D;20240921;000000;74.72;61
@Brent Crude Oil;D;20240923;000000;74.24;36768
@Brent Crude Oil;D;20240924;000000;75.15;33291
@Brent Crude Oil;D;20240925;000000;73.63;37264
@Brent Crude Oil;D;20240926;000000;71.39;38299
@Brent Crude Oil;D;20240927;000000;72.41;33427
@Brent Crude Oil;D;20240928;000000;72.45;117
@Brent Crude Oil;D;20240930;000000;71.76;30257
@Brent Crude Oil;D;20241001;000000;74.4;44760
@Brent Crude Oil;D;20241002;000000;74.7;44394
@Brent Crude Oil;D;20241003;000000;77.59;42195
@Brent Crude Oil;D;20241004;000000;78.09;44418
@Brent Crude Oil;D;20241005;000000;78.14;323
@Brent Crude Oil;D;20241007;000000;81.06;42000
@Brent Crude Oil;D;20241008;000000;77.49;47775
@Brent Crude Oil;D;20241009;000000;76.73;45302
@Brent Crude Oil;D;20241010;000000;79.08;39334
@Brent Crude Oil;D;20241011;000000;78.87;40083
@Brent Crude Oil;D;20241012;000000;78.79;332
@Brent Crude Oil;D;20241014;000000;75.41;40182
@Brent Crude Oil;D;20241015;000000;74.7;49668
@Brent Crude Oil;D;20241016;000000;74.51;38247
@Brent Crude Oil;D;20241017;000000;74.51;35563
@Brent Crude Oil;D;20241018;000000;73.18;36774
@Brent Crude Oil;D;20241019;000000;73.17;184
@Brent Crude Oil;D;20241021;000000;74.02;36184
@Brent Crude Oil;D;20241022;000000;75.58;41085
@Brent Crude Oil;D;20241023;000000;75.28;34890
@Brent Crude Oil;D;20241024;000000;74.58;35065
@Brent Crude Oil;D;20241025;000000;75.98;31980
@Brent Crude Oil;D;20241026;000000;75.9;502
@Brent Crude Oil;D;20241028;000000;72.07;43596
@Brent Crude Oil;D;20241029;000000;71.41;29405
@Brent Crude Oil;D;20241030;000000;73.07;28405
@Brent Crude Oil;D;20241031;000000;73.17;20155
@Brent Crude Oil;D;20241101;000000;72.91;36782
@Brent Crude Oil;D;20241102;000000;72.94;163
@Brent Crude Oil;D;20241104;000000;75.29;35274
@Brent Crude Oil;D;20241105;000000;75.58;37276
@Brent Crude Oil;D;20241106;000000;75.18;45503
@Brent Crude Oil;D;20241107;000000;75.36;37373
@Brent Crude Oil;D;20241108;000000;73.95;34799
@Brent Crude Oil;D;20241109;000000;73.9;770
@Brent Crude Oil;D;20241110;000000;73.9;15
@Brent Crude Oil;D;20241111;000000;71.99;36191
@Brent Crude Oil;D;20241112;000000;71.78;35081
@Brent Crude Oil;D;20241113;000000;71.93;36400
@Brent Crude Oil;D;20241114;000000;72.42;35563
@Brent Crude Oil;D;20241115;000000;71.08;36783
@Brent Crude Oil;D;20241116;000000;71.05;617
@Brent Crude Oil;D;20241118;000000;73.3;36174
@Brent Crude Oil;D;20241119;000000;73.41;36127
@Brent Crude Oil;D;20241120;000000;73.11;30513
@Brent Crude Oil;D;20241121;000000;74.35;33014
@Brent Crude Oil;D;20241122;000000;75.06;38001
@Brent Crude Oil;D;20241123;000000;75.28;2207
@Brent Crude Oil;D;20241125;000000;73.16;35003
@Brent Crude Oil;D;20241126;000000;72.66;33926
@Brent Crude Oil;D;20241127;000000;72.91;28029
@Brent Crude Oil;D;20241128;000000;73.17;14716
@Brent Crude Oil;D;20241129;000000;72.94;21114
@Brent Crude Oil;D;20241130;000000;72.94;34
@Brent Crude Oil;D;20241202;000000;71.81;38079
@Brent Crude Oil;D;20241203;000000;73.65;34581
@Brent Crude Oil;D;20241204;000000;72.54;35364
@Brent Crude Oil;D;20241205;000000;72.22;34519
@Brent Crude Oil;D;20241206;000000;71.06;33719
@Brent Crude Oil;D;20241207;000000;71.05;562
@Brent Crude Oil;D;20241209;000000;71.92;29845
@Brent Crude Oil;D;20241210;000000;71.99;31541
@Brent Crude Oil;D;20241211;000000;73.57;31997
@Brent Crude Oil;D;20241212;000000;73.52;34449
@Brent Crude Oil;D;20241213;000000;74.38;30421
@Brent Crude Oil;D;20241214;000000;74.35;651
@Brent Crude Oil;D;20241216;000000;73.8;30118
@Brent Crude Oil;D;20241217;000000;73.27;32385
@Brent Crude Oil;D;20241218;000000;72.83;31640
@Brent Crude Oil;D;20241219;000000;72.55;32774
@Brent Crude Oil;D;20241220;000000;72.96;29945
@Brent Crude Oil;D;20241221;000000;72.98;479
@Brent Crude Oil;D;20241223;000000;72.89;27180
@Brent Crude Oil;D;20241224;000000;73.65;19589
@Brent Crude Oil;D;20241226;000000;73.13;18191
@Brent Crude Oil;D;20241227;000000;73.76;22931
@Brent Crude Oil;D;20241228;000000;74;413
@Brent Crude Oil;D;20241230;000000;74.39;11480
@Brent Crude Oil;D;20250102;000000;75.89;35423
@Brent Crude Oil;D;20250103;000000;76.56;33373
@Brent Crude Oil;D;20250104;000000;76.69;661
@Brent Crude Oil;D;20250106;000000;76.22;36014
@Brent Crude Oil;D;20250107;000000;77.05;38941
@Brent Crude Oil;D;20250108;000000;76.23;37740
@Brent Crude Oil;D;20250109;000000;77.21;31709
@Brent Crude Oil;D;20250110;000000;79.72;46008
@Brent Crude Oil;D;20250111;000000;79.79;829
@Brent Crude Oil;D;20250113;000000;80.85;47702
@Brent Crude Oil;D;20250114;000000;80.16;40244
@Brent Crude Oil;D;20250115;000000;82.49;43424
@Brent Crude Oil;D;20250116;000000;81.32;43386
@Brent Crude Oil;D;20250117;000000;80.74;38442
@Brent Crude Oil;D;20250118;000000;80.73;917
@Brent Crude Oil;D;20250120;000000;79.88;30644
@Brent Crude Oil;D;20250121;000000;79.52;39552
@Brent Crude Oil;D;20250122;000000;78.97;36442
@Brent Crude Oil;D;20250123;000000;77.9;35235
@Brent Crude Oil;D;20250124;000000;78.48;33451
@Brent Crude Oil;D;20250125;000000;78.43;572
@Brent Crude Oil;D;20250127;000000;76.94;34322
@Brent Crude Oil;D;20250128;000000;77.59;30161
@Brent Crude Oil;D;20250129;000000;76.83;24151
@Brent Crude Oil;D;20250130;000000;76.88;21974
@Brent Crude Oil;D;20250131;000000;76.77;24793
@Brent Crude Oil;D;20250201;000000;76.5;2547
@Brent Crude Oil;D;20250203;000000;75.81;43792
@Brent Crude Oil;D;20250204;000000;75.99;40622
@Brent Crude Oil;D;20250205;000000;74.74;38625
@Brent Crude Oil;D;20250206;000000;74.3;32898
@Brent Crude Oil;D;20250207;000000;74.62;32011
@Brent Crude Oil;D;20250208;000000;74.69;630
@Brent Crude Oil;D;20250210;000000;76.02;28909
@Brent Crude Oil;D;20250211;000000;76.92;32885
@Brent Crude Oil;D;20250212;000000;75.06;33504
@Brent Crude Oil;D;20250213;000000;75.17;36289
@Brent Crude Oil;D;20250214;000000;74.73;32142
@Brent Crude Oil;D;20250215;000000;74.64;689
@Brent Crude Oil;D;20250217;000000;75.29;23972
@Brent Crude Oil;D;20250218;000000;75.76;31337
@Brent Crude Oil;D;20250219;000000;76.11;30455
@Brent Crude Oil;D;20250220;000000;76.49;28665
@Brent Crude Oil;D;20250221;000000;74.23;32700
@Brent Crude Oil;D;20250222;000000;74.25;784
@Brent Crude Oil;D;20250224;000000;74.76;26662
@Brent Crude Oil;D;20250225;000000;73.17;26937
@Brent Crude Oil;D;20250226;000000;72.69;26193
@Brent Crude Oil;D;20250227;000000;73.87;19775
@Brent Crude Oil;D;20250228;000000;73.16;16324
@Brent Crude Oil;D;20250301;000000;73.08;651
@Brent Crude Oil;D;20250303;000000;71.37;36760
@Brent Crude Oil;D;20250304;000000;71.08;44259
@Brent Crude Oil;D;20250305;000000;69.44;44741
@Brent Crude Oil;D;20250306;000000;69.37;38423
@Brent Crude Oil;D;20250307;000000;70.34;37644
@Brent Crude Oil;D;20250308;000000;70.45;772
@Brent Crude Oil;D;20250310;000000;69.19;34790
@Brent Crude Oil;D;20250311;000000;69.88;38252
@Brent Crude Oil;D;20250312;000000;70.97;31767
@Brent Crude Oil;D;20250313;000000;70.08;32705
@Brent Crude Oil;D;20250314;000000;70.58;30343
@Brent Crude Oil;D;20250315;000000;70.65;96
@Brent Crude Oil;D;20250317;000000;70.98;31637
@Brent Crude Oil;D;20250318;000000;70.38;31140
@Brent Crude Oil;D;20250319;000000;70.91;29050
@Brent Crude Oil;D;20250320;000000;72.28;28248
@Brent Crude Oil;D;20250321;000000;72.16;28395
@Brent Crude Oil;D;20250322;000000;72.11;78
@Brent Crude Oil;D;20250324;000000;73.06;26898
@Brent Crude Oil;D;20250325;000000;73.19;22812
@Brent Crude Oil;D;20250326;000000;74.06;22661
@Brent Crude Oil;D;20250327;000000;74.04;23476
@Brent Crude Oil;D;20250328;000000;73.29;22015
@Brent Crude Oil;D;20250329;000000;73.38;82
@Brent Crude Oil;D;20250331;000000;74.74;17865
@Brent Crude Oil;D;20250401;000000;74.41;33823
@Brent Crude Oil;D;20250402;000000;73.79;37628
@Brent Crude Oil;D;20250403;000000;69.86;53574
@Brent Crude Oil;D;20250404;000000;65.97;53921
@Brent Crude Oil;D;20250405;000000;66.06;114
@Brent Crude Oil;D;20250407;000000;64.42;63306
@Brent Crude Oil;D;20250408;000000;61.55;52938
@Brent Crude Oil;D;20250409;000000;65.79;60479
@Brent Crude Oil;D;20250410;000000;63.52;48477
@Brent Crude Oil;D;20250411;000000;64.71;47124
@Brent Crude Oil;D;20250412;000000;64.59;83
@Brent Crude Oil;D;20250414;000000;64.92;36297
@Brent Crude Oil;D;20250415;000000;64.89;31369
@Brent Crude Oil;D;20250416;000000;65.97;35180
@Brent Crude Oil;D;20250417;000000;67.66;35446
@Brent Crude Oil;D;20250418;000000;67.85;132
@Brent Crude Oil;D;20250421;000000;66.53;30101
@Brent Crude Oil;D;20250422;000000;67.34;32375
@Brent Crude Oil;D;20250423;000000;66.11;35606
@Brent Crude Oil;D;20250424;000000;66.51;28427
@Brent Crude Oil;D;20250425;000000;66.99;30015
@Brent Crude Oil;D;20250426;000000;66.91;49
@Brent Crude Oil;D;20250428;000000;65.69;33395
@Brent Crude Oil;D;20250429;000000;63.93;30756
@Brent Crude Oil;D;20250430;000000;63.12;20197
@Brent Crude Oil;D;20250501;000000;61.87;41617
@Brent Crude Oil;D;20250502;000000;61.43;33859
@Brent Crude Oil;D;20250503;000000;61.45;81
@Brent Crude Oil;D;20250505;000000;60.34;38143
@Brent Crude Oil;D;20250506;000000;62.03;36904
@Brent Crude Oil;D;20250507;000000;60.97;35289
@Brent Crude Oil;D;20250508;000000;63.2;34032
@Brent Crude Oil;D;20250509;000000;63.91;34020
@Brent Crude Oil;D;20250510;000000;63.88;150
@Brent Crude Oil;D;20250512;000000;64.95;36188
@Brent Crude Oil;D;20250513;000000;66.55;31984
@Brent Crude Oil;D;20250514;000000;65.8;30050
@Brent Crude Oil;D;20250515;000000;64.59;36313
@Brent Crude Oil;D;20250516;000000;65.41;30541
@Brent Crude Oil;D;20250517;000000;65.33;240
@Brent Crude Oil;D;20250519;000000;65.54;35209
@Brent Crude Oil;D;20250520;000000;65.61;30443
@Brent Crude Oil;D;20250521;000000;64.64;36648
@Brent Crude Oil;D;20250522;000000;64.07;36888
@Brent Crude Oil;D;20250523;000000;65.01;30997
@Brent Crude Oil;D;20250524;000000;65.03;129
@Brent Crude Oil;D;20250526;000000;64.81;15670
@Brent Crude Oil;D;20250527;000000;64.28;29546
@Brent Crude Oil;D;20250528;000000;64.92;27729
@Brent Crude Oil;D;20250529;000000;64.13;27514
@Brent Crude Oil;D;20250530;000000;63.9;18136
@Brent Crude Oil;D;20250531;000000;63.9;1
@Brent Crude Oil;D;20250602;000000;65.1;43484
@Brent Crude Oil;D;20250603;000000;65.59;34431
@Brent Crude Oil;D;20250604;000000;64.85;30691
@Brent Crude Oil;D;20250605;000000;65.24;25932
@Brent Crude Oil;D;20250606;000000;66.62;27867
@Brent Crude Oil;D;20250607;000000;66.65;78
@Brent Crude Oil;D;20250609;000000;67.11;27034
@Brent Crude Oil;D;20250610;000000;66.59;33759
@Brent Crude Oil;D;20250611;000000;69.92;38925
@Brent Crude Oil;D;20250612;000000;70.26;42748
@Brent Crude Oil;D;20250613;000000;74.54;68329
@Brent Crude Oil;D;20250614;000000;75.18;1333
@Brent Crude Oil;D;20250616;000000;73;52039
@Brent Crude Oil;D;20250617;000000;76.93;53063
@Brent Crude Oil;D;20250618;000000;76.25;47427
@Brent Crude Oil;D;20250619;000000;78.74;35911
@Brent Crude Oil;D;20250620;000000;77.24;42890
@Brent Crude Oil;D;20250621;000000;77.32;288
@Brent Crude Oil;D;20250623;000000;70.11;43833
@Brent Crude Oil;D;20250624;000000;67.79;50800
@Brent Crude Oil;D;20250625;000000;67.62;31563
@Brent Crude Oil;D;20250626;000000;67.75;29420
@Brent Crude Oil;D;20250627;000000;67.41;24523
@Brent Crude Oil;D;20250628;000000;67.31;85
@Brent Crude Oil;D;20250630;000000;67.63;15010
@Brent Crude Oil;D;20250701;000000;67.22;29328
@Brent Crude Oil;D;20250702;000000;69.13;32279
@Brent Crude Oil;D;20250703;000000;68.89;28050
@Brent Crude Oil;D;20250704;000000;68.51;19828
@Brent Crude Oil;D;20250707;000000;69.56;33209
@Brent Crude Oil;D;20250708;000000;70;29996
@Brent Crude Oil;D;20250709;000000;70.13;28671
@Brent Crude Oil;D;20250710;000000;68.85;28780
@Brent Crude Oil;D;20250711;000000;70.67;31255
@Brent Crude Oil;D;20250712;000000;70.63;253
@Brent Crude Oil;D;20250714;000000;69.07;31893
@Brent Crude Oil;D;20250715;000000;68.87;28747
@Brent Crude Oil;D;20250716;000000;68.69;27662
@Brent Crude Oil;D;20250717;000000;69.58;26860
@Brent Crude Oil;D;20250718;000000;69.23;32729
@Brent Crude Oil;D;20250719;000000;69.23;47
@Brent Crude Oil;D;20250720;000000;69.23;1
@Brent Crude Oil;D;20250721;000000;69.03;28418
@Brent Crude Oil;D;20250722;000000;68.75;29713
@Brent Crude Oil;D;20250723;000000;68.67;31909
@Brent Crude Oil;D;20250724;000000;69.31;32074
@Brent Crude Oil;D;20250725;000000;68.38;26592
@Brent Crude Oil;D;20250726;000000;68.39;35
@Brent Crude Oil;D;20250728;000000;70.31;26939
@Brent Crude Oil;D;20250729;000000;72.71;27016
@Brent Crude Oil;D;20250730;000000;73.47;29450
@Brent Crude Oil;D;20250731;000000;72.55;14555
@Brent Crude Oil;D;20250801;000000;69.53;31648
@Brent Crude Oil;D;20250802;000000;69.52;129
@Brent Crude Oil;D;20250803;000000;69.52;2
@Brent Crude Oil;D;20250804;000000;68.71;33206
@Brent Crude Oil;D;20250805;000000;67.67;30784
@Brent Crude Oil;D;20250806;000000;66.77;31915
@Brent Crude Oil;D;20250807;000000;66.35;31712
@Brent Crude Oil;D;20250808;000000;66.14;31932
@Brent Crude Oil;D;20250809;000000;66.32;91
@Brent Crude Oil;D;20250811;000000;66.69;28455
@Brent Crude Oil;D;20250812;000000;66.11;25038
@Brent Crude Oil;D;20250813;000000;65.76;27375
@Brent Crude Oil;D;20250814;000000;66.84;29020
@Brent Crude Oil;D;20250815;000000;66.14;27246
@Brent Crude Oil;D;20250816;000000;66.13;107
@Brent Crude Oil;D;20250818;000000;66.5;28755
@Brent Crude Oil;D;20250819;000000;65.99;28399
@Brent Crude Oil;D;20250820;000000;66.95;27348
@Brent Crude Oil;D;20250821;000000;67.6;27684
@Brent Crude Oil;D;20250822;000000;67.82;29473
@Brent Crude Oil;D;20250823;000000;67.79;12
@Brent Crude Oil;D;20250824;000000;67.79;1
@Brent Crude Oil;D;20250825;000000;68.76;21609
@Brent Crude Oil;D;20250826;000000;67.27;26842
@Brent Crude Oil;D;20250827;000000;67.79;25371
@Brent Crude Oil;D;20250828;000000;68.33;19825
@Brent Crude Oil;D;20250829;000000;68.12;12647
@Brent Crude Oil;D;20250830;000000;68.12;1
@Brent Crude Oil;D;20250901;000000;68.16;17828
@Brent Crude Oil;D;20250902;000000;69.1;33293
@Brent Crude Oil;D;20250903;000000;67.39;31921
@Brent Crude Oil;D;20250904;000000;66.85;29764
@Brent Crude Oil;D;20250905;000000;65.61;30294
@Brent Crude Oil;D;20250906;000000;65.67;107
@Brent Crude Oil;D;20250908;000000;66.21;30224
@Brent Crude Oil;D;20250909;000000;66.53;27908
@Brent Crude Oil;D;20250910;000000;67.58;26091
@Brent Crude Oil;D;20250911;000000;66.27;25517
@Brent Crude Oil;D;20250912;000000;66.88;32058
@Brent Crude Oil;D;20250913;000000;66.88;110
@Brent Crude Oil;D;20250915;000000;67.45;23425
@Brent Crude Oil;D;20250916;000000;68.51;25542
@Brent Crude Oil;D;20250917;000000;67.9;26089
@Brent Crude Oil;D;20250918;000000;67.5;24557
@Brent Crude Oil;D;20250919;000000;66.64;25523
@Brent Crude Oil;D;20250920;000000;66.66;21
@Brent Crude Oil;D;20250922;000000;66.6;24957
@Brent Crude Oil;D;20250923;000000;67.86;27049
@Brent Crude Oil;D;20250924;000000;69.13;24156
@Brent Crude Oil;D;20250925;000000;69.58;28304
@Brent Crude Oil;D;20250926;000000;69.68;24373
@Brent Crude Oil;D;20250927;000000;69.75;96
@Brent Crude Oil;D;20250929;000000;67.65;26213
@Brent Crude Oil;D;20250930;000000;67.06;13419
@Brent Crude Oil;D;20251001;000000;65.4;33289
@Brent Crude Oil;D;20251002;000000;64.3;35314
@Brent Crude Oil;D;20251003;000000;64.37;30771
@Brent Crude Oil;D;20251004;000000;64.36;86
@Brent Crude Oil;D;20251006;000000;65.48;31195
@Brent Crude Oil;D;20251007;000000;65.75;28380
@Brent Crude Oil;D;20251008;000000;66.04;28163
@Brent Crude Oil;D;20251009;000000;65.2;33266
@Brent Crude Oil;D;20251010;000000;62.17;36881
@Brent Crude Oil;D;20251011;000000;62.09;1250
@Brent Crude Oil;D;20251013;000000;63.38;35400
@Brent Crude Oil;D;20251014;000000;62.25;38359
@Brent Crude Oil;D;20251015;000000;62.43;31420
@Brent Crude Oil;D;20251016;000000;61.06;32532
@Brent Crude Oil;D;20251017;000000;61.37;37818
@Brent Crude Oil;D;20251018;000000;61.34;57
@Brent Crude Oil;D;20251020;000000;60.9;28998
@Brent Crude Oil;D;20251021;000000;61.61;31185
@Brent Crude Oil;D;20251022;000000;63.52;36923
@Brent Crude Oil;D;20251023;000000;65.91;49759
@Brent Crude Oil;D;20251024;000000;65.85;32722
@Brent Crude Oil;D;20251025;000000;65.69;416
@Brent Crude Oil;D;20251027;000000;65.87;30126
@Brent Crude Oil;D;20251028;000000;64.43;32755
@Brent Crude Oil;D;20251029;000000;64.8;29814
@Brent Crude Oil;D;20251030;000000;64.71;33144
@Brent Crude Oil;D;20251031;000000;65.07;12169
@Brent Crude Oil;D;20251101;000000;64.58;212
@Brent Crude Oil;D;20251102;000000;64.58;1
@Brent Crude Oil;D;20251103;000000;64.9;30937
@Brent Crude Oil;D;20251104;000000;64.28;29792
@Brent Crude Oil;D;20251105;000000;63.5;32647
@Brent Crude Oil;D;20251106;000000;63.44;35509
@Brent Crude Oil;D;20251107;000000;63.68;35640
@Brent Crude Oil;D;20251108;000000;63.7;499
@Brent Crude Oil;D;20251110;000000;64.07;29723
@Brent Crude Oil;D;20251111;000000;65.03;30091
@Brent Crude Oil;D;20251112;000000;62.68;32087
@Brent Crude Oil;D;20251113;000000;62.92;31679
@Brent Crude Oil;D;20251114;000000;64.22;38833
@Brent Crude Oil;D;20251115;000000;64.29;622
@Brent Crude Oil;D;20251117;000000;64.04;27844
@Brent Crude Oil;D;20251118;000000;64.92;34195
@Brent Crude Oil;D;20251119;000000;63.56;37425
@Brent Crude Oil;D;20251120;000000;63.09;34917
@Brent Crude Oil;D;20251121;000000;62.44;45445
@Brent Crude Oil;D;20251122;000000;62.51;533
@Brent Crude Oil;D;20251124;000000;63.46;28835
@Brent Crude Oil;D;20251125;000000;62.49;31403
@Brent Crude Oil;D;20251126;000000;63.04;25329
@Brent Crude Oil;D;20251127;000000;63.39;13216
@Brent Crude Oil;D;20251128;000000;63.19;14496
@Brent Crude Oil;D;20251129;000000;63.19;1
@Brent Crude Oil;D;20251201;000000;63.23;32231
@Brent Crude Oil;D;20251202;000000;62.44;30223
@Brent Crude Oil;D;20251203;000000;62.81;29578
@Brent Crude Oil;D;20251204;000000;63.29;27464
@Brent Crude Oil;D;20251205;000000;63.74;27532
@Brent Crude Oil;D;20251206;000000;63.86;602
@Brent Crude Oil;D;20251208;000000;62.47;29186
@Brent Crude Oil;D;20251209;000000;62.02;27028
@Brent Crude Oil;D;20251210;000000;62.64;29786
@Brent Crude Oil;D;20251211;000000;61.49;34178
@Brent Crude Oil;D;20251212;000000;61.16;30285
@Brent Crude Oil;D;20251213;000000;61.22;643
@Brent Crude Oil;D;20251215;000000;60.38;30125
@Brent Crude Oil;D;20251216;000000;58.86;35078
@Brent Crude Oil;D;20251217;000000;60.42;35314
@Brent Crude Oil;D;20251218;000000;59.69;29969
@Brent Crude Oil;D;20251219;000000;60.52;29221
@Brent Crude Oil;D;20251220;000000;60.55;718
@Brent Crude Oil;D;20251222;000000;62.08;24592
@Brent Crude Oil;D;20251223;000000;62.47;20601
@Brent Crude Oil;D;20251224;000000;62.28;17452
@Brent Crude Oil;D;20251226;000000;60.83;20647
@Brent Crude Oil;D;20251227;000000;60.8;332
@Brent Crude Oil;D;20251229;000000;61.71;24738
@Brent Crude Oil;D;20251230;000000;61.88;10628
@Brent Crude Oil;D;20260102;000000;60.75;27134
@Brent Crude Oil;D;20260103;000000;60.8;388
@Brent Crude Oil;D;20260105;000000;61.81;37435
@Brent Crude Oil;D;20260106;000000;60.48;31530
@Brent Crude Oil;D;20260107;000000;60.28;38592
@Brent Crude Oil;D;20260108;000000;62.91;35372
@Brent Crude Oil;D;20260109;000000;63.02;40025
@Brent Crude Oil;D;20260110;000000;63.02;970
@Brent Crude Oil;D;20260112;000000;63.88;36364
@Brent Crude Oil;D;20260113;000000;65.4;41712
@Brent Crude Oil;D;20260114;000000;64.6;44648
@Brent Crude Oil;D;20260115;000000;63.52;46327
@Brent Crude Oil;D;20260116;000000;64.11;35472
@Brent Crude Oil;D;20260117;000000;64.2;1902
@Brent Crude Oil;D;20260119;000000;64.19;27822
@Brent Crude Oil;D;20260120;000000;63.89;36367
@Brent Crude Oil;D;20260121;000000;65.27;38782
@Brent Crude Oil;D;20260122;000000;64.12;36361
@Brent Crude Oil;D;20260123;000000;65.97;39747
@Brent Crude Oil;D;20260124;000000;66.29;1755
@Brent Crude Oil;D;20260126;000000;65.73;36286
@Brent Crude Oil;D;20260127;000000;67.7;44067
@Brent Crude Oil;D;20260128;000000;68.55;35057
@Brent Crude Oil;D;20260129;000000;70.81;37947
@Brent Crude Oil;D;20260130;000000;70.7;27660
@Brent Crude Oil;D;20260131;000000;70.7;1
@Brent Crude Oil;D;20260202;000000;66.4;55614
@Brent Crude Oil;D;20260203;000000;68.19;46198
@Brent Crude Oil;D;20260204;000000;68.56;45864
@Brent Crude Oil;D;20260205;000000;67.55;45799
@Brent Crude Oil;D;20260206;000000;67.94;45981
@Brent Crude Oil;D;20260207;000000;68.1;1360
@Brent Crude Oil;D;20260209;000000;68.96;37742
@Brent Crude Oil;D;20260210;000000;69.12;36599
@Brent Crude Oil;D;20260211;000000;69.76;39292
@Brent Crude Oil;D;20260212;000000;67.6;39995
@Brent Crude Oil;D;20260213;000000;67.61;38710
@Brent Crude Oil;D;20260214;000000;67.73;991
@Brent Crude Oil;D;20260216;000000;68.64;22804
@Brent Crude Oil;D;20260217;000000;67.36;35877
@Brent Crude Oil;D;20260218;000000;70.5;37585
@Brent Crude Oil;D;20260219;000000;71.93;41724
@Brent Crude Oil;D;20260220;000000;71.7;40333
@Brent Crude Oil;D;20260221;000000;71.68;929
@Brent Crude Oil;D;20260223;000000;71.62;32125
@Brent Crude Oil;D;20260224;000000;71.45;37020
@Brent Crude Oil;D;20260225;000000;70.94;32694
@Brent Crude Oil;D;20260226;000000;70.92;31252
@Brent Crude Oil;D;20260227;000000;72.52;19597
@Brent Crude Oil;D;20260228;000000;72.52;3
@Brent Crude Oil;D;20260302;000000;78.47;73540
@Brent Crude Oil;D;20260303;000000;81.09;65558
@Brent Crude Oil;D;20260304;000000;81.72;65109
@Brent Crude Oil;D;20260305;000000;84.56;68466
@Brent Crude Oil;D;20260306;000000;92.27;68322
@Brent Crude Oil;D;20260307;000000;93.32;3672
@Brent Crude Oil;D;20260309;000000;88.68;85670
@Brent Crude Oil;D;20260310;000000;90.9;74180
@Brent Crude Oil;D;20260311;000000;92.99;63290
@Brent Crude Oil;D;20260312;000000;101.25;69151
@Brent Crude Oil;D;20260313;000000;103.8;58597
@Brent Crude Oil;D;20260314;000000;103.89;649
@Brent Crude Oil;D;20260316;000000;100.87;61336
@Brent Crude Oil;D;20260317;000000;103.57;52610
@Brent Crude Oil;D;20260318;000000;110.94;57018
@Brent Crude Oil;D;20260319;000000;107.79;64174
@Brent Crude Oil;D;20260320;000000;112.54;57264
@Brent Crude Oil;D;20260321;000000;109.55;4465
@Brent Crude Oil;D;20260322;000000;109.55;4
@Brent Crude Oil;D;20260323;000000;100.31;65791
@Brent Crude Oil;D;20260324;000000;99.98;57082
@Brent Crude Oil;D;20260325;000000;103.1;54027
@Brent Crude Oil;D;20260326;000000;107.24;48934
@Brent Crude Oil;D;20260327;000000;114.69;49773
@Brent Crude Oil;D;20260328;000000;114.57;432
@Brent Crude Oil;D;20260330;000000;114.52;49287
@Brent Crude Oil;D;20260331;000000;118.31;30622
@Brent Crude Oil;D;20260401;000000;100.33;57294
@Brent Crude Oil;D;20260402;000000;109.09;59698
@Brent Crude Oil;D;20260403;000000;109.24;525
@Brent Crude Oil;D;20260406;000000;109.69;51922
@Brent Crude Oil;D;20260407;000000;105.44;56845
@Brent Crude Oil;D;20260408;000000;96.24;58041
@Brent Crude Oil;D;20260409;000000;96.47;56254
@Brent Crude Oil;D;20260410;000000;94.44;47890
@Brent Crude Oil;D;20260411;000000;94.26;562
@Brent Crude Oil;D;20260413;000000;98.09;53209
@Brent Crude Oil;D;20260414;000000;95.15;48483
@Brent Crude Oil;D;20260415;000000;94.9;49064
@Brent Crude Oil;D;20260416;000000;97.99;42976
@Brent Crude Oil;D;20260417;000000;91.99;48839
@Brent Crude Oil;D;20260418;000000;92.42;581
@Brent Crude Oil;D;20260420;000000;94.24;52833
@Brent Crude Oil;D;20260421;000000;99.25;50054
@Brent Crude Oil;D;20260422;000000;101.78;38156
@Brent Crude Oil;D;20260423;000000;106.43;53029
@Brent Crude Oil;D;20260424;000000;105.89;44679
@Brent Crude Oil;D;20260425;000000;105.88;434
@Brent Crude Oil;D;20260427;000000;108.3;45867
@Brent Crude Oil;D;20260428;000000;111.16;41084
@Brent Crude Oil;D;20260429;000000;120.12;38912
@Brent Crude Oil;D;20260430;000000;114.09;37562
@Brent Crude Oil;D;20260501;000000;108.8;45954
@Brent Crude Oil;D;20260502;000000;109.2;458
@Brent Crude Oil;D;20260504;000000;113.84;47531
@Brent Crude Oil;D;20260505;000000;110.5;45261
@Brent Crude Oil;D;20260506;000000;102.01;56294
@Brent Crude Oil;D;20260507;000000;103.07;54711
@Brent Crude Oil;D;20260508;000000;100.51;48794
@Brent Crude Oil;D;20260509;000000;100.25;443
@Brent Crude Oil;D;20260511;000000;104.34;45662
@Brent Crude Oil;D;20260512;000000;107.45;39446
@Brent Crude Oil;D;20260513;000000;105.6;37606
@Brent Crude Oil;D;20260514;000000;106.61;34995
@Brent Crude Oil;D;20260515;000000;109.2;42991
@Brent Crude Oil;D;20260516;000000;109.47;139
@Brent Crude Oil;D;20260518;000000;109.32;47808
@Brent Crude Oil;D;20260519;000000;110.97;38332
@Brent Crude Oil;D;20260520;000000;105.49;45081
@Brent Crude Oil;D;20260521;000000;104.89;47175
@Brent Crude Oil;D;20260522;000000;104.02;43612
@Brent Crude Oil;D;20260523;000000;104.25;424
