<DATE>,<TIME>,<OPEN>,<HIGH>,<LOW>,<CLOSE>,<VOL>
20000101,000000,25.08,25.08,24.89,24.89,0
20000103,000000,25.08,25.08,24.89,24.89,0
20000103,000000,25.08,25.08,24.89,24.89,0
20000104,000000,24.21,24.21,23.62,23.94,0
20000105,000000,23.94,23.94,23.2,23.2,0
20000106,000000,23.02,23.44,23.02,23.12,0
20000107,000000,23.24,23.33,22.64,22.64,0
20000108,000000,23.24,23.33,22.64,22.64,0
20000110,000000,23.24,23.33,22.64,22.64,0
20000110,000000,22.81,22.89,22.67,23.28,0
20000111,000000,23.47,23.96,23.47,24.2,0
20000112,000000,23.76,24.48,23.76,24.59,0
20000113,000000,24.6,24.96,24.6,24.83,0
20000114,000000,24.99,25.34,24.99,25.34,0
20000115,000000,24.99,25.34,24.99,25.34,0
20000117,000000,24.99,25.34,24.99,25.34,0
20000117,000000,25.34,25.51,25.34,25.89,0
20000118,000000,25.78,26.35,25.77,26.35,0
20000119,000000,26.35,26.35,26.12,26.12,0
20000120,000000,26.29,26.45,26.23,26.45,0
20000121,000000,27.15,27.43,26.9,26.9,0
20000122,000000,27.15,27.43,26.9,26.9,0
20000124,000000,27.15,27.43,26.9,26.9,0
20000124,000000,27.31,27.57,26.91,26.91,0
20000125,000000,26.48,27.2,26.48,27.2,0
20000126,000000,27.39,27.75,26.98,26.98,0
20000127,000000,26.73,27.03,26.54,26.54,0
20000128,000000,26.54,26.6,26.42,26.6,0
20000129,000000,26.54,26.6,26.42,26.6,0
20000131,000000,26.54,26.6,26.42,26.6,0
20000131,000000,26.32,27.07,26.18,26.92,0
20000201,000000,26.92,27.47,26.92,27.34,0
20000202,000000,27.34,27.67,26.86,26.89,0
20000203,000000,27.46,27.62,27.46,27.62,0
20000204,000000,27.56,28.03,27.37,28.03,0
20000205,000000,27.56,28.03,27.37,28.03,0
20000207,000000,27.56,28.03,27.37,28.03,0
20000207,000000,28.03,28.03,27.55,27.73,0
20000208,000000,27.68,27.68,27.02,27.02,0
20000209,000000,27.05,27.59,26.87,27.57,0
20000210,000000,27.57,27.88,27.38,27.38,0
20000211,000000,27.96,27.96,27.47,27.57,0
20000212,000000,27.96,27.96,27.47,27.57,0
20000214,000000,27.96,27.96,27.47,27.57,0
20000214,000000,27.81,28.08,27.72,28.08,0
20000215,000000,28.23,28.24,27.98,27.98,0
20000216,000000,28.16,28.29,27.83,28.17,0
20000217,000000,27.68,27.68,27.44,27.72,0
20000218,000000,27.44,27.75,27.22,27.22,0
20000219,000000,27.44,27.75,27.22,27.22,0
20000221,000000,27.44,27.75,27.22,27.22,0
20000221,000000,27.22,27.22,26.8,26.86,0
20000222,000000,26.86,27.51,26.77,27.51,0
20000223,000000,27.42,27.99,27.42,27.99,0
20000224,000000,28.13,28.44,28.12,28.35,0
20000225,000000,28.24,28.73,28.23,28.6,0
20000226,000000,28.24,28.73,28.23,28.6,0
20000228,000000,28.24,28.73,28.23,28.6,0
20000228,000000,28.46,28.66,28.34,28.42,0
20000229,000000,28.62,29.04,28.62,29.04,0
20000301,000000,29.04,30.01,29.04,30.01,0
20000302,000000,29.5,30.23,29.5,30.07,0
20000303,000000,30.07,30.07,29.78,29.84,0
20000304,000000,30.07,30.07,29.78,29.84,0
20000306,000000,30.07,30.07,29.78,29.84,0
20000306,000000,29.95,30.48,29.95,30.48,0
20000307,000000,30.48,32.75,30.48,32.75,0
20000308,000000,31.9,31.9,31.55,31.55,0
20000309,000000,30.65,30.65,29.43,30.14,0
20000310,000000,30.14,30.14,28.69,28.69,0
20000311,000000,30.14,30.14,28.69,28.69,0
20000313,000000,30.14,30.14,28.69,28.69,0
20000313,000000,28.75,29.18,28.6,29.17,0
20000314,000000,29.17,29.31,28.55,28.64,0
20000315,000000,28.64,28.64,27.8,27.83,0
20000316,000000,26.77,27.8,26.77,27.71,0
20000317,000000,28,28,27,27.04,0
20000318,000000,28,28,27,27.04,0
20000320,000000,28,28,27,27.04,0
20000320,000000,27.04,27.04,24.86,24.86,0
20000321,000000,24.85,25.35,24.78,25.35,0
20000322,000000,25.35,25.66,24.66,24.66,0
20000323,000000,24.95,25.01,24.68,24.68,0
20000324,000000,24.68,25.26,24.68,25.11,0
20000325,000000,24.68,25.26,24.68,25.11,0
20000327,000000,24.68,25.26,24.68,25.11,0
20000327,000000,24.87,25.02,24.78,24.78,0
20000328,000000,24.88,24.95,24.43,24.56,0
20000329,000000,23.88,23.88,23.45,23.45,0
20000330,000000,23.5,23.73,23.48,23.68,0
20000331,000000,24.15,24.25,23.7,24.12,0
20000401,000000,24.15,24.25,23.7,24.12,0
20000403,000000,24.15,24.25,23.7,24.12,0
20000403,000000,24.45,24.51,23.86,23.86,0
20000404,000000,23.7,23.7,22.81,22.81,0
20000405,000000,22.82,22.91,22.81,22.91,0
20000406,000000,22.91,23.26,22.61,22.61,0
20000407,000000,22.66,22.66,21.69,21.69,0
20000408,000000,22.66,22.66,21.69,21.69,0
20000410,000000,22.66,22.66,21.69,21.69,0
20000410,000000,21.29,21.34,20.55,20.55,0
20000411,000000,21.25,21.25,20.9,20.9,0
20000412,000000,21.38,22.37,21.3,22.37,0
20000413,000000,22.37,22.37,21.91,21.91,0
20000414,000000,21.95,22.5,21.81,21.81,0
20000415,000000,21.95,22.5,21.81,21.81,0
20000417,000000,21.95,22.5,21.81,21.81,0
20000417,000000,21.51,22.48,21.51,22.36,0
20000418,000000,22.36,22.74,22.33,22.67,0
20000419,000000,22.67,23.44,22.67,23.39,0
20000420,000000,23.37,23.57,23.26,23.55,0
20000421,000000,23.37,23.57,23.26,23.55,0
20000422,000000,23.37,23.57,23.26,23.55,0
20000424,000000,23.37,23.57,23.26,23.55,0
20000424,000000,23.37,23.57,23.26,23.55,0
20000425,000000,23.55,23.55,22.95,22.95,0
20000426,000000,22.95,22.95,22.55,22.55,0
20000427,000000,22.55,23.33,22.55,23.33,0
20000428,000000,23.33,23.79,23.33,23.43,0
20000429,000000,23.33,23.79,23.33,23.43,0
20000501,000000,23.33,23.79,23.33,23.43,0
20000501,000000,23.33,23.79,23.33,23.43,0
20000502,000000,23.45,24.68,23.45,24.66,0
20000503,000000,24.66,25.22,24.62,24.62,0
20000504,000000,24.62,24.99,24.46,24.81,0
20000505,000000,24.86,24.95,24.66,24.95,0
20000506,000000,24.86,24.95,24.66,24.95,0
20000508,000000,24.86,24.95,24.66,24.95,0
20000508,000000,24.95,25.74,24.95,25.74,0
20000509,000000,25.74,26.48,25.68,26.48,0
20000510,000000,26.48,26.48,26.08,26.08,0
20000511,000000,26.08,27.2,26.03,27.11,0
20000512,000000,27.46,27.93,27.26,27.71,0
20000513,000000,27.46,27.93,27.26,27.71,0
20000515,000000,27.46,27.93,27.26,27.71,0
20000515,000000,27.26,28.01,27.26,27.99,0
20000516,000000,27.55,27.87,27.11,27.32,0
20000517,000000,27.42,27.42,26.97,27.12,0
20000518,000000,27.12,29.41,27.12,29.41,0
20000519,000000,29.41,29.54,29.03,29.08,0
20000520,000000,29.41,29.54,29.03,29.08,0
20000522,000000,29.41,29.54,29.03,29.08,0
20000522,000000,29.08,29.08,27.82,27.93,0
20000523,000000,27.93,28.08,27.82,28.08,0
20000524,000000,28.08,29.23,28.08,29.23,0
20000525,000000,29.29,29.87,29.26,29.87,0
20000526,000000,29.87,30.12,29.87,29.94,0
20000527,000000,29.87,30.12,29.87,29.94,0
20000529,000000,29.87,30.12,29.87,29.94,0
20000529,000000,29.87,30.12,29.87,29.94,0
20000530,000000,29.94,29.94,28.11,28.24,0
20000531,000000,28.24,30.09,28.24,29.03,0
20000601,000000,29.03,29.91,29.03,29.91,0
20000602,000000,29.91,30.02,29.54,29.77,0
20000603,000000,29.91,30.02,29.54,29.77,0
20000605,000000,29.91,30.02,29.54,29.77,0
20000605,000000,29.8,29.8,27.82,27.82,0
20000606,000000,27.82,28.34,27.82,28.34,0
20000607,000000,28.34,28.99,27.9,28.99,0
20000608,000000,28.99,29.15,28.77,28.87,0
20000609,000000,28.78,29.28,28.71,29.28,0
20000610,000000,28.78,29.28,28.71,29.28,0
20000612,000000,28.78,29.28,28.71,29.28,0
20000612,000000,29.87,30.91,29.87,30.91,0
20000613,000000,30.91,31.23,30.15,30.15,0
20000614,000000,30.15,30.15,29.66,29.89,0
20000615,000000,29.89,30.1,29.46,30.03,0
20000616,000000,30.03,30.03,28.26,28.65,0
20000617,000000,30.03,30.03,28.26,28.65,0
20000619,000000,30.03,30.03,28.26,28.65,0
20000619,000000,28.65,28.65,28.04,28.28,0
20000620,000000,28.28,29.32,28.28,28.77,0
20000621,000000,28.77,29.41,28.38,29.08,0
20000622,000000,28.95,29.9,28.95,29.9,0
20000623,000000,29.9,30.25,29.9,30.14,0
20000624,000000,29.9,30.25,29.9,30.14,0
20000626,000000,29.9,30.25,29.9,30.14,0
20000626,000000,30.43,30.79,30.08,30.2,0
20000627,000000,30.22,30.69,29.96,30.69,0
20000628,000000,30.69,30.95,30.61,30.61,0
20000629,000000,30.56,31.3,30.56,31.3,0
20000630,000000,31.3,31.67,31.24,31.32,0
20000701,000000,31.3,31.67,31.24,31.32,0
20000703,000000,31.3,31.67,31.24,31.32,0
20000703,000000,31.32,32.18,31.32,32.03,0
20000704,000000,31.36,31.36,30.5,30.5,0
20000705,000000,30.5,30.5,29.53,30.39,0
20000706,000000,30.57,30.96,30.12,30.8,0
20000707,000000,30.8,30.82,30.31,30.82,0
20000708,000000,30.8,30.82,30.31,30.82,0
20000710,000000,30.8,30.82,30.31,30.82,0
20000710,000000,30.82,30.82,29.91,29.98,0
20000711,000000,29.77,30.35,29.77,30.35,0
20000712,000000,30.35,30.8,29.18,30.8,0
20000713,000000,30.8,31.39,30.8,31.39,0
20000714,000000,31.39,31.39,30.93,31.01,0
20000715,000000,31.39,31.39,30.93,31.01,0
20000717,000000,31.39,31.39,30.93,31.01,0
20000717,000000,31.42,31.42,27.69,27.69,0
20000718,000000,27.69,28.44,27.69,28.42,0
20000719,000000,28.42,28.45,27.77,27.77,0
20000720,000000,27.77,27.77,27.12,27.12,0
20000721,000000,27.12,27.12,26.33,26.33,0
20000722,000000,27.12,27.12,26.33,26.33,0
20000724,000000,27.12,27.12,26.33,26.33,0
20000724,000000,26.33,26.41,25.48,25.48,0
20000725,000000,25.48,25.7,25.48,25.54,0
20000726,000000,25.54,25.95,25.42,25.42,0
20000727,000000,25.42,25.72,25.42,25.7,0
20000728,000000,25.7,26.15,25.7,25.76,0
20000729,000000,25.7,26.15,25.7,25.76,0
20000731,000000,25.7,26.15,25.7,25.76,0
20000731,000000,25.76,25.83,25.4,25.43,0
20000801,000000,25.43,26.47,25.3,26.47,0
20000802,000000,26.47,27.16,26.21,26.21,0
20000803,000000,26.21,27.51,26.21,27.51,0
20000804,000000,27.51,28.19,27.51,27.94,0
20000805,000000,27.51,28.19,27.51,27.94,0
20000807,000000,27.51,28.19,27.51,27.94,0
20000807,000000,27.94,27.95,27.19,27.19,0
20000808,000000,27.17,27.8,27.17,27.53,0
20000809,000000,27.53,28.53,27.53,28.36,0
20000810,000000,28.36,29.33,28.22,29.1,0
20000811,000000,29.1,29.76,28.76,28.76,0
20000812,000000,29.1,29.76,28.76,28.76,0
20000814,000000,29.1,29.76,28.76,28.76,0
20000814,000000,28.76,29.41,28.76,29.41,0
20000815,000000,29.41,30.37,29.41,29.71,0
20000816,000000,29.71,29.86,29.54,29.86,0
20000817,000000,29.63,30.19,29.63,30.07,0
20000818,000000,30.07,30.8,30.07,30.33,0
20000819,000000,30.07,30.8,30.07,30.33,0
20000821,000000,30.07,30.8,30.07,30.33,0
20000821,000000,30.33,30.94,30.33,30.49,0
20000822,000000,30.49,31.13,29.82,30.59,0
20000823,000000,29.82,30.89,29.82,30.59,0
20000824,000000,30.15,30.21,29.75,29.8,0
20000825,000000,29.8,33.35,29.73,33.29,0
20000826,000000,29.8,33.35,29.73,33.29,0
20000828,000000,29.8,33.35,29.73,33.29,0
20000828,000000,33.29,33.29,33.29,33.29,0
20000829,000000,33.34,34.48,33.34,34.46,0
20000830,000000,34.46,35.09,34.04,35.09,0
20000831,000000,35.09,35.09,34.8,34.88,0
20000901,000000,34.88,35.03,34.64,35.03,0
20000902,000000,34.88,35.03,34.64,35.03,0
20000904,000000,34.88,35.03,34.64,35.03,0
20000904,000000,35.3,36.04,35.3,36.04,0
20000905,000000,36.04,36.16,35.66,36.16,0
20000906,000000,36.16,37.44,36.16,37.44,0
20000907,000000,37.34,37.73,36.99,37.73,0
20000908,000000,37.73,37.73,35.96,35.96,0
20000909,000000,37.73,37.73,35.96,35.96,0
20000911,000000,37.73,37.73,35.96,35.96,0
20000911,000000,35.96,37.27,35.57,36.79,0
20000912,000000,36.79,37.1,31.5,31.66,0
20000913,000000,31.66,31.66,30.62,30.7,0
20000914,000000,31.34,31.74,31.01,31.56,0
20000915,000000,31.57,33.6,31.57,33.6,0
20000916,000000,31.57,33.6,31.57,33.6,0
20000918,000000,31.57,33.6,31.57,33.6,0
20000918,000000,33.6,34.32,33.49,33.98,0
20000919,000000,33.98,33.98,32.98,32.98,0
20000920,000000,32.98,33.8,32.73,32.73,0
20000921,000000,32.75,32.75,31.69,31.69,0
20000922,000000,31.69,32.01,30.13,30.13,0
20000923,000000,31.69,32.01,30.13,30.13,0
20000925,000000,31.69,32.01,30.13,30.13,0
20000925,000000,28.98,29.44,28.98,29.05,0
20000926,000000,29.32,29.52,29.24,29.24,0
20000927,000000,29.47,29.89,29.32,29.32,0
20000928,000000,29.09,29.09,28.05,28.05,0
20000929,000000,28.27,28.7,28.23,28.62,0
20000930,000000,28.27,28.7,28.23,28.62,0
20001002,000000,28.27,28.7,28.23,28.62,0
20001002,000000,29.05,30.72,29.05,30.72,0
20001003,000000,30.59,30.76,30.44,30.69,0
20001004,000000,31.37,31.37,30.08,30.18,0
20001005,000000,29.42,29.54,29.17,29.54,0
20001006,000000,29.54,29.8,29.54,29.75,0
20001007,000000,29.54,29.8,29.54,29.75,0
20001009,000000,29.54,29.8,29.54,29.75,0
20001009,000000,30.25,30.58,29.7,30.16,0
20001010,000000,30.16,31.25,30.16,31.25,0
20001011,000000,32,32,31.16,31.16,0
20001012,000000,31.16,34.14,30.93,34.14,0
20001013,000000,34.52,34.52,32.08,32.08,0
20001014,000000,34.52,34.52,32.08,32.08,0
20001016,000000,34.52,34.52,32.08,32.08,0
20001016,000000,32.28,32.35,30.65,30.65,0
20001017,000000,30.18,31.21,30.18,30.82,0
20001018,000000,31.53,31.53,30.52,30.55,0
20001019,000000,30.52,30.92,30.11,30.11,0
20001020,000000,30.28,30.89,30.07,30.89,0
20001021,000000,30.28,30.89,30.07,30.89,0
20001023,000000,30.28,30.89,30.07,30.89,0
20001023,000000,31.37,31.37,30.71,31.3,0
20001024,000000,31.24,31.38,30.87,30.87,0
20001025,000000,31.17,31.87,31.17,31.25,0
20001026,000000,31.59,31.94,31.54,31.86,0
20001027,000000,31.75,31.82,30.85,30.85,0
20001028,000000,31.75,31.82,30.85,30.85,0
20001030,000000,31.75,31.82,30.85,30.85,0
20001030,000000,30.7,31.04,30.7,31.04,0
20001031,000000,31,31,30.34,30.65,0
20001101,000000,30.97,31.6,30.97,31.28,0
20001102,000000,30.99,31.03,30.66,30.75,0
20001103,000000,30.63,30.99,30.63,30.99,0
20001104,000000,30.63,30.99,30.63,30.99,0
20001106,000000,30.63,30.99,30.63,30.99,0
20001106,000000,30.69,31.35,30.69,31.35,0
20001107,000000,31.26,31.74,31.26,31.74,0
20001108,000000,31.72,31.72,31.32,31.5,0
20001109,000000,31.5,32.35,31.5,32.35,0
20001110,000000,32.01,32.29,32.01,32.21,0
20001111,000000,32.01,32.29,32.01,32.21,0
20001113,000000,32.01,32.29,32.01,32.21,0
20001113,000000,32.38,33.21,32.25,33.21,0
20001114,000000,33.29,33.35,32.98,32.98,0
20001115,000000,35.06,35.06,33.81,34.58,0
20001116,000000,34.36,34.43,33.99,33.99,0
20001117,000000,33.51,33.8,33.17,33.6,0
20001118,000000,33.51,33.8,33.17,33.6,0
20001120,000000,33.51,33.8,33.17,33.6,0
20001120,000000,34.24,34.24,33.59,33.59,0
20001121,000000,33.37,33.82,32.98,32.98,0
20001122,000000,32.61,32.61,32.44,32.56,0
20001123,000000,32.56,32.77,32.42,32.77,0
20001124,000000,32.45,33.32,32.45,33.3,0
20001125,000000,32.45,33.32,32.45,33.3,0
20001127,000000,32.45,33.32,32.45,33.3,0
20001127,000000,33.22,33.54,33.2,33.21,0
20001128,000000,33.15,33.15,32.33,32.33,0
20001129,000000,32.36,32.64,32.27,32.53,0
20001130,000000,32.5,32.85,31.73,31.73,0
20001201,000000,31.76,32.04,30.02,30.02,0
20001202,000000,31.76,32.04,30.02,30.02,0
20001204,000000,31.76,32.04,30.02,30.02,0
20001204,000000,30.17,30.53,29.57,29.57,0
20001205,000000,29.79,29.79,28.02,28.02,0
20001206,000000,28.17,28.36,27.41,28.22,0
20001207,000000,28.57,28.57,27.66,27.66,0
20001208,000000,27.47,27.47,26.52,26.73,0
20001209,000000,27.47,27.47,26.52,26.73,0
20001211,000000,27.47,27.47,26.52,26.73,0
20001211,000000,27.13,27.73,26.99,27.73,0
20001212,000000,27.84,27.84,26.56,26.69,0
20001213,000000,27.06,27.06,24.77,24.77,0
20001214,000000,26.39,26.39,24.66,24.81,0
20001215,000000,24.78,25.01,24.3,24.54,0
20001216,000000,24.78,25.01,24.3,24.54,0
20001218,000000,24.78,25.01,24.3,24.54,0
20001218,000000,24.85,25.35,24.84,24.84,0
20001219,000000,24.84,24.84,23.55,23.55,0
20001220,000000,23.78,23.78,21.49,21.49,0
20001221,000000,22.01,22.37,22.01,22.12,0
20001222,000000,22.34,22.34,22.19,22.19,0
20001223,000000,22.34,22.34,22.19,22.19,0
20001225,000000,22.34,22.34,22.19,22.19,0
20001225,000000,22.34,22.34,22.19,22.19,0
20001226,000000,22.19,22.19,22.19,22.19,0
20001227,000000,22.81,22.93,22.62,22.62,0
20001228,000000,22.35,22.36,22.19,22.21,0
20001229,000000,22,22.54,21.57,22.54,0
20001230,000000,22,22.54,21.57,22.54,0
20010101,000000,22,22.54,21.57,22.54,0
20010101,000000,22,22.54,21.57,22.54,0
20010102,000000,23.07,23.52,22.97,22.97,0
20010103,000000,22.96,23.87,22.96,23.87,0
20010104,000000,23.9,24.65,23.68,24.32,0
20010105,000000,24.32,25.1,24.32,24.43,0
20010106,000000,24.32,25.1,24.32,24.43,0
20010108,000000,24.32,25.1,24.32,24.43,0
20010108,000000,24.42,24.84,23.68,23.68,0
20010109,000000,23.89,23.98,23.62,23.84,0
20010110,000000,24.04,25.15,23.89,25.15,0
20010111,000000,25.36,25.61,25.35,25.35,0
20010112,000000,25.58,25.58,25.4,25.53,0
20010113,000000,25.58,25.58,25.4,25.53,0
20010115,000000,25.58,25.58,25.4,25.53,0
20010115,000000,25.76,26.05,25.66,25.98,0
20010116,000000,26.21,26.21,25.46,25.46,0
20010117,000000,25.48,25.48,24.44,24.73,0
20010118,000000,24.87,25.35,24.66,25.35,0
20010119,000000,25.35,27.35,25.27,27.35,0
20010120,000000,25.35,27.35,25.27,27.35,0
20010122,000000,25.35,27.35,25.27,27.35,0
20010122,000000,27.35,27.88,27.2,27.36,0
20010123,000000,27.25,27.4,27.04,27.4,0
20010124,000000,27.1,27.47,26.76,26.99,0
20010125,000000,26.99,26.99,26.59,26.79,0
20010126,000000,26.83,27.34,26.77,27.34,0
20010127,000000,26.83,27.34,26.77,27.34,0
20010129,000000,26.83,27.34,26.77,27.34,0
20010129,000000,27.35,27.65,26.4,26.6,0
20010130,000000,26.42,26.83,26.21,26.83,0
20010131,000000,27.01,27.01,26.57,26.68,0
20010201,000000,26.56,28.28,26.54,28.28,0
20010202,000000,28.22,29.57,27.9,29.57,0
20010203,000000,28.22,29.57,27.9,29.57,0
20010205,000000,28.22,29.57,27.9,29.57,0
20010205,000000,29.59,29.59,28.9,28.9,0
20010206,000000,28.74,29.23,28.74,29.23,0
20010207,000000,29.23,30.51,29.23,30.51,0
20010208,000000,30.29,30.9,30.29,30.44,0
20010209,000000,30.44,30.44,28.7,28.7,0
20010210,000000,30.44,30.44,28.7,28.7,0
20010212,000000,30.44,30.44,28.7,28.7,0
20010212,000000,28.7,28.7,28.26,28.45,0
20010213,000000,27.38,28.28,27.38,27.96,0
20010214,000000,27.99,28.34,27.01,27.01,0
20010215,000000,26.79,26.85,26.15,26.34,0
20010216,000000,26.57,26.68,26.56,26.56,0
20010217,000000,26.57,26.68,26.56,26.56,0
20010219,000000,26.57,26.68,26.56,26.56,0
20010219,000000,27.26,27.26,26.75,26.75,0
20010220,000000,26.76,26.86,26.07,26.07,0
20010221,000000,26.12,26.92,25.82,25.84,0
20010222,000000,26.18,26.18,25.9,25.94,0
20010223,000000,25.88,26.29,25.88,25.94,0
20010224,000000,25.88,26.29,25.88,25.94,0
20010226,000000,25.88,26.29,25.88,25.94,0
20010226,000000,25.95,25.95,25.51,25.51,0
20010227,000000,25.38,25.39,25.18,25.39,0
20010228,000000,25.49,25.68,24.73,24.73,0
20010301,000000,24.88,24.95,24.7,24.95,0
20010302,000000,25.18,25.28,25.08,25.08,0
20010303,000000,25.18,25.28,25.08,25.08,0
20010305,000000,25.18,25.28,25.08,25.08,0
20010305,000000,25.1,26.14,25.1,26.14,0
20010306,000000,26.06,26.06,25.86,25.86,0
20010307,000000,25.98,26.46,25.8,26.46,0
20010308,000000,26.31,26.35,25.86,25.86,0
20010309,000000,25.86,25.86,25.63,25.63,0
20010310,000000,25.86,25.86,25.63,25.63,0
20010312,000000,25.86,25.86,25.63,25.63,0
20010312,000000,25.32,25.32,24.99,24.99,0
20010313,000000,24.94,24.94,24.37,24.37,0
20010314,000000,24.42,24.65,23.29,23.29,0
20010315,000000,23.52,23.65,23.22,23.35,0
20010316,000000,23.63,24.06,23.36,23.36,0
20010317,000000,23.63,24.06,23.36,23.36,0
20010319,000000,23.63,24.06,23.36,23.36,0
20010319,000000,23.67,23.67,23.2,23.31,0
20010320,000000,23.31,23.6,23.1,23.1,0
20010321,000000,22.97,23.48,22.97,23.48,0
20010322,000000,23.58,23.65,23.12,23.12,0
20010323,000000,23.31,23.89,23.31,23.89,0
20010324,000000,23.31,23.89,23.31,23.89,0
20010326,000000,23.31,23.89,23.31,23.89,0
20010326,000000,24.22,24.66,24.17,24.55,0
20010327,000000,24.75,24.88,24.7,24.71,0
20010328,000000,24.39,24.7,24.17,24.17,0
20010329,000000,24.01,24.01,23.4,23.4,0
20010330,000000,23.82,24,23.63,23.63,0
20010331,000000,23.82,24,23.63,23.63,0
20010402,000000,23.82,24,23.63,23.63,0
20010402,000000,23.68,23.72,23,23,0
20010403,000000,23.14,23.77,23.13,23.77,0
20010404,000000,24.05,24.59,24,24.51,0
20010405,000000,24.56,24.56,24.09,24.09,0
20010406,000000,24.11,24.11,23.88,24.01,0
20010407,000000,24.11,24.11,23.88,24.01,0
20010409,000000,24.11,24.11,23.88,24.01,0
20010409,000000,23.99,24.65,23.96,24.42,0
20010410,000000,24.42,26.18,24.42,26.18,0
20010411,000000,25.79,26.44,25.79,26.37,0
20010412,000000,26.9,27.49,26.9,27.06,0
20010413,000000,26.9,27.49,26.9,27.06,0
20010414,000000,26.9,27.49,26.9,27.06,0
20010416,000000,26.9,27.49,26.9,27.06,0
20010416,000000,27.06,27.06,27.06,27.06,0
20010417,000000,27.66,27.75,26.77,26.77,0
20010418,000000,26.34,26.57,26.14,26.43,0
20010419,000000,26.43,26.43,25.67,25.67,0
20010420,000000,25.75,25.75,25.41,25.41,0
20010421,000000,25.75,25.75,25.41,25.41,0
20010423,000000,25.75,25.75,25.41,25.41,0
20010423,000000,25.43,25.82,25.43,25.57,0
20010424,000000,25.6,25.88,25.35,25.35,0
20010425,000000,25.32,25.85,25.32,25.85,0
20010426,000000,25.94,26.98,25.94,26.98,0
20010427,000000,26.83,27.17,26.83,27.04,0
20010428,000000,26.83,27.17,26.83,27.04,0
20010430,000000,26.83,27.17,26.83,27.04,0
20010430,000000,27.15,27.67,26.99,27.28,0
20010501,000000,27.3,27.46,27.16,27.46,0
20010502,000000,26.94,27.35,26.92,27.23,0
20010503,000000,27.12,27.62,26.72,27.62,0
20010504,000000,27.8,27.86,27.6,27.86,0
20010505,000000,27.8,27.86,27.6,27.86,0
20010507,000000,27.8,27.86,27.6,27.86,0
20010507,000000,27.8,27.86,27.6,27.86,0
20010508,000000,27.86,27.86,27.45,27.6,0
20010509,000000,27.82,27.85,27.36,27.85,0
20010510,000000,28.19,28.22,27.79,28.22,0
20010511,000000,28.22,28.22,27.95,28.01,0
20010512,000000,28.22,28.22,27.95,28.01,0
20010514,000000,28.22,28.22,27.95,28.01,0
20010514,000000,27.93,28.1,27.64,28.1,0
20010515,000000,28.47,28.47,27.95,28.06,0
20010516,000000,28.05,28.56,27.78,28.04,0
20010517,000000,27.85,28.35,27.84,28.31,0
20010518,000000,28.31,29.64,28.31,29.64,0
20010519,000000,28.31,29.64,28.31,29.64,0
20010521,000000,28.31,29.64,28.31,29.64,0
20010521,000000,29.64,30,29.64,29.72,0
20010522,000000,29.68,29.85,29.61,29.61,0
20010523,000000,29.55,29.57,29.38,29.49,0
20010524,000000,29.44,29.55,28.52,28.73,0
20010525,000000,28.63,28.78,28.52,28.52,0
20010526,000000,28.63,28.78,28.52,28.52,0
20010528,000000,28.63,28.78,28.52,28.52,0
20010528,000000,28.63,28.78,28.52,28.52,0
20010529,000000,28.52,29.14,28.52,29.14,0
20010530,000000,29.12,29.13,28.87,29.04,0
20010531,000000,28.81,29.21,28.3,29.21,0
20010601,000000,29.19,29.19,28.76,28.92,0
20010602,000000,29.19,29.19,28.76,28.92,0
20010604,000000,29.19,29.19,28.76,28.92,0
20010604,000000,29.35,29.38,29.05,29.16,0
20010605,000000,29.14,29.6,28.95,29.6,0
20010606,000000,29,29.12,28.77,28.86,0
20010607,000000,28.36,28.56,28.36,28.4,0
20010608,000000,28.33,29.32,28.33,29.32,0
20010609,000000,28.33,29.32,28.33,29.32,0
20010611,000000,28.33,29.32,28.33,29.32,0
20010611,000000,29.32,29.61,29.32,29.34,0
20010612,000000,29,29.08,28.82,29.03,0
20010613,000000,29.37,29.37,28.31,28.31,0
20010614,000000,27.14,28.49,27.14,28.36,0
20010615,000000,28.34,28.44,28.12,28.14,0
20010616,000000,28.34,28.44,28.12,28.14,0
20010618,000000,28.34,28.44,28.12,28.14,0
20010618,000000,28.15,28.15,26.64,26.64,0
20010619,000000,26.63,26.63,26.34,26.5,0
20010620,000000,26.32,26.43,25.11,25.11,0
20010621,000000,25.28,25.96,25.28,25.9,0
20010622,000000,26.2,26.99,26.2,26.99,0
20010623,000000,26.2,26.99,26.2,26.99,0
20010625,000000,26.2,26.99,26.2,26.99,0
20010625,000000,27.27,27.72,27.21,27.72,0
20010626,000000,27.93,27.93,27.41,27.54,0
20010627,000000,27.54,27.54,26.16,26.16,0
20010628,000000,26.21,26.21,25.5,25.76,0
20010629,000000,26.07,26.45,25.89,26.45,0
20010630,000000,26.07,26.45,25.89,26.45,0
20010702,000000,26.07,26.45,25.89,26.45,0
20010702,000000,26.66,26.66,25.52,25.86,0
20010703,000000,25.86,25.86,25.37,25.48,0
20010704,000000,25.48,25.92,25.48,25.92,0
20010705,000000,26,26,25.47,25.96,0
20010706,000000,25.96,26.48,25.96,26.48,0
20010707,000000,25.96,26.48,25.96,26.48,0
20010709,000000,25.96,26.48,25.96,26.48,0
20010709,000000,26.48,26.48,25.22,25.22,0
20010710,000000,25.21,25.21,24.86,24.99,0
20010711,000000,24.99,24.99,23.98,24.23,0
20010712,000000,23.96,23.96,23.46,23.94,0
20010713,000000,24.09,24.09,23.77,23.77,0
20010714,000000,24.09,24.09,23.77,23.77,0
20010716,000000,24.09,24.09,23.77,23.77,0
20010716,000000,24.57,24.57,23.73,23.85,0
20010717,000000,23.6,24.16,23.54,23.54,0
20010718,000000,23.2,23.4,22.97,22.97,0
20010719,000000,22.99,23.54,22.92,22.92,0
20010720,000000,22.92,23.81,22.92,23.81,0
20010721,000000,22.92,23.81,22.92,23.81,0
20010723,000000,22.92,23.81,22.92,23.81,0
20010723,000000,24.27,24.42,24.19,24.19,0
20010724,000000,24.27,24.3,24.16,24.17,0
20010725,000000,24.24,24.62,24.24,24.52,0
20010726,000000,24.66,24.72,24.5,24.5,0
20010727,000000,24.5,24.84,24.32,24.75,0
20010728,000000,24.5,24.84,24.32,24.75,0
20010730,000000,24.5,24.84,24.32,24.75,0
20010730,000000,24.68,24.78,24.52,24.52,0
20010731,000000,24.43,24.46,24.25,24.25,0
20010801,000000,24.64,24.64,24.36,24.52,0
20010802,000000,24.59,25.67,24.59,25.67,0
20010803,000000,25.59,25.59,25.35,25.35,0
20010804,000000,25.59,25.59,25.35,25.35,0
20010806,000000,25.59,25.59,25.35,25.35,0
20010806,000000,25.27,25.48,25.27,25.48,0
20010807,000000,25.45,26.05,25.45,25.68,0
20010808,000000,25.68,25.97,25.25,25.25,0
20010809,000000,25.11,25.28,25.1,25.28,0
20010810,000000,25.5,25.93,25.5,25.63,0
20010811,000000,25.5,25.93,25.5,25.63,0
20010813,000000,25.5,25.93,25.5,25.63,0
20010813,000000,25.63,26.02,25.63,25.71,0
20010814,000000,25.72,25.83,25.69,25.83,0
20010815,000000,26.41,26.41,25.32,25.32,0
20010816,000000,25.33,25.4,25.12,25.23,0
20010817,000000,25.33,25.33,24.59,24.59,0
20010818,000000,25.33,25.33,24.59,24.59,0
20010820,000000,25.33,25.33,24.59,24.59,0
20010820,000000,24.52,25.15,24.4,25.15,0
20010821,000000,25.35,25.63,25.22,25.63,0
20010822,000000,25.89,26.04,25.58,25.58,0
20010823,000000,25.64,25.89,25.59,25.89,0
20010824,000000,26.14,26.24,25.94,26.24,0
20010825,000000,26.14,26.24,25.94,26.24,0
20010827,000000,26.14,26.24,25.94,26.24,0
20010827,000000,26.14,26.24,25.94,26.24,0
20010828,000000,26.16,26.78,26.11,26.78,0
20010829,000000,26.84,27,26.71,26.86,0
20010830,000000,26.72,26.72,26.43,26.43,0
20010831,000000,26.49,26.71,26.49,26.71,0
20010901,000000,26.49,26.71,26.49,26.71,0
20010903,000000,26.49,26.71,26.49,26.71,0
20010903,000000,26.94,26.94,26.58,26.58,0
20010904,000000,26.53,26.53,26.15,26.16,0
20010905,000000,26.14,26.27,25.93,26.12,0
20010906,000000,26.13,26.83,26.13,26.83,0
20010907,000000,26.79,27.56,26.79,27.56,0
20010908,000000,26.79,27.56,26.79,27.56,0
20010910,000000,26.79,27.56,26.79,27.56,0
20010910,000000,27.54,27.54,27.3,27.3,0
20010911,000000,27.25,30.85,27.1,28.91,0
20010912,000000,28.95,28.95,27.79,27.79,0
20010913,000000,27.42,28.34,27.42,27.91,0
20010914,000000,28.29,29.3,28.29,29.07,0
20010915,000000,28.29,29.3,28.29,29.07,0
20010917,000000,28.29,29.3,28.29,29.07,0
20010917,000000,28.84,29.24,27.95,27.95,0
20010918,000000,28.07,28.07,26.8,26.8,0
20010919,000000,26.78,26.78,25.08,25.52,0
20010920,000000,25.65,26.01,24.97,24.97,0
20010921,000000,25.25,25.41,24.34,24.34,0
20010922,000000,25.25,25.41,24.34,24.34,0
20010924,000000,25.25,25.41,24.34,24.34,0
20010924,000000,24.34,24.34,20.46,20.61,0
20010925,000000,21.49,21.49,20.39,21.08,0
20010926,000000,20.4,21.7,19.82,21.7,0
20010927,000000,21.6,21.6,21.38,21.49,0
20010928,000000,21.95,21.96,21.7,21.96,0
20010929,000000,21.95,21.96,21.7,21.96,0
20011001,000000,21.95,21.96,21.7,21.96,0
20011001,000000,21.9,21.9,21.23,21.24,0
20011002,000000,21.24,21.24,20.77,20.77,0
20011003,000000,20.34,20.65,20.32,20.62,0
20011004,000000,20.76,21.35,20.76,20.95,0
20011005,000000,21.13,21.71,20.58,20.58,0
20011006,000000,21.13,21.71,20.58,20.58,0
20011008,000000,21.13,21.71,20.58,20.58,0
20011008,000000,21.06,21.06,20.42,20.42,0
20011009,000000,20.7,21.55,20.44,20.59,0
20011010,000000,20.51,21.07,20.51,20.74,0
20011011,000000,20.98,21.31,20.93,21.19,0
20011012,000000,21.67,21.7,20.39,20.44,0
20011013,000000,21.67,21.7,20.39,20.44,0
20011015,000000,21.67,21.7,20.39,20.44,0
20011015,000000,20.41,20.76,20.28,20.65,0
20011016,000000,20.67,20.93,20.67,20.78,0
20011017,000000,20.78,20.78,20.07,20.07,0
20011018,000000,20.08,20.08,19.68,19.7,0
20011019,000000,19.88,20.53,19.88,20.53,0
20011020,000000,19.88,20.53,19.88,20.53,0
20011022,000000,19.88,20.53,19.88,20.53,0
20011022,000000,20.53,20.54,20.18,20.18,0
20011023,000000,20.32,20.58,20.11,20.11,0
20011024,000000,19.81,20.54,19.81,20.42,0
20011025,000000,20.47,20.54,20.15,20.15,0
20011026,000000,20.29,20.34,20.14,20.26,0
20011027,000000,20.29,20.34,20.14,20.26,0
20011029,000000,20.29,20.34,20.14,20.26,0
20011029,000000,20.58,20.67,20.42,20.42,0
20011030,000000,20.27,20.64,20.27,20.4,0
20011031,000000,20.4,20.44,19.65,19.79,0
20011101,000000,19.77,19.82,19.12,19.12,0
20011102,000000,19.33,19.33,18.76,19.3,0
20011103,000000,19.33,19.33,18.76,19.3,0
20011105,000000,19.33,19.33,18.76,19.3,0
20011105,000000,19.35,19.36,18.73,18.97,0
20011106,000000,18.93,18.93,18.6,18.6,0
20011107,000000,18.56,18.93,18.53,18.84,0
20011108,000000,19.25,19.85,19.25,19.8,0
20011109,000000,20.11,20.93,20.11,20.93,0
20011110,000000,20.11,20.93,20.11,20.93,0
20011112,000000,20.11,20.93,20.11,20.93,0
20011112,000000,21.09,21.09,19.81,19.93,0
20011113,000000,19.96,20.5,19.66,20.35,0
20011114,000000,19.47,19.47,18.4,18.4,0
20011115,000000,18.47,18.47,16.62,16.62,0
20011116,000000,17.1,17.34,16.83,17.15,0
20011117,000000,17.1,17.34,16.83,17.15,0
20011119,000000,17.1,17.34,16.83,17.15,0
20011119,000000,16.88,17.51,16.36,17.51,0
20011120,000000,17.38,18.97,17.38,18.65,0
20011121,000000,18.89,18.98,18.45,18.48,0
20011122,000000,18.96,20.1,18.96,20.1,0
20011123,000000,20.15,20.15,19.1,19.48,0
20011124,000000,20.15,20.15,19.1,19.48,0
20011126,000000,20.15,20.15,19.1,19.48,0
20011126,000000,18.85,18.95,18.53,18.57,0
20011127,000000,18.7,19.24,18.62,19.22,0
20011128,000000,18.95,18.95,18.8,18.86,0
20011129,000000,18.97,18.97,18.46,18.56,0
20011130,000000,18.55,19.29,18.4,19.29,0
20011201,000000,18.55,19.29,18.4,19.29,0
20011203,000000,18.55,19.29,18.4,19.29,0
20011203,000000,18.93,19.53,18.78,19.44,0
20011204,000000,19.53,19.68,19.01,19.01,0
20011205,000000,19.52,19.83,18.94,18.94,0
20011206,000000,19.23,19.23,18.05,18.05,0
20011207,000000,18.11,18.63,17.8,18.63,0
20011208,000000,18.11,18.63,17.8,18.63,0
20011210,000000,18.11,18.63,17.8,18.63,0
20011210,000000,18.2,18.2,17.72,17.72,0
20011211,000000,17.72,17.72,17.4,17.61,0
20011212,000000,17.63,18.18,17.55,17.88,0
20011213,000000,17.73,17.96,17.26,17.44,0
20011214,000000,17.85,18.6,17.74,18.6,0
20011215,000000,17.85,18.6,17.74,18.6,0
20011217,000000,17.85,18.6,17.74,18.6,0
20011217,000000,18.55,18.66,18.18,18.39,0
20011218,000000,18.37,18.65,18.37,18.5,0
20011219,000000,18.59,19,18.59,18.84,0
20011220,000000,19.15,19.15,18.5,18.5,0
20011221,000000,18.55,18.85,18.55,18.71,0
20011222,000000,18.55,18.85,18.55,18.71,0
20011224,000000,18.55,18.85,18.55,18.71,0
20011224,000000,18.9,18.9,18.44,18.44,0
20011225,000000,18.9,18.9,18.44,18.44,0
20011226,000000,18.9,18.9,18.44,18.44,0
20011227,000000,19.64,19.8,19.38,19.79,0
20011228,000000,20.12,20.31,19.7,19.7,0
20011229,000000,20.12,20.31,19.7,19.7,0
20011231,000000,20.12,20.31,19.7,19.7,0
20011231,000000,19.6,19.6,19.3,19.3,0
20020101,000000,19.6,19.6,19.3,19.3,0
20020102,000000,19.1,20.4,19.1,20.4,0
20020103,000000,20.3,20.44,20.06,20.06,0
20020104,000000,20.38,21.58,20.38,21.58,0
20020105,000000,20.38,21.58,20.38,21.58,0
20020107,000000,20.38,21.58,20.38,21.58,0
20020107,000000,21.23,21.5,20.71,21.42,0
20020108,000000,21.33,21.33,20.89,21.01,0
20020109,000000,20.42,20.49,19.7,19.7,0
20020110,000000,19.73,20.12,19.43,20.12,0
20020111,000000,19.98,20.12,19.74,19.74,0
20020112,000000,19.98,20.12,19.74,19.74,0
20020114,000000,19.98,20.12,19.74,19.74,0
20020114,000000,19.49,19.49,18.68,18.68,0
20020115,000000,18.74,18.92,18.64,18.64,0
20020116,000000,18.21,18.66,18.04,18.66,0
20020117,000000,18.73,18.91,17.94,17.94,0
20020118,000000,18.23,18.34,18.13,18.13,0
20020119,000000,18.23,18.34,18.13,18.13,0
20020121,000000,18.23,18.34,18.13,18.13,0
20020121,000000,18.2,18.4,18.2,18.4,0
20020122,000000,18.49,19.07,18.48,18.59,0
20020123,000000,18.59,19.21,18.59,19.13,0
20020124,000000,19.13,19.21,18.88,19.17,0
20020125,000000,19.17,19.51,19.04,19.51,0
20020126,000000,19.17,19.51,19.04,19.51,0
20020128,000000,19.17,19.51,19.04,19.51,0
20020128,000000,19.52,19.85,19.52,19.85,0
20020129,000000,19.85,19.85,19.45,19.49,0
20020130,000000,19.49,19.49,18.74,19.04,0
20020131,000000,19.02,19.41,19.02,19.41,0
20020201,000000,19.41,20.26,19.1,20.26,0
20020202,000000,19.41,20.26,19.1,20.26,0
20020204,000000,19.41,20.26,19.1,20.26,0
20020204,000000,20.26,20.26,19.97,20.14,0
20020205,000000,20.12,20.12,19.73,19.87,0
20020206,000000,19.87,19.99,19.71,19.72,0
20020207,000000,19.69,19.69,19.3,19.59,0
20020208,000000,19.59,20.09,19.59,20.09,0
20020209,000000,19.59,20.09,19.59,20.09,0
20020211,000000,19.59,20.09,19.59,20.09,0
20020211,000000,20.09,21.87,19.97,21.87,0
20020212,000000,21.51,21.55,20.48,20.48,0
20020213,000000,20.39,20.92,20.39,20.72,0
20020214,000000,21.83,21.83,20.75,20.75,0
20020215,000000,20.75,20.88,20.65,20.76,0
20020216,000000,20.75,20.88,20.65,20.76,0
20020218,000000,20.75,20.88,20.65,20.76,0
20020218,000000,20.76,20.76,20.23,20.23,0
20020219,000000,20.07,20.33,20.07,20.21,0
20020220,000000,20.21,20.21,19.39,19.39,0
20020221,000000,19.39,19.99,19.39,19.9,0
20020222,000000,19.9,20.14,19.81,20,0
20020223,000000,19.9,20.14,19.81,20,0
20020225,000000,19.9,20.14,19.81,20,0
20020225,000000,20,20,19.61,19.61,0
20020226,000000,19.61,20.59,19.61,20.59,0
20020227,000000,20.59,20.87,20.38,20.58,0
20020228,000000,20.58,21.07,20.58,21.07,0
20020301,000000,21.06,21.83,21.06,21.57,0
20020302,000000,21.06,21.83,21.06,21.57,0
20020304,000000,21.06,21.83,21.06,21.57,0
20020304,000000,21.57,21.57,21.34,21.52,0
20020305,000000,21.52,22.35,21.52,22.31,0
20020306,000000,22.3,22.46,21.98,22.18,0
20020307,000000,22.18,23.21,22.18,22.76,0
20020308,000000,22.76,22.76,22.21,22.74,0
20020309,000000,22.76,22.76,22.21,22.74,0
20020311,000000,22.76,22.76,22.21,22.74,0
20020311,000000,22.74,23.33,22.74,23.33,0
20020312,000000,23.33,23.33,22.8,23.19,0
20020313,000000,23.19,23.63,23.19,23.38,0
20020314,000000,23.36,23.67,23.03,23.53,0
20020315,000000,24.41,24.54,23.76,23.84,0
20020316,000000,24.41,24.54,23.76,23.84,0
20020318,000000,24.41,24.54,23.76,23.84,0
20020318,000000,23.84,24.57,23.57,24.46,0
20020319,000000,24.46,24.57,24.35,24.35,0
20020320,000000,24.34,24.89,24.22,24.29,0
20020321,000000,24.29,24.95,24.18,24.95,0
20020322,000000,24.96,25.23,24.79,24.99,0
20020323,000000,24.96,25.23,24.79,24.99,0
20020325,000000,24.96,25.23,24.79,24.99,0
20020325,000000,25,25,24.5,24.77,0
20020326,000000,24.78,24.96,24.48,24.96,0
20020327,000000,24.96,25.37,24.96,25.09,0
20020328,000000,25.09,25.6,25.09,25.6,0
20020329,000000,25.09,25.6,25.09,25.6,0
20020330,000000,25.09,25.6,25.09,25.6,0
20020401,000000,25.09,25.6,25.09,25.6,0
20020401,000000,25.6,25.6,25.6,25.6,0
20020402,000000,25.6,27.26,25.6,27.26,0
20020403,000000,27.25,27.25,26.39,26.71,0
20020404,000000,26.71,27.59,26.52,26.7,0
20020405,000000,26.7,26.7,24.64,25.33,0
20020406,000000,26.7,26.7,24.64,25.33,0
20020408,000000,26.7,26.7,24.64,25.33,0
20020408,000000,25.32,26.58,25.32,26.3,0
20020409,000000,26.28,26.28,25.19,25.19,0
20020410,000000,25.16,25.18,24.89,24.89,0
20020411,000000,24.88,24.88,23.76,23.76,0
20020412,000000,23.76,23.76,22.63,23.01,0
20020413,000000,23.76,23.76,22.63,23.01,0
20020415,000000,23.76,23.76,22.63,23.01,0
20020415,000000,23.01,23.41,23.01,23.34,0
20020416,000000,22.13,23.95,22.13,23.95,0
20020417,000000,22.65,24.98,22.65,24.98,0
20020418,000000,24.98,25.96,24.98,25.72,0
20020419,000000,25.72,25.8,25.29,25.8,0
20020420,000000,25.72,25.8,25.29,25.8,0
20020422,000000,25.72,25.8,25.29,25.8,0
20020422,000000,25.81,26.29,25.65,25.99,0
20020423,000000,26,26.31,26,26.31,0
20020424,000000,26.31,26.35,25.81,26.35,0
20020425,000000,26.34,26.72,26.04,26.33,0
20020426,000000,26.33,26.64,26.05,26.64,0
20020427,000000,26.33,26.64,26.05,26.64,0
20020429,000000,26.33,26.64,26.05,26.64,0
20020429,000000,26.63,27.22,26.3,27.22,0
20020430,000000,27.22,27.22,26.85,27.01,0
20020501,000000,26.66,26.77,26.46,26.46,0
20020502,000000,26.44,26.44,25.44,26.03,0
20020503,000000,26.01,26.31,25.72,26.31,0
20020504,000000,26.01,26.31,25.72,26.31,0
20020506,000000,26.01,26.31,25.72,26.31,0
20020506,000000,26.31,26.31,26.31,26.31,0
20020507,000000,26.31,26.31,25.48,25.92,0
20020508,000000,25.91,26.48,25.86,26.48,0
20020509,000000,26.48,26.48,26.13,26.29,0
20020510,000000,26.31,26.62,26.31,26.55,0
20020511,000000,26.31,26.62,26.31,26.55,0
20020513,000000,26.31,26.62,26.31,26.55,0
20020513,000000,26.54,26.54,25.88,26.49,0
20020514,000000,26.47,27.17,26.47,27.17,0
20020515,000000,27.15,27.15,25.91,25.91,0
20020516,000000,25.91,26.29,25.84,25.91,0
20020517,000000,25.87,26.09,25.39,25.85,0
20020518,000000,25.87,26.09,25.39,25.85,0
20020520,000000,25.87,26.09,25.39,25.85,0
20020520,000000,25.85,26.04,25.8,25.82,0
20020521,000000,25.82,25.82,24.4,24.69,0
20020522,000000,24.68,24.78,24.28,24.28,0
20020523,000000,24.24,24.69,24.13,24.13,0
20020524,000000,24.15,24.36,23.96,24.14,0
20020525,000000,24.15,24.36,23.96,24.14,0
20020527,000000,24.15,24.36,23.96,24.14,0
20020527,000000,24.2,24.21,24,24,0
20020528,000000,24.08,24.56,23.96,24.22,0
20020529,000000,24.22,24.63,23.91,24.63,0
20020530,000000,24.19,24.19,23.5,23.5,0
20020531,000000,23.49,23.98,23.49,23.89,0
20020601,000000,23.49,23.98,23.49,23.89,0
20020603,000000,23.49,23.98,23.49,23.89,0
20020603,000000,23.49,23.98,23.49,23.89,0
20020604,000000,23.88,23.88,23.88,23.88,0
20020605,000000,23.87,23.87,23.2,23.2,0
20020606,000000,23.18,23.53,22.95,23.32,0
20020607,000000,23.33,23.33,23.1,23.1,0
20020608,000000,23.33,23.33,23.1,23.1,0
20020610,000000,23.33,23.33,23.1,23.1,0
20020610,000000,22.91,23.16,22.91,22.92,0
20020611,000000,22.92,22.92,22.61,22.61,0
20020612,000000,22.6,22.96,22.6,22.85,0
20020613,000000,22.85,23.61,22.85,23.47,0
20020614,000000,23.82,24.3,23.51,24.29,0
20020615,000000,23.82,24.3,23.51,24.29,0
20020617,000000,23.82,24.3,23.51,24.29,0
20020617,000000,24.29,25.12,24.29,24.79,0
20020618,000000,24.79,24.79,24.44,24.44,0
20020619,000000,24.44,24.7,24.25,24.25,0
20020620,000000,24.26,24.78,24.26,24.78,0
20020621,000000,24.82,24.9,24.16,24.5,0
20020622,000000,24.82,24.9,24.16,24.5,0
20020624,000000,24.82,24.9,24.16,24.5,0
20020624,000000,24.46,25.16,24.46,25.16,0
20020625,000000,25.16,25.49,25.12,25.12,0
20020626,000000,25.01,25.12,24.64,25,0
20020627,000000,25,25.38,25,25.31,0
20020628,000000,25.31,25.46,25.19,25.44,0
20020629,000000,25.31,25.46,25.19,25.44,0
20020701,000000,25.31,25.46,25.19,25.44,0
20020701,000000,25.44,25.5,25.31,25.5,0
20020702,000000,25.49,25.9,25.49,25.76,0
20020703,000000,25.77,25.94,25.6,25.86,0
20020704,000000,25.86,25.87,25.56,25.56,0
20020705,000000,25.56,25.74,25.53,25.74,0
20020706,000000,25.56,25.74,25.53,25.74,0
20020708,000000,25.56,25.74,25.53,25.74,0
20020708,000000,25.74,25.74,25,25.09,0
20020709,000000,25.09,25.18,24.83,25.18,0
20020710,000000,25.18,25.99,25.18,25.99,0
20020711,000000,25.98,26.02,25.86,26.02,0
20020712,000000,26.02,26.46,26.02,26.38,0
20020713,000000,26.02,26.46,26.02,26.38,0
20020715,000000,26.02,26.46,26.02,26.38,0
20020715,000000,26.38,26.56,25.67,25.67,0
20020716,000000,25.67,26.21,25.61,26.04,0
20020717,000000,26.33,26.55,26.21,26.55,0
20020718,000000,26.55,26.56,26.36,26.49,0
20020719,000000,26.49,26.67,26.13,26.64,0
20020720,000000,26.49,26.67,26.13,26.64,0
20020722,000000,26.49,26.67,26.13,26.64,0
20020722,000000,26.64,26.64,25.59,25.61,0
20020723,000000,25.61,25.76,25.21,25.21,0
20020724,000000,25.21,25.67,24.97,25.5,0
20020725,000000,25.52,25.64,25.36,25.44,0
20020726,000000,25.43,25.43,25.12,25.23,0
20020727,000000,25.43,25.43,25.12,25.23,0
20020729,000000,25.43,25.43,25.12,25.23,0
20020729,000000,25.24,25.27,25.08,25.27,0
20020730,000000,25.26,26.18,25.26,26.08,0
20020731,000000,26.09,26.26,25.85,25.85,0
20020801,000000,25.84,26,25.47,25.47,0
20020802,000000,25.46,25.76,25.25,25.76,0
20020803,000000,25.46,25.76,25.25,25.76,0
20020805,000000,25.46,25.76,25.25,25.76,0
20020805,000000,25.77,25.86,25.16,25.3,0
20020806,000000,25.29,25.91,25.28,25.91,0
20020807,000000,25.9,25.9,25.18,25.33,0
20020808,000000,25.32,25.35,25.21,25.34,0
20020809,000000,25.34,25.6,25.25,25.59,0
20020810,000000,25.34,25.6,25.25,25.59,0
20020812,000000,25.34,25.6,25.25,25.59,0
20020812,000000,25.61,26.31,25.37,26.31,0
20020813,000000,26.23,26.5,26.21,26.49,0
20020814,000000,26.48,26.92,26.48,26.73,0
20020815,000000,26.74,27,26.58,27,0
20020816,000000,27.4,27.65,27.16,27.5,0
20020817,000000,27.4,27.65,27.16,27.5,0
20020819,000000,27.4,27.65,27.16,27.5,0
20020819,000000,27.49,27.84,27.39,27.75,0
20020820,000000,27.75,27.79,27.6,27.6,0
20020821,000000,27.4,27.98,27.28,27.71,0
20020822,000000,27.7,27.83,27.37,27.37,0
20020823,000000,27.38,27.38,27.17,27.28,0
20020824,000000,27.38,27.38,27.17,27.28,0
20020826,000000,27.38,27.38,27.17,27.28,0
20020826,000000,27.28,27.28,27.28,27.28,0
20020827,000000,27.27,28.15,27.18,27.18,0
20020828,000000,27.18,27.18,26.81,26.86,0
20020829,000000,26.86,27.43,26.71,27.43,0
20020830,000000,27.43,27.43,27.24,27.38,0
20020831,000000,27.43,27.43,27.24,27.38,0
20020902,000000,27.43,27.43,27.24,27.38,0
20020902,000000,27.38,27.65,27.19,27.65,0
20020903,000000,27.65,27.65,26.87,26.87,0
20020904,000000,26.67,27.35,26.64,27.15,0
20020905,000000,27.15,27.72,27.15,27.72,0
20020906,000000,27.73,28.82,27.73,28.36,0
20020907,000000,27.73,28.82,27.73,28.36,0
20020909,000000,27.73,28.82,27.73,28.36,0
20020909,000000,28.36,28.72,28.21,28.49,0
20020910,000000,28.49,29,28.49,28.58,0
20020911,000000,28.59,28.62,28.4,28.4,0
20020912,000000,28.4,28.55,27.56,27.73,0
20020913,000000,27.75,28.32,27.63,28.32,0
20020914,000000,27.75,28.32,27.63,28.32,0
20020916,000000,27.75,28.32,27.63,28.32,0
20020916,000000,28.77,28.77,28.11,28.3,0
20020917,000000,28.3,28.3,27.35,27.86,0
20020918,000000,27.86,28.34,27.86,28.24,0
20020919,000000,28.24,28.42,28.16,28.3,0
20020920,000000,28.3,28.67,28.3,28.55,0
20020921,000000,28.3,28.67,28.3,28.55,0
20020923,000000,28.3,28.67,28.3,28.55,0
20020923,000000,28.55,29.28,28.55,29.23,0
20020924,000000,29.23,29.75,29.23,29.23,0
20020925,000000,29.24,29.39,29.02,29.25,0
20020926,000000,29.26,29.36,29,29.07,0
20020927,000000,29.06,29.12,28.9,29.02,0
20020928,000000,29.06,29.12,28.9,29.02,0
20020930,000000,29.06,29.12,28.9,29.02,0
20020930,000000,29.02,29.32,28.87,28.87,0
20021001,000000,28.87,29.41,28.87,29.14,0
20021002,000000,29.14,29.33,28.96,28.96,0
20021003,000000,28.96,29.1,28.35,28.36,0
20021004,000000,28.36,28.54,28.2,28.22,0
20021005,000000,28.36,28.54,28.2,28.22,0
20021007,000000,28.36,28.54,28.2,28.22,0
20021007,000000,28.22,28.56,28.22,28.31,0
20021008,000000,28.32,28.32,27.76,28.19,0
20021009,000000,28.18,28.38,28.14,28.32,0
20021010,000000,28.33,28.33,27.71,27.95,0
20021011,000000,27.94,28.23,27.94,28.22,0
20021012,000000,27.94,28.23,27.94,28.22,0
20021014,000000,27.94,28.23,27.94,28.22,0
20021014,000000,28.22,28.73,28.11,28.73,0
20021015,000000,28.75,28.94,28.61,28.75,0
20021016,000000,28.74,28.84,28.66,28.82,0
20021017,000000,28.43,28.45,27.88,28.45,0
20021018,000000,28.46,28.46,28.29,28.35,0
20021019,000000,28.46,28.46,28.29,28.35,0
20021021,000000,28.46,28.46,28.29,28.35,0
20021021,000000,28.34,28.34,27.03,27.03,0
20021022,000000,27.06,27.08,26.57,26.72,0
20021023,000000,26.74,26.92,26.63,26.77,0
20021024,000000,26.76,27.02,26.63,26.63,0
20021025,000000,26.63,26.76,25.57,25.57,0
20021026,000000,26.63,26.76,25.57,25.57,0
20021028,000000,26.63,26.76,25.57,25.57,0
20021028,000000,25.57,25.76,25.48,25.76,0
20021029,000000,25.78,25.81,25.37,25.37,0
20021030,000000,25.38,25.59,25.23,25.32,0
20021031,000000,25.31,25.69,25.31,25.68,0
20021101,000000,25.68,25.93,25.5,25.5,0
20021102,000000,25.68,25.93,25.5,25.5,0
20021104,000000,25.68,25.93,25.5,25.5,0
20021104,000000,25.5,25.5,25.11,25.11,0
20021105,000000,25.1,25.1,24.15,24.15,0
20021106,000000,24.15,24.41,23.36,23.66,0
20021107,000000,23.66,24.55,23.57,23.57,0
20021108,000000,23.58,23.85,23.35,23.57,0
20021109,000000,23.58,23.85,23.35,23.57,0
20021111,000000,23.58,23.85,23.35,23.57,0
20021111,000000,23.57,24.23,23.57,23.82,0
20021112,000000,23.8,23.92,23.72,23.76,0
20021113,000000,23.73,24.01,22.61,22.66,0
20021114,000000,22.68,22.86,22.63,22.74,0
20021115,000000,23,23.13,22.83,23.13,0
20021116,000000,23,23.13,22.83,23.13,0
20021118,000000,23,23.13,22.83,23.13,0
20021118,000000,23.12,24.04,23.12,24.04,0
20021119,000000,24.04,24.3,23.86,23.86,0
20021120,000000,23.85,24.32,23.85,24.32,0
20021121,000000,24.59,24.76,24.59,24.59,0
20021122,000000,24.59,24.96,24.57,24.95,0
20021123,000000,24.59,24.96,24.57,24.95,0
20021125,000000,24.59,24.96,24.57,24.95,0
20021125,000000,24.95,25.27,24.45,24.45,0
20021126,000000,24.44,24.75,24.44,24.69,0
20021127,000000,24.69,25.25,24.69,25.15,0
20021128,000000,25.16,25.26,24.96,24.96,0
20021129,000000,24.96,25.2,24.91,25.2,0
20021130,000000,24.96,25.2,24.91,25.2,0
20021202,000000,24.96,25.2,24.91,25.2,0
20021202,000000,25.2,25.82,25.2,25.79,0
20021203,000000,25.79,26.19,25.79,26.13,0
20021204,000000,26.13,26.13,25.49,25.49,0
20021205,000000,25.49,26.29,25.49,26.37,0
20021206,000000,26.27,26.39,25.8,25.82,0
20021207,000000,26.27,26.39,25.8,25.82,0
20021209,000000,26.27,26.39,25.8,25.82,0
20021209,000000,25.82,26.21,25.82,26.18,0
20021210,000000,26.18,26.89,26.02,26.86,0
20021211,000000,26.89,27.02,26.69,26.84,0
20021212,000000,26.84,27.42,26.84,27.42,0
20021213,000000,27.44,27.92,27.44,27.81,0
20021214,000000,27.44,27.92,27.44,27.81,0
20021216,000000,27.44,27.92,27.44,27.81,0
20021216,000000,27.79,28.98,27.79,28.98,0
20021217,000000,29.28,29.36,29.1,29.18,0
20021218,000000,29.19,30.01,28.88,29.71,0
20021219,000000,29.7,30.38,29.61,29.61,0
20021220,000000,29.61,29.79,29.58,29.78,0
20021221,000000,29.61,29.79,29.58,29.78,0
20021223,000000,29.61,29.79,29.58,29.78,0
20021223,000000,29.78,31.42,29.78,31.42,0
20021224,000000,31.43,31.52,31.32,31.32,0
20021225,000000,31.43,31.52,31.32,31.32,0
20021226,000000,31.31,31.31,31.31,31.31,0
20021227,000000,31.31,32,31.31,31.8,0
20021228,000000,31.31,32,31.31,31.8,0
20021230,000000,31.31,32,31.31,31.8,0
20021230,000000,31.8,32.42,31.13,31.13,0
20021231,000000,31.13,31.13,29.99,29.99,0
20030101,000000,31.13,31.13,29.99,29.99,0
20030102,000000,30,30.77,30,30.77,0
20030103,000000,30.77,31.98,30.77,31.98,0
20030104,000000,30.77,31.98,30.77,31.98,0
20030106,000000,30.77,31.98,30.77,31.98,0
20030106,000000,31.98,31.98,31.51,31.51,0
20030107,000000,31.51,31.51,30.61,30.79,0
20030108,000000,30.8,30.8,28.97,29.36,0
20030109,000000,29.82,30.44,29.66,30.44,0
20030110,000000,30.43,30.63,30.24,30.41,0
20030111,000000,30.43,30.63,30.24,30.41,0
20030113,000000,30.43,30.63,30.24,30.41,0
20030113,000000,30.4,31.05,30.03,30.95,0
20030114,000000,30.96,31.66,30.68,31.33,0
20030115,000000,31.34,31.89,31.34,31.89,0
20030116,000000,31.9,32.39,31.83,32.39,0
20030117,000000,32.32,32.32,31.5,31.93,0
20030118,000000,32.32,32.32,31.5,31.93,0
20030120,000000,32.32,32.32,31.5,31.93,0
20030120,000000,31.93,32.27,31.93,32.14,0
20030121,000000,32.14,32.56,31.73,32.17,0
20030122,000000,32.15,32.15,31.81,31.82,0
20030123,000000,31.81,31.89,31.04,31.04,0
20030124,000000,31.03,31.67,30.83,31.67,0
20030125,000000,31.03,31.67,30.83,31.67,0
20030127,000000,31.03,31.67,30.83,31.67,0
20030127,000000,31.67,31.86,30.62,30.62,0
20030128,000000,30.62,30.93,30.61,30.7,0
20030129,000000,30.69,31.58,30.44,31.4,0
20030130,000000,31.4,31.56,31.26,31.56,0
20030131,000000,31.57,31.67,31.45,31.45,0
20030201,000000,31.57,31.67,31.45,31.45,0
20030203,000000,31.57,31.67,31.45,31.45,0
20030203,000000,31.24,31.24,30.44,30.44,0
20030204,000000,30.59,31.31,30.48,31.25,0
20030205,000000,31.25,31.66,31.03,31.47,0
20030206,000000,31.47,31.89,31.38,31.65,0
20030207,000000,31.55,32.66,31.55,32.66,0
20030208,000000,31.55,32.66,31.55,32.66,0
20030210,000000,31.55,32.66,31.55,32.66,0
20030210,000000,32.66,32.77,31.99,31.99,0
20030211,000000,31.99,32.6,31.87,32.6,0
20030212,000000,32.6,32.91,32.46,32.73,0
20030213,000000,32.73,33.28,32.73,33.22,0
20030214,000000,32.76,33.51,32.76,33.43,0
20030215,000000,32.76,33.51,32.76,33.43,0
20030217,000000,32.76,33.51,32.76,33.43,0
20030217,000000,33.43,33.43,32.85,32.88,0
20030218,000000,32.88,33.59,32.81,33.59,0
20030219,000000,33.58,33.58,33.05,33.05,0
20030220,000000,33.05,33.05,32.18,32.18,0
20030221,000000,32.17,32.86,32.17,32.83,0
20030222,000000,32.17,32.86,32.17,32.83,0
20030224,000000,32.17,32.86,32.17,32.83,0
20030224,000000,32.83,33.66,32.83,33.66,0
20030225,000000,33.66,34.21,32.83,32.83,0
20030226,000000,32.83,33.76,32.83,33.53,0
20030227,000000,33.55,34.1,33.07,33.07,0
20030228,000000,33.06,34.42,33.03,33.91,0
20030301,000000,33.06,34.42,33.03,33.91,0
20030303,000000,33.06,34.42,33.03,33.91,0
20030303,000000,33.91,33.91,33.13,33.51,0
20030304,000000,33.51,34.46,33.51,34.27,0
20030305,000000,34.27,34.78,33.93,33.98,0
20030306,000000,33.99,34.65,33.99,34.56,0
20030307,000000,34.58,34.93,34.55,34.93,0
20030308,000000,34.58,34.93,34.55,34.93,0
20030310,000000,34.58,34.93,34.55,34.93,0
20030310,000000,34.93,35.33,34.52,34.52,0
20030311,000000,34.59,34.59,33.84,33.88,0
20030312,000000,33.87,34.26,33.38,34.26,0
20030313,000000,34.26,34.36,32.96,32.96,0
20030314,000000,32.56,33.18,31.48,31.91,0
20030315,000000,32.56,33.18,31.48,31.91,0
20030317,000000,32.56,33.18,31.48,31.91,0
20030317,000000,31.41,32.08,30.48,30.54,0
20030318,000000,29.87,29.87,28.06,28.06,0
20030319,000000,28.77,28.77,27.48,27.48,0
20030320,000000,26.29,27.75,26.15,26.2,0
20030321,000000,26.43,26.43,24.98,25.08,0
20030322,000000,26.43,26.43,24.98,25.08,0
20030324,000000,26.43,26.43,24.98,25.08,0
20030324,000000,25.56,26.73,25.56,26.6,0
20030325,000000,26.89,27.34,25.46,25.46,0
20030326,000000,26.04,26.34,25.83,25.83,0
20030327,000000,26.31,27.79,26.31,27.79,0
20030328,000000,28.37,28.62,27.32,27.32,0
20030329,000000,28.37,28.62,27.32,27.32,0
20030331,000000,28.37,28.62,27.32,27.32,0
20030331,000000,27.74,28.22,27.52,27.98,0
20030401,000000,28.19,28.19,27.1,27.1,0
20030402,000000,27.01,27.01,26.17,26.19,0
20030403,000000,25.77,26.67,25.7,26.47,0
20030404,000000,26.31,26.31,25.2,25.43,0
20030405,000000,26.31,26.31,25.2,25.43,0
20030407,000000,26.31,26.31,25.2,25.43,0
20030407,000000,24.84,25.46,24.32,25.24,0
20030408,000000,24.66,25.26,24.66,25.01,0
20030409,000000,25.31,25.61,24.96,25.48,0
20030410,000000,25.31,25.31,24.66,24.66,0
20030411,000000,24.82,24.92,24.3,24.92,0
20030412,000000,24.82,24.92,24.3,24.92,0
20030414,000000,24.82,24.92,24.3,24.92,0
20030414,000000,24.82,24.98,24.42,24.98,0
20030415,000000,25,25.32,24.53,25.12,0
20030416,000000,24.99,25.32,24.74,25.19,0
20030417,000000,25.26,26.03,25.26,26.03,0
20030418,000000,25.26,26.03,25.26,26.03,0
20030419,000000,25.26,26.03,25.26,26.03,0
20030421,000000,25.26,26.03,25.26,26.03,0
20030421,000000,25.26,26.03,25.26,26.03,0
20030422,000000,26.15,26.15,25.58,25.58,0
20030423,000000,25.57,25.64,24.37,24.37,0
20030424,000000,24.55,24.62,23.92,24.35,0
20030425,000000,24.34,24.46,23.8,23.99,0
20030426,000000,24.34,24.46,23.8,23.99,0
20030428,000000,24.34,24.46,23.8,23.99,0
20030428,000000,23.64,23.78,23.42,23.42,0
20030429,000000,23.27,23.27,23.03,23.2,0
20030430,000000,23.35,24.07,23.35,23.59,0
20030501,000000,23.91,23.91,23.74,23.74,0
20030502,000000,23.71,24.21,23.37,23.39,0
20030503,000000,23.71,24.21,23.37,23.39,0
20030505,000000,23.71,24.21,23.37,23.39,0
20030505,000000,23.71,24.21,23.37,23.39,0
20030506,000000,24.16,24.16,23.49,23.5,0
20030507,000000,23.64,24.05,23.41,24.05,0
20030508,000000,24.03,24.98,23.9,24.78,0
20030509,000000,24.98,25.6,24.88,25.23,0
20030510,000000,24.98,25.6,24.88,25.23,0
20030512,000000,24.98,25.6,24.88,25.23,0
20030512,000000,25.07,25.95,25.07,25.19,0
20030513,000000,25.69,25.9,25.51,25.9,0
20030514,000000,25.89,26.87,25.84,26.75,0
20030515,000000,26.65,26.93,26.58,26.78,0
20030516,000000,25.14,26.82,25.14,26.33,0
20030517,000000,25.14,26.82,25.14,26.33,0
20030519,000000,25.14,26.82,25.14,26.33,0
20030519,000000,26.61,27.41,26.54,27.41,0
20030520,000000,27.41,27.41,26.56,26.6,0
20030521,000000,26.6,27.24,26.6,27.24,0
20030522,000000,27.24,27.24,26.5,26.52,0
20030523,000000,26.52,26.93,26.52,26.93,0
20030524,000000,26.52,26.93,26.52,26.93,0
20030526,000000,26.52,26.93,26.52,26.93,0
20030526,000000,26.52,26.93,26.52,26.93,0
20030527,000000,26.91,27.21,26.37,26.37,0
20030528,000000,26.37,26.56,26.2,26.2,0
20030529,000000,26.2,26.48,26.2,26.48,0
20030530,000000,26.48,26.8,26.48,26.8,0
20030531,000000,26.48,26.8,26.48,26.8,0
20030602,000000,26.48,26.8,26.48,26.8,0
20030602,000000,26.8,28.03,26.8,28.03,0
20030603,000000,28.03,28.08,27.9,28.08,0
20030604,000000,28.08,28.08,27.49,27.65,0
20030605,000000,27.65,28.03,27.46,28.03,0
20030606,000000,28.03,28.38,28.03,28.36,0
20030607,000000,28.03,28.38,28.03,28.36,0
20030609,000000,28.03,28.38,28.03,28.36,0
20030609,000000,28.36,28.61,27.82,28.47,0
20030610,000000,28.47,28.47,28.05,28.24,0
20030611,000000,28.24,28.8,28.24,28.65,0
20030612,000000,28.65,28.65,27.92,27.92,0
20030613,000000,27.92,27.92,27.26,27.26,0
20030614,000000,27.92,27.92,27.26,27.26,0
20030616,000000,27.92,27.92,27.26,27.26,0
20030616,000000,27.26,27.34,26.92,26.92,0
20030617,000000,26.92,27.11,26.92,27.04,0
20030618,000000,27.04,27.04,26.33,26.33,0
20030619,000000,26.33,26.61,26.01,26.61,0
20030620,000000,26.61,27.12,26.61,26.8,0
20030621,000000,26.61,27.12,26.61,26.8,0
20030623,000000,26.61,27.12,26.61,26.8,0
20030623,000000,26.8,27.16,26.64,26.64,0
20030624,000000,26.64,26.64,26.51,26.52,0
20030625,000000,26.52,27.65,26.47,27.65,0
20030626,000000,27.65,27.77,27.28,27.35,0
20030627,000000,27.35,27.75,27.35,27.75,0
20030628,000000,27.35,27.75,27.35,27.75,0
20030630,000000,27.35,27.75,27.35,27.75,0
20030630,000000,27.75,28.51,27.75,28.16,0
20030701,000000,28.16,28.49,27.93,27.93,0
20030702,000000,27.93,28.31,27.93,28.16,0
20030703,000000,28.16,28.76,28.16,28.76,0
20030704,000000,28.76,28.76,27.8,27.82,0
20030705,000000,28.76,28.76,27.8,27.82,0
20030707,000000,28.76,28.76,27.8,27.82,0
20030707,000000,27.82,27.89,27.73,27.76,0
20030708,000000,27.81,27.81,27.4,27.59,0
20030709,000000,27.59,28.3,27.59,28.16,0
20030710,000000,28.16,29.01,28.16,28.97,0
20030711,000000,28.97,29.18,28.62,29.18,0
20030712,000000,28.97,29.18,28.62,29.18,0
20030714,000000,28.97,29.18,28.62,29.18,0
20030714,000000,29.18,29.18,28.92,28.99,0
20030715,000000,28.99,29.15,28.89,29.15,0
20030716,000000,29.15,29.15,28.47,28.47,0
20030717,000000,28.47,28.84,28.47,28.79,0
20030718,000000,28.79,29.27,28.74,29.27,0
20030719,000000,28.79,29.27,28.74,29.27,0
20030721,000000,28.79,29.27,28.74,29.27,0
20030721,000000,29.27,29.27,28.78,29.07,0
20030722,000000,29.07,29.07,27.92,27.92,0
20030723,000000,27.92,27.92,27.64,27.84,0
20030724,000000,27.84,28.01,27.84,27.98,0
20030725,000000,27.98,28.39,27.98,28.39,0
20030726,000000,27.98,28.39,27.98,28.39,0
20030728,000000,27.98,28.39,27.98,28.39,0
20030728,000000,28.39,28.39,27.81,27.99,0
20030729,000000,27.99,28.19,27.99,28.19,0
20030730,000000,28.19,28.3,28.05,28.19,0
20030731,000000,28.19,28.79,28.19,28.59,0
20030801,000000,28.59,29.84,28.59,29.84,0
20030802,000000,28.59,29.84,28.59,29.84,0
20030804,000000,28.59,29.84,28.59,29.84,0
20030804,000000,29.84,30.18,29.84,30.18,0
20030805,000000,30.18,30.25,29.9,30.25,0
20030806,000000,30.25,30.7,29.66,29.66,0
20030807,000000,29.66,30.35,29.66,30.35,0
20030808,000000,30.35,30.5,30.1,30.1,0
20030809,000000,30.35,30.5,30.1,30.1,0
20030811,000000,30.35,30.5,30.1,30.1,0
20030811,000000,30.1,30.26,30.1,30.14,0
20030812,000000,30.14,30.33,29.72,30.33,0
20030813,000000,30.33,30.33,29.56,29.56,0
20030814,000000,29.56,29.56,28.68,28.77,0
20030815,000000,28.77,29.64,28.77,29.3,0
20030816,000000,28.77,29.64,28.77,29.3,0
20030818,000000,28.77,29.64,28.77,29.3,0
20030818,000000,29.3,29.69,29.23,29.23,0
20030819,000000,29.23,29.23,28.81,28.81,0
20030820,000000,28.81,29.14,28.61,29.14,0
20030821,000000,29.14,30.1,29.14,30.1,0
20030822,000000,30.1,30.36,30.06,30.36,0
20030823,000000,30.1,30.36,30.06,30.36,0
20030825,000000,30.1,30.36,30.06,30.36,0
20030825,000000,30.36,30.36,30.36,30.36,0
20030826,000000,30.36,30.36,29.97,30.04,0
20030827,000000,30.04,30.21,29.78,29.78,0
20030828,000000,29.92,29.99,29.89,29.99,0
20030829,000000,29.99,30.36,29.99,30.05,0
20030830,000000,29.99,30.36,29.99,30.05,0
20030901,000000,29.99,30.36,29.99,30.05,0
20030901,000000,29.8,29.8,29.44,29.58,0
20030902,000000,29.58,29.58,28.21,28.28,0
20030903,000000,28.28,28.28,28.01,28.14,0
20030904,000000,28.14,28.28,27.59,27.67,0
20030905,000000,27.67,27.8,27.55,27.67,0
20030906,000000,27.67,27.8,27.55,27.67,0
20030908,000000,27.67,27.8,27.55,27.67,0
20030908,000000,27.67,27.73,27.57,27.72,0
20030909,000000,27.72,27.72,27.38,27.38,0
20030910,000000,27.38,27.6,27.37,27.37,0
20030911,000000,27.37,27.7,27.16,27.23,0
20030912,000000,27.23,27.23,26.52,26.61,0
20030913,000000,27.23,27.23,26.52,26.61,0
20030915,000000,27.23,27.23,26.52,26.61,0
20030915,000000,26.61,26.82,26.61,26.68,0
20030916,000000,26.79,26.8,26.15,26.15,0
20030917,000000,26.15,26.2,25.84,25.98,0
20030918,000000,25.98,25.98,25.51,25.6,0
20030919,000000,25.6,25.72,25.24,25.24,0
20030920,000000,25.6,25.72,25.24,25.24,0
20030922,000000,25.6,25.72,25.24,25.24,0
20030922,000000,25.24,25.75,25.24,25.47,0
20030923,000000,25.47,26.02,25.47,26.02,0
20030924,000000,26.02,26.99,25.66,26.99,0
20030925,000000,26.99,27.44,26.99,27.27,0
20030926,000000,27.27,27.27,26.89,27.22,0
20030927,000000,27.27,27.27,26.89,27.22,0
20030929,000000,27.27,27.27,26.89,27.22,0
20030929,000000,27.22,27.57,27.22,27.55,0
20030930,000000,27.55,28.45,27.55,28.34,0
20031001,000000,28.34,28.34,28.18,28.24,0
20031002,000000,28.24,28.98,28.24,28.98,0
20031003,000000,28.98,29.21,28.53,29.21,0
20031004,000000,28.98,29.21,28.53,29.21,0
20031006,000000,28.98,29.21,28.53,29.21,0
20031006,000000,29.21,29.8,29.21,29.35,0
20031007,000000,29.35,29.47,29.07,29.47,0
20031008,000000,29.47,29.47,29.08,29.18,0
20031009,000000,29.18,30.16,29.17,30.16,0
20031010,000000,30.16,31.81,30.16,31.81,0
20031011,000000,30.16,31.81,30.16,31.81,0
20031013,000000,30.16,31.81,30.16,31.81,0
20031013,000000,31.81,31.81,31.03,31.03,0
20031014,000000,31.03,31.27,30.84,31.14,0
20031015,000000,31.39,31.39,30.72,31.22,0
20031016,000000,31.22,31.57,31.17,31.17,0
20031017,000000,31.17,31.17,29.76,29.76,0
20031018,000000,31.17,31.17,29.76,29.76,0
20031020,000000,31.17,31.17,29.76,29.76,0
20031020,000000,29.76,29.76,29.26,29.7,0
20031021,000000,29.7,29.89,29.7,29.7,0
20031022,000000,29.7,29.75,29.22,29.35,0
20031023,000000,29.35,29.47,28.96,29.47,0
20031024,000000,29.97,30.15,29.97,30.02,0
20031025,000000,29.97,30.15,29.97,30.02,0
20031027,000000,29.97,30.15,29.97,30.02,0
20031027,000000,30.02,30.02,28.92,28.95,0
20031028,000000,28.95,28.95,28.61,28.68,0
20031029,000000,28.68,28.82,28.39,28.39,0
20031030,000000,28.39,28.39,27.55,27.66,0
20031031,000000,27.66,27.99,27.66,27.94,0
20031101,000000,27.66,27.99,27.66,27.94,0
20031103,000000,27.66,27.99,27.66,27.94,0
20031103,000000,27.94,28.6,27.94,27.98,0
20031104,000000,27.98,27.98,27.45,27.45,0
20031105,000000,27.45,28.28,27.43,28.24,0
20031106,000000,28.24,28.86,28.08,28.08,0
20031107,000000,28.08,28.75,28.08,28.71,0
20031108,000000,28.08,28.75,28.08,28.71,0
20031110,000000,28.08,28.75,28.08,28.71,0
20031110,000000,28.71,28.84,28.68,28.78,0
20031111,000000,28.78,28.78,28.42,28.72,0
20031112,000000,28.72,28.79,28.42,28.79,0
20031113,000000,28.79,29.2,28.79,29.15,0
20031114,000000,29.15,29.8,29.15,29.68,0
20031115,000000,29.15,29.8,29.15,29.68,0
20031117,000000,29.15,29.8,29.15,29.68,0
20031117,000000,29.68,29.68,29.31,29.31,0
20031118,000000,29.31,29.38,28.91,29.36,0
20031119,000000,29.36,30.23,29.36,30.13,0
20031120,000000,30.13,30.36,29.77,29.77,0
20031121,000000,29.77,29.78,29.35,29.35,0
20031122,000000,29.77,29.78,29.35,29.35,0
20031124,000000,29.77,29.78,29.35,29.35,0
20031124,000000,29.35,29.35,28.25,28.25,0
20031125,000000,27.96,27.97,27.51,27.55,0
20031126,000000,27.55,28.46,27.55,28.46,0
20031127,000000,28.46,28.92,28.46,28.92,0
20031128,000000,28.92,28.92,28.75,28.76,0
20031129,000000,28.92,28.92,28.75,28.76,0
20031201,000000,28.92,28.92,28.75,28.76,0
20031201,000000,28.76,28.76,28.15,28.33,0
20031202,000000,28.33,29.2,28.33,29.2,0
20031203,000000,29.2,29.39,28.94,29.12,0
20031204,000000,29.12,29.69,29.02,29.34,0
20031205,000000,29.34,29.38,29.06,29.06,0
20031206,000000,29.34,29.38,29.06,29.06,0
20031208,000000,29.34,29.38,29.06,29.06,0
20031208,000000,29.06,30.08,29.06,30.08,0
20031209,000000,30.08,30.21,30.08,30.21,0
20031210,000000,30.21,30.32,29.89,29.9,0
20031211,000000,29.9,29.9,29.6,29.88,0
20031212,000000,29.88,30.05,29.88,30.04,0
20031213,000000,29.88,30.05,29.88,30.04,0
20031215,000000,29.88,30.05,29.88,30.04,0
20031215,000000,30.04,30.42,29.87,30.35,0
20031216,000000,30.35,30.45,30.35,30.45,0
20031217,000000,30.45,30.75,30.4,30.68,0
20031218,000000,30.68,31.14,30.68,31.14,0
20031219,000000,31.14,31.46,31.11,31.11,0
20031220,000000,31.14,31.46,31.11,31.11,0
20031222,000000,31.14,31.46,31.11,31.11,0
20031222,000000,31.11,31.11,29.74,29.84,0
20031223,000000,29.84,29.84,29.08,29.08,0
20031224,000000,29.08,29.6,29.08,29.33,0
20031225,000000,29.08,29.6,29.08,29.33,0
20031226,000000,29.08,29.6,29.08,29.33,0
20031227,000000,29.08,29.6,29.08,29.33,0
20031229,000000,29.08,29.6,29.08,29.33,0
20031229,000000,29.33,29.77,29.33,29.72,0
20031230,000000,29.72,30.12,29.72,30.12,0
20031231,000000,30.12,30.48,30.12,30.48,0
20040101,000000,30.12,30.48,30.12,30.48,0
20040102,000000,30.48,30.48,29.62,29.62,0
20040103,000000,30.48,30.48,29.62,29.62,0
20040105,000000,30.48,30.48,29.62,29.62,0
20040105,000000,29.62,31.16,29.62,31.16,0
20040106,000000,31.16,31.5,31.08,31.33,0
20040107,000000,31.33,31.33,31.01,31.17,0
20040108,000000,31.17,31.43,31.17,31.43,0
20040109,000000,31.43,32.14,31.43,32.14,0
20040110,000000,31.43,32.14,31.43,32.14,0
20040112,000000,31.43,32.14,31.43,32.14,0
20040112,000000,32.14,32.2,31.57,32.2,0
20040113,000000,32.2,32.67,32.2,32.47,0
20040114,000000,32.47,32.47,31.68,31.68,0
20040115,000000,31.68,32.25,30.92,30.92,0
20040116,000000,30.92,31.38,30.8,31.38,0
20040117,000000,30.92,31.38,30.8,31.38,0
20040119,000000,30.92,31.38,30.8,31.38,0
20040119,000000,31.38,31.85,31.38,31.82,0
20040120,000000,31.82,32.37,31.82,32.09,0
20040121,000000,32.31,32.31,31.83,31.84,0
20040122,000000,32.12,32.15,31.17,31.35,0
20040123,000000,31.95,31.99,31.49,31.49,0
20040124,000000,31.95,31.99,31.49,31.49,0
20040126,000000,31.95,31.99,31.49,31.49,0
20040126,000000,31.49,31.49,30.88,30.88,0
20040127,000000,30.88,31.1,30.77,30.89,0
20040128,000000,30.89,30.89,30.02,30.02,0
20040129,000000,30.02,30.1,29.29,29.29,0
20040130,000000,29.29,29.76,29.29,29.51,0
20040131,000000,29.29,29.76,29.29,29.51,0
20040202,000000,29.29,29.76,29.29,29.51,0
20040202,000000,29.09,29.7,29.02,29.7,0
20040203,000000,29.7,30.09,29.7,29.93,0
20040204,000000,29.93,29.93,29.42,29.42,0
20040205,000000,29.42,29.42,28.89,28.99,0
20040206,000000,28.99,29.71,28.99,29.08,0
20040207,000000,28.99,29.71,28.99,29.08,0
20040209,000000,28.99,29.71,28.99,29.08,0
20040209,000000,29.08,29.32,29.07,29.13,0
20040210,000000,29.13,30.12,29.13,30.06,0
20040211,000000,30.06,30.52,30,30.52,0
20040212,000000,30.52,30.52,30.17,30.47,0
20040213,000000,30.47,31.27,30.47,31.21,0
20040214,000000,30.47,31.27,30.47,31.21,0
20040216,000000,30.47,31.27,30.47,31.21,0
20040216,000000,31.21,31.21,31.09,31.09,0
20040217,000000,31.09,31.56,31.09,31.46,0
20040218,000000,31.46,31.82,31.46,31.75,0
20040219,000000,31.75,31.82,31.64,31.64,0
20040220,000000,31.64,31.73,31,31,0
20040221,000000,31.64,31.73,31,31,0
20040223,000000,31.64,31.73,31,31,0
20040223,000000,31,31.68,31,31.68,0
20040224,000000,31.68,31.91,31.68,31.91,0
20040225,000000,31.91,32.66,31.72,32.66,0
20040226,000000,32.66,32.66,32.51,32.61,0
20040227,000000,32.61,33.01,32.46,33.01,0
20040228,000000,32.61,33.01,32.46,33.01,0
20040301,000000,32.61,33.01,32.46,33.01,0
20040301,000000,33.01,33.63,33.01,33.46,0
20040302,000000,33.46,34.66,33.46,34.66,0
20040303,000000,34.66,34.66,33.65,33.65,0
20040304,000000,33.65,34.01,33.49,34,0
20040305,000000,34,34.49,34,34.49,0
20040306,000000,34,34.49,34,34.49,0
20040308,000000,34,34.49,34,34.49,0
20040308,000000,34.49,34.63,34.29,34.4,0
20040309,000000,34.4,34.4,33.75,33.75,0
20040310,000000,33.75,33.75,32.66,32.74,0
20040311,000000,32.74,33.57,32.74,33.43,0
20040312,000000,33.43,34.01,32.87,32.87,0
20040313,000000,33.43,34.01,32.87,32.87,0
20040315,000000,33.43,34.01,32.87,32.87,0
20040315,000000,32.87,33.99,32.87,33.99,0
20040316,000000,33.99,34.24,33.85,34.24,0
20040317,000000,34.24,35.07,34.24,35.07,0
20040318,000000,35.07,35.07,34.7,34.71,0
20040319,000000,34.71,34.8,34.35,34.8,0
20040320,000000,34.71,34.8,34.35,34.8,0
20040322,000000,34.71,34.8,34.35,34.8,0
20040322,000000,34.8,34.8,34.24,34.24,0
20040323,000000,34.24,34.53,34.07,34.53,0
20040324,000000,34.53,34.73,34.19,34.33,0
20040325,000000,34.33,34.33,33.12,33.12,0
20040326,000000,33.12,33.12,32.58,32.88,0
20040327,000000,33.12,33.12,32.58,32.88,0
20040329,000000,33.12,33.12,32.58,32.88,0
20040329,000000,32.88,32.88,32.29,32.36,0
20040330,000000,32.36,33.31,32.36,33.3,0
20040331,000000,33.3,33.43,32.36,32.36,0
20040401,000000,32.36,32.36,31.98,31.98,0
20040402,000000,31.98,31.98,30.9,30.9,0
20040403,000000,31.98,31.98,30.9,30.9,0
20040405,000000,31.98,31.98,30.9,30.9,0
20040405,000000,30.9,31.21,30.9,31.21,0
20040406,000000,31.21,31.78,30.94,31.56,0
20040407,000000,31.75,33.63,31.57,32.99,0
20040408,000000,33.37,34.04,32.99,33.92,0
20040409,000000,33.9,34.06,33.88,33.9,0
20040410,000000,33.9,34.06,33.88,33.9,0
20040412,000000,33.9,34.06,33.88,33.9,0
20040412,000000,33.96,33.96,33.96,33.96,0
20040413,000000,33.94,34.5,33.65,33.79,0
20040414,000000,33.75,33.77,32.54,33.04,0
20040415,000000,33.07,34.05,32.87,33.99,0
20040416,000000,33.97,34.32,33.57,33.85,0
20040417,000000,33.97,34.32,33.57,33.85,0
20040419,000000,33.97,34.32,33.57,33.85,0
20040419,000000,33.91,34.49,33.62,33.65,0
20040420,000000,33.64,33.71,33.08,33.46,0
20040421,000000,33.15,33.15,32.33,32.46,0
20040422,000000,32.47,33.51,32.31,33.42,0
20040423,000000,33.43,33.66,33.06,33.21,0
20040424,000000,33.43,33.66,33.06,33.21,0
20040426,000000,33.43,33.66,33.06,33.21,0
20040426,000000,33.28,34.09,33.28,33.85,0
20040427,000000,33.84,34.42,33.72,34.4,0
20040428,000000,34.35,35.04,33.9,34.94,0
20040429,000000,34.88,34.88,33.92,34.37,0
20040430,000000,34.47,35.31,34.37,35.12,0
20040501,000000,34.47,35.31,34.37,35.12,0
20040503,000000,34.47,35.31,34.37,35.12,0
20040503,000000,34.47,35.31,34.37,35.12,0
20040504,000000,35.7,36.42,35.37,36.39,0
20040505,000000,36.36,37.24,36.31,37.08,0
20040506,000000,37.31,37.73,37.15,37.25,0
20040507,000000,37.18,37.78,37.09,37.65,0
20040508,000000,37.18,37.78,37.09,37.65,0
20040510,000000,37.18,37.78,37.09,37.65,0
20040510,000000,37.64,37.64,35.87,36.02,0
20040511,000000,36.28,37.68,36.07,37.68,0
20040512,000000,37.69,38.74,37.47,38.74,0
20040513,000000,38.72,38.91,38.11,38.63,0
20040514,000000,38.64,39.78,38.64,39.4,0
20040515,000000,38.64,39.78,38.64,39.4,0
20040517,000000,38.64,39.78,38.64,39.4,0
20040517,000000,39.31,39.95,38.48,38.97,0
20040518,000000,38.98,39.15,37.99,38.19,0
20040519,000000,38.18,39.1,35.64,38.92,0
20040520,000000,38.97,39.4,38.55,38.55,0
20040521,000000,38.51,38.8,37.43,37.61,0
20040522,000000,38.51,38.8,37.43,37.61,0
20040524,000000,38.51,38.8,37.43,37.61,0
20040524,000000,37.16,39.13,37.15,39.1,0
20040525,000000,39.08,39.15,37.94,38.29,0
20040526,000000,38.28,38.64,37.75,37.9,0
20040527,000000,37.85,37.89,36.51,37.06,0
20040528,000000,37.05,37.12,36.44,36.98,0
20040529,000000,37.05,37.12,36.44,36.98,0
20040531,000000,37.05,37.12,36.44,36.98,0
20040531,000000,37.05,37.12,36.44,36.98,0
20040601,000000,38.04,39.13,37.96,38.98,0
20040602,000000,38.96,39.4,37.61,37.64,0
20040603,000000,37.61,38.01,35.69,35.94,0
20040604,000000,36.04,36.59,35.68,35.91,0
20040605,000000,36.04,36.59,35.68,35.91,0
20040607,000000,36.04,36.59,35.68,35.91,0
20040607,000000,35.63,36.04,34.78,35.81,0
20040608,000000,35.91,36.5,35.57,35.67,0
20040609,000000,35.62,35.66,34.16,34.63,0
20040610,000000,34.71,35.66,34.68,35.31,0
20040611,000000,35.27,35.62,35.07,35.13,0
20040612,000000,35.27,35.62,35.07,35.13,0
20040614,000000,35.27,35.62,35.07,35.13,0
20040614,000000,35.1,35.61,34.8,35.02,0
20040615,000000,34.99,35.97,34.45,34.75,0
20040616,000000,34.72,34.94,34.3,34.57,0
20040617,000000,34.62,35.82,34.57,35.63,0
20040618,000000,35.64,36.05,35.13,35.72,0
20040619,000000,35.64,36.05,35.13,35.72,0
20040621,000000,35.64,36.05,35.13,35.72,0
20040621,000000,35.69,36.18,34.77,34.94,0
20040622,000000,34.89,35.33,34.63,35.28,0
20040623,000000,35.29,35.65,34.45,34.78,0
20040624,000000,34.8,35.12,34.55,34.83,0
20040625,000000,34.88,34.97,34.12,34.43,0
20040626,000000,34.88,34.97,34.12,34.43,0
20040628,000000,34.88,34.97,34.12,34.43,0
20040628,000000,34.44,34.44,33.06,33.17,0
20040629,000000,33.15,33.22,32.49,32.56,0
20040630,000000,32.51,33.51,32.37,33.51,0
20040701,000000,33.48,35.63,33.3,35.41,0
20040702,000000,35.46,35.61,35.04,35.18,0
20040703,000000,35.46,35.61,35.04,35.18,0
20040705,000000,35.46,35.61,35.04,35.18,0
20040705,000000,35.1,35.97,35.1,35.92,0
20040706,000000,35.93,36.81,35.93,36.76,0
20040707,000000,36.8,36.88,35.95,35.97,0
20040708,000000,36.04,37.47,36.04,37.44,0
20040709,000000,37.42,37.79,37.19,37.38,0
20040710,000000,37.42,37.79,37.19,37.38,0
20040712,000000,37.42,37.79,37.19,37.38,0
20040712,000000,37.26,37.91,36.99,37.28,0
20040713,000000,37.33,37.33,36.24,36.7,0
20040714,000000,36.72,37.97,36.52,37.95,0
20040715,000000,37.93,38.55,37.87,38.43,0
20040716,000000,38.4,39.54,38.36,38.49,0
20040717,000000,38.4,39.54,38.36,38.49,0
20040719,000000,38.4,39.54,38.36,38.49,0
20040719,000000,39.32,39.74,38.65,39.51,0
20040720,000000,39.49,39.66,39.07,39.12,0
20040721,000000,39.15,39.18,38.38,38.94,0
20040722,000000,38.87,39.53,38.53,39.43,0
20040723,000000,39.35,39.77,39.24,39.59,0
20040724,000000,39.35,39.77,39.24,39.59,0
20040726,000000,39.35,39.77,39.24,39.59,0
20040726,000000,39.84,40.07,39.11,39.85,0
20040727,000000,39.82,40.45,39.55,40.32,0
20040728,000000,40.35,41.71,39.95,41.55,0
20040729,000000,41.52,41.66,40.76,41.33,0
20040730,000000,41.38,42.19,41.38,41.6,0
20040731,000000,41.38,42.19,41.38,41.6,0
20040802,000000,41.38,42.19,41.38,41.6,0
20040802,000000,42.08,42.08,41.24,41.92,0
20040803,000000,41.91,42.92,41.83,42.1,0
20040804,000000,42.11,43.39,41.97,42.14,0
20040805,000000,42.15,43.48,41.9,43.13,0
20040806,000000,43.13,43.64,42.67,42.78,0
20040807,000000,43.13,43.64,42.67,42.78,0
20040809,000000,43.13,43.64,42.67,42.78,0
20040809,000000,42.59,43.58,42.15,43.58,0
20040810,000000,43.47,43.52,43.01,43.31,0
20040811,000000,43.33,43.91,42.71,43.91,0
20040812,000000,43.86,44.37,43.62,44.27,0
20040813,000000,44.22,45.22,43.86,44.88,0
20040814,000000,44.22,45.22,43.86,44.88,0
20040816,000000,44.22,45.22,43.86,44.88,0
20040816,000000,45.39,45.73,44.79,44.96,0
20040817,000000,44.98,44.98,43.93,44.31,0
20040818,000000,44.32,45.05,44.2,44.65,0
20040819,000000,44.63,45.48,44.44,45.42,0
20040820,000000,45.38,46.17,44.74,44.74,0
20040821,000000,45.38,46.17,44.74,44.74,0
20040823,000000,45.38,46.17,44.74,44.74,0
20040823,000000,44.55,45.06,43.74,43.93,0
20040824,000000,43.92,43.92,42.66,42.76,0
20040825,000000,42.71,43.47,42.26,42.3,0
20040826,000000,42.27,42.28,40.19,41.03,0
20040827,000000,41.08,41.1,40.35,40.58,0
20040828,000000,41.08,41.1,40.35,40.58,0
20040830,000000,41.08,41.1,40.35,40.58,0
20040830,000000,40.64,40.64,40.62,40.63,0
20040831,000000,40.63,40.63,39.27,39.33,0
20040901,000000,39.38,41.36,39.38,41.34,0
20040902,000000,41.37,43.13,41.23,41.67,0
20040903,000000,41.57,41.79,40.99,41.12,0
20040904,000000,41.57,41.79,40.99,41.12,0
20040906,000000,41.57,41.79,40.99,41.12,0
20040906,000000,41.11,41.28,40.53,40.6,0
20040907,000000,40.62,40.64,40.16,40.56,0
20040908,000000,40.61,41.04,40.08,40.11,0
20040909,000000,40.12,41.88,40.06,41.88,0
20040910,000000,41.93,42.43,41.21,41.21,0
20040911,000000,41.93,42.43,41.21,41.21,0
20040913,000000,41.93,42.43,41.21,41.21,0
20040913,000000,40.21,42.32,40.21,41.34,0
20040914,000000,41.36,42.04,41.03,41.84,0
20040915,000000,41.79,43.13,41.4,42.18,0
20040916,000000,42.17,42.17,40.74,41.21,0
20040917,000000,41.26,44.53,41.26,43.38,0
20040918,000000,41.26,44.53,41.26,43.38,0
20040920,000000,41.26,44.53,41.26,43.38,0
20040920,000000,43.43,44.16,43.09,43.66,0
20040921,000000,43.64,44.64,43.39,44.61,0
20040922,000000,44.63,46.58,44.19,46,0
20040923,000000,45.98,46.86,44.49,46.61,0
20040924,000000,46.54,46.61,44.67,46.18,0
20040925,000000,46.54,46.61,44.67,46.18,0
20040927,000000,46.54,46.61,44.67,46.18,0
20040927,000000,46.37,47.31,46.37,46.99,0
20040928,000000,47.01,47.84,45.56,47.5,0
20040929,000000,47.45,47.9,46.25,47.32,0
20040930,000000,47.29,47.46,46.65,47.08,0
20041001,000000,47.06,47.46,46.26,47.35,0
20041002,000000,47.06,47.46,46.26,47.35,0
20041004,000000,47.06,47.46,46.26,47.35,0
20041004,000000,47.27,47.27,46.5,46.66,0
20041005,000000,46.63,48.07,46.24,47.01,0
20041006,000000,47.09,47.97,46.59,47.85,0
20041007,000000,47.86,48.92,47.85,48.78,0
20041008,000000,48.76,49.71,48.01,49.68,0
20041009,000000,48.76,49.71,48.01,49.68,0
20041011,000000,48.76,49.71,48.01,49.68,0
20041011,000000,49.62,51.04,49.32,50.95,0
20041012,000000,50.91,51.76,50.24,50.28,0
20041013,000000,50.45,51.46,48.41,50.84,0
20041014,000000,50.83,51.54,50.23,51.2,0
20041015,000000,51.18,51.29,50.65,51.13,0
20041016,000000,51.18,51.29,50.65,51.13,0
20041018,000000,51.18,51.29,50.65,51.13,0
20041018,000000,51.45,51.5,49.52,50.17,0
20041019,000000,49.97,49.97,48.41,49.26,0
20041020,000000,49.31,51.02,49.24,50.63,0
20041021,000000,50.63,51.38,50.34,51.15,0
20041022,000000,51.15,52.35,51.15,51.92,0
20041023,000000,51.15,52.35,51.15,51.92,0
20041025,000000,51.15,52.35,51.15,51.92,0
20041025,000000,52.33,52.33,51.13,51.37,0
20041026,000000,51.35,52.06,50.63,52,0
20041027,000000,52.06,52.39,49.19,49.7,0
20041028,000000,49.7,49.88,48.4,48.47,0
20041029,000000,48.47,48.79,47.87,48.78,0
20041030,000000,48.47,48.79,47.87,48.78,0
20041101,000000,48.47,48.79,47.87,48.78,0
20041101,000000,49.02,49.42,45.88,46.73,0
20041102,000000,46.74,46.74,45.34,45.49,0
20041103,000000,45.31,46.47,44.06,46.18,0
20041104,000000,46.18,46.36,44.63,44.73,0
20041105,000000,44.76,45.4,44.17,45.13,0
20041106,000000,44.76,45.4,44.17,45.13,0
20041108,000000,44.76,45.4,44.17,45.13,0
20041108,000000,44.91,44.96,43.94,44.13,0
20041109,000000,44.19,44.47,41.98,42.11,0
20041110,000000,41.83,43.01,41.33,42.94,0
20041111,000000,42.99,42.99,41.42,41.76,0
20041112,000000,41.78,42.26,41.31,41.37,0
20041113,000000,41.78,42.26,41.31,41.37,0
20041115,000000,41.78,42.26,41.31,41.37,0
20041115,000000,41.22,41.24,39.28,40.58,0
20041116,000000,40.64,41.73,40.33,40.42,0
20041117,000000,40.15,40.83,39.03,40.47,0
20041118,000000,40.51,41.45,40.15,40.77,0
20041119,000000,40.81,43.38,40.67,43.2,0
20041120,000000,40.81,43.38,40.67,43.2,0
20041122,000000,40.81,43.38,40.67,43.2,0
20041122,000000,43.93,44.21,42.28,42.42,0
20041123,000000,42.48,43.61,41.53,42.29,0
20041124,000000,41.87,42.72,41.17,42.58,0
20041125,000000,42.66,43.86,42.66,42.97,0
20041126,000000,43.01,43.4,42.62,42.9,0
20041127,000000,43.01,43.4,42.62,42.9,0
20041129,000000,43.01,43.4,42.62,42.9,0
20041129,000000,43.13,44.21,41.98,43.98,0
20041130,000000,44.04,45.37,43.58,44.03,0
20041201,000000,43.74,43.88,41.12,41.37,0
20041202,000000,41.42,41.42,37.97,38.97,0
<DATE>,<TIME>,<OPEN>,<HIGH>,<LOW>,<CLOSE>,<VOL>
20050101,000000,40.24,40.49,40.08,40.24,0
20050103,000000,40.24,40.49,40.08,40.24,0
20050103,000000,40.36,40.36,40.36,40.36,0
20050104,000000,40.37,41.15,38.74,40.94,0
20050105,000000,40.95,41.38,40.28,40.9,0
20050106,000000,40.89,40.91,40.22,40.44,0
20050107,000000,43.17,44.14,42.44,43.54,0
20050108,000000,43.17,44.14,42.44,43.54,0
20050110,000000,43.17,44.14,42.44,43.54,0
20050110,000000,43.57,45.29,43.35,43.37,0
20050111,000000,43.35,44.06,43.09,43.58,0
20050112,000000,43.72,44.32,42.95,44.14,0
20050113,000000,44.11,45.99,42.91,45.74,0
20050114,000000,45.73,46.1,45.19,45.51,0
20050115,000000,45.73,46.1,45.19,45.51,0
20050117,000000,45.73,46.1,45.19,45.51,0
20050117,000000,45.87,45.87,45.12,45.13,0
20050118,000000,45.12,46.47,44.74,45.52,0
20050119,000000,45.52,45.52,44.69,44.74,0
20050120,000000,44.74,44.74,43.8,44.27,0
20050121,000000,44.27,46.11,44.27,45.73,0
20050122,000000,44.27,46.11,44.27,45.73,0
20050124,000000,44.27,46.11,44.27,45.73,0
20050124,000000,46.41,46.42,44.3,46.02,0
20050125,000000,45.81,47.05,45.57,46.78,0
20050126,000000,46.74,46.74,44.54,46.39,0
20050127,000000,46.4,47.09,46.09,46.18,0
20050128,000000,46.19,46.22,44.35,44.8,0
20050129,000000,46.19,46.22,44.35,44.8,0
20050131,000000,46.19,46.22,44.35,44.8,0
20050131,000000,44.15,45.9,43.43,45.87,0
20050201,000000,45.42,45.56,44.53,44.67,0
20050202,000000,44.64,44.84,43.56,43.64,0
20050203,000000,43.65,43.77,42.68,43.37,0
20050204,000000,43.38,44.28,43.38,43.69,0
20050205,000000,43.38,44.28,43.38,43.69,0
20050207,000000,43.38,44.28,43.38,43.69,0
20050207,000000,43.58,44.11,41.6,43.37,0
20050208,000000,43.38,43.38,42.29,42.93,0
20050209,000000,42.64,43.96,42.42,42.95,0
20050210,000000,42.95,44.67,42.92,44.52,0
20050211,000000,44.53,44.88,44.01,44.64,0
20050212,000000,44.53,44.88,44.01,44.64,0
20050214,000000,44.53,44.88,44.01,44.64,0
20050214,000000,44.68,45.1,43.95,44.7,0
20050215,000000,44.71,45.01,44.58,44.72,0
20050216,000000,44.66,46.06,44.52,45.71,0
20050217,000000,45.72,46.21,45.03,45.38,0
20050218,000000,45.38,46.16,45.35,46,0
20050219,000000,45.38,46.16,45.35,46,0
20050221,000000,45.38,46.16,45.35,46,0
20050221,000000,46.15,46.77,46.03,46.16,0
20050222,000000,46.76,48.4,46.74,48.15,0
20050223,000000,48.08,48.34,47.56,47.81,0
20050224,000000,47.83,49.5,47.83,49.19,0
20050225,000000,49.19,49.67,48.62,49.4,0
20050226,000000,49.19,49.67,48.62,49.4,0
20050228,000000,49.19,49.67,48.62,49.4,0
20050228,000000,49.82,50.28,49.63,50.14,0
20050301,000000,50.12,50.55,49.28,50.34,0
20050302,000000,50.44,51.65,50.25,51.5,0
20050303,000000,51.49,53.17,51.38,52.36,0
20050304,000000,52.34,52.5,51.5,52.23,0
20050305,000000,52.34,52.5,51.5,52.23,0
20050307,000000,52.34,52.5,51.5,52.23,0
20050307,000000,52.13,52.45,51.32,52.31,0
20050308,000000,52.3,53.26,51.52,52.81,0
20050309,000000,52.88,54.17,52.69,53.51,0
20050310,000000,53.5,53.5,52.19,52.64,0
20050311,000000,52.63,53.58,51.59,53.22,0
20050312,000000,52.63,53.58,51.59,53.22,0
20050314,000000,52.63,53.58,51.59,53.22,0
20050314,000000,53.12,54.51,52.47,53.81,0
20050315,000000,53.81,54.27,53.01,53.72,0
20050316,000000,53.72,55.12,52.87,55.01,0
20050317,000000,55.01,56.33,55.01,55.23,0
20050318,000000,55.23,55.83,55.01,55.76,0
20050319,000000,55.23,55.83,55.01,55.76,0
20050321,000000,55.23,55.83,55.01,55.76,0
20050321,000000,55.76,56.04,55.15,55.63,0
20050322,000000,55.63,55.73,54.27,54.45,0
20050323,000000,54.41,54.41,51.52,52.45,0
20050324,000000,52.51,52.8,51.4,52.74,0
20050325,000000,52.78,52.78,52.78,52.78,0
20050326,000000,52.78,52.78,52.78,52.78,0
20050328,000000,52.78,52.78,52.78,52.78,0
20050328,000000,52.78,52.78,52.78,52.78,0
20050329,000000,51.54,53.04,50.37,52.08,0
20050330,000000,51.88,52.11,49.94,50.22,0
20050331,000000,50.28,53.71,50.24,53.05,0
20050401,000000,53.08,55.26,53.08,55.15,0
20050402,000000,53.08,55.26,53.08,55.15,0
20050404,000000,53.08,55.26,53.08,55.15,0
20050404,000000,55.52,55.93,55.52,55.73,0
20050405,000000,55.77,55.77,53.45,53.93,0
20050406,000000,53.54,54.26,52.98,53.46,0
20050407,000000,53.5,54.55,51.75,52.3,0
20050408,000000,52.34,52.78,51.11,52.06,0
20050409,000000,52.34,52.78,51.11,52.06,0
20050411,000000,52.34,52.78,51.11,52.06,0
20050411,000000,51.57,52.52,50.76,52.12,0
20050412,000000,52.14,52.81,50.74,50.85,0
20050413,000000,50.69,50.69,49.03,49.42,0
20050414,000000,49.46,50.72,49.33,50.43,0
20050415,000000,50.45,50.65,49.33,49.71,0
20050416,000000,50.45,50.65,49.33,49.71,0
20050418,000000,50.45,50.65,49.33,49.71,0
20050418,000000,49.33,49.79,48.51,48.96,0
20050419,000000,49,51.26,49,51.24,0
20050420,000000,51,51.84,50.76,51.12,0
20050421,000000,51.17,52.29,50.84,52.29,0
20050422,000000,52.33,53.67,52.04,53.26,0
20050423,000000,52.33,53.67,52.04,53.26,0
20050425,000000,52.33,53.67,52.04,53.26,0
20050425,000000,53.83,54.21,52.56,52.89,0
20050426,000000,52.94,52.94,51.83,52.64,0
20050427,000000,52.42,52.63,50.25,50.49,0
20050428,000000,50.56,51.65,49.79,51.62,0
20050429,000000,51.65,51.92,49.08,49.33,0
20050430,000000,51.65,51.92,49.08,49.33,0
20050502,000000,51.65,51.92,49.08,49.33,0
20050502,000000,49.93,49.93,49.93,49.93,0
20050503,000000,50.46,50.64,49.04,49.11,0
20050504,000000,48.91,49.89,48.14,49.53,0
20050505,000000,49.57,50.58,49.23,50.36,0
20050506,000000,50.37,50.67,49.35,49.74,0
20050507,000000,50.37,50.67,49.35,49.74,0
20050509,000000,50.37,50.67,49.35,49.74,0
20050509,000000,50.37,50.51,49.26,50.37,0
20050510,000000,50.38,51.52,50.12,50.65,0
20050511,000000,50.53,50.53,48.69,48.69,0
20050512,000000,48.73,48.73,47.17,47.49,0
20050513,000000,47.51,47.67,46.2,47.33,0
20050514,000000,47.51,47.67,46.2,47.33,0
20050516,000000,47.51,47.67,46.2,47.33,0
20050516,000000,46.74,47.1,46.36,47.02,0
20050517,000000,47.04,47.79,46.85,47.74,0
20050518,000000,47.67,48.33,46.49,46.69,0
20050519,000000,46.7,47.67,46.5,46.74,0
20050520,000000,46.74,47.28,46.49,46.99,0
20050521,000000,46.74,47.28,46.49,46.99,0
20050523,000000,46.74,47.28,46.49,46.99,0
20050523,000000,46.97,47.67,46.41,47.06,0
20050524,000000,47.1,48.32,46.81,48.14,0
20050525,000000,48.02,49.2,47.12,48.69,0
20050526,000000,48.7,49.72,48.49,49.03,0
20050527,000000,49.06,49.9,48.78,49.65,0
20050528,000000,49.06,49.9,48.78,49.65,0
20050530,000000,49.06,49.9,48.78,49.65,0
20050530,000000,49.87,49.87,49.87,49.87,0
20050531,000000,49.9,49.9,48.86,49.83,0
20050601,000000,49.73,52.33,49.73,51.93,0
20050602,000000,51.96,52.41,50.7,50.84,0
20050603,000000,50.85,53.26,50.81,52.76,0
20050604,000000,50.85,53.26,50.81,52.76,0
20050606,000000,50.85,53.26,50.81,52.76,0
20050606,000000,52.95,53.4,51.79,52.41,0
20050607,000000,52.45,52.57,51.49,51.86,0
20050608,000000,51.51,52.33,49.97,50,0
20050609,000000,50.06,52.47,49.71,52.39,0
20050610,000000,52.42,53.01,51.46,51.58,0
20050611,000000,52.42,53.01,51.46,51.58,0
20050613,000000,52.42,53.01,51.46,51.58,0
20050613,000000,51.67,54.1,51.61,53.54,0
20050614,000000,53.56,54,52.78,52.94,0
20050615,000000,52.78,54.71,52.78,53.19,0
20050616,000000,53.22,54.82,53.22,54.65,0
20050617,000000,54.67,56.9,54.6,56.88,0
20050618,000000,54.67,56.9,54.6,56.88,0
20050620,000000,54.67,56.9,54.6,56.88,0
20050620,000000,57.55,57.77,56.29,57.23,0
20050621,000000,57.24,57.67,56.53,56.53,0
20050622,000000,56.48,57.38,55.76,56.13,0
20050623,000000,56.26,57.54,55.7,57.1,0
20050624,000000,57.11,57.85,56.76,57.74,0
20050625,000000,57.11,57.85,56.76,57.74,0
20050627,000000,57.11,57.85,56.76,57.74,0
20050627,000000,58.22,58.93,58.13,58.47,0
20050628,000000,58.49,58.49,56.16,56.56,0
20050629,000000,56.45,56.55,54.94,55.17,0
20050630,000000,55.19,55.98,54.68,54.85,0
20050701,000000,54.87,57.08,54.74,57.07,0
20050702,000000,54.87,57.08,54.74,57.07,0
20050704,000000,54.87,57.08,54.74,57.07,0
20050704,000000,56.74,57.33,56.62,57.17,0
20050705,000000,57.18,58.09,57.18,57.76,0
20050706,000000,57.67,58.82,57.67,58.81,0
20050707,000000,58.81,59.48,54.53,58.18,0
20050708,000000,58.18,59.73,57.03,57.45,0
20050709,000000,58.18,59.73,57.03,57.45,0
20050711,000000,58.18,59.73,57.03,57.45,0
20050711,000000,56.83,57.24,56.07,57.2,0
20050712,000000,57.22,58.81,56.81,58.46,0
20050713,000000,58.31,58.93,57.61,57.71,0
20050714,000000,57.72,58.32,55.49,56.35,0
20050715,000000,56.35,57.43,55.48,56.83,0
20050716,000000,56.35,57.43,55.48,56.83,0
20050718,000000,56.35,57.43,55.48,56.83,0
20050718,000000,56.89,57.83,55.78,56.51,0
20050719,000000,56.53,57.24,56.1,57.2,0
20050720,000000,57.22,58.13,56.04,56.57,0
20050721,000000,56.57,56.58,55.14,55.83,0
20050722,000000,55.82,57.75,55.69,57.58,0
20050723,000000,55.82,57.75,55.69,57.58,0
20050725,000000,55.82,57.75,55.69,57.58,0
20050725,000000,57.63,57.97,56.58,57.85,0
20050726,000000,57.85,58.65,57.35,58.14,0
20050727,000000,58.17,58.53,57.58,57.92,0
20050728,000000,57.91,58.99,57.77,58.87,0
20050729,000000,58.85,60.02,58.85,59.7,0
20050730,000000,58.85,60.02,58.85,59.7,0
20050801,000000,58.85,60.02,58.85,59.7,0
20050801,000000,59.53,61.24,59.53,60.52,0
20050802,000000,60.5,60.83,59.66,60.7,0
20050803,000000,60.92,61.67,59.74,60.15,0
20050804,000000,60.12,60.89,59.96,60.21,0
20050805,000000,60.21,61.1,60.21,60.99,0
20050806,000000,60.21,61.1,60.21,60.99,0
20050808,000000,60.21,61.1,60.21,60.99,0
20050808,000000,60.99,62.98,60.99,62.9,0
20050809,000000,62.89,63.26,62.27,62.42,0
20050810,000000,62.5,64.5,62.43,64.28,0
20050811,000000,64.27,65.77,63.63,65.53,0
20050812,000000,65.51,66.54,65.44,66.36,0
20050813,000000,65.51,66.54,65.44,66.36,0
20050815,000000,65.51,66.54,65.44,66.36,0
20050815,000000,66.21,67.12,65.61,66.79,0
20050816,000000,66.74,67.55,65.97,66.51,0
20050817,000000,66.78,66.78,62.67,62.99,0
20050818,000000,62.98,63.41,61.54,62.74,0
20050819,000000,62.74,64.78,62.6,64.54,0
20050820,000000,62.74,64.78,62.6,64.54,0
20050822,000000,62.74,64.78,62.6,64.54,0
20050822,000000,64.4,65.65,64.05,64.57,0
20050823,000000,64.57,65.53,64.16,65.24,0
20050824,000000,65.44,67.31,64.95,67.14,0
20050825,000000,67.11,67.19,65.36,66.38,0
20050826,000000,66.08,66.63,64.57,64.85,0
20050827,000000,66.08,66.63,64.57,64.85,0
20050829,000000,66.08,66.63,64.57,64.85,0
20050829,000000,66.08,66.63,64.57,64.85,0
20050830,000000,67.08,68.76,66.1,67.49,0
20050831,000000,67.64,68.05,65.29,66.68,0
20050901,000000,66.7,67.47,66.11,67.17,0
20050902,000000,67.18,67.2,65.01,65.57,0
20050903,000000,67.18,67.2,65.01,65.57,0
20050905,000000,67.18,67.2,65.01,65.57,0
20050905,000000,64.57,64.6,63.97,64.26,0
20050906,000000,64.28,65.51,63.65,64.12,0
20050907,000000,64.05,64.35,61.93,62.24,0
20050908,000000,62.25,63.07,60.98,62.47,0
20050909,000000,62.48,63.56,61.98,62.36,0
20050910,000000,62.48,63.56,61.98,62.36,0
20050912,000000,62.48,63.56,61.98,62.36,0
20050912,000000,62.4,62.63,60.94,61.54,0
20050913,000000,61.56,61.81,60.66,61.13,0
20050914,000000,61.03,62.96,61.03,62.84,0
20050915,000000,62.84,63.31,61.41,62.18,0
20050916,000000,62.19,62.19,59.92,60.1,0
20050917,000000,62.19,62.19,59.92,60.1,0
20050919,000000,62.19,62.19,59.92,60.1,0
20050919,000000,60.8,64.25,60.47,64.06,0
20050920,000000,64.08,64.19,62.02,63.04,0
20050921,000000,62.95,64.61,62.95,63.87,0
20050922,000000,63.89,64.95,63.32,63.72,0
20050923,000000,63.73,63.73,61.28,61.56,0
20050924,000000,63.73,63.73,61.28,61.56,0
20050926,000000,63.73,63.73,61.28,61.56,0
20050926,000000,61.62,63.03,60.48,62.97,0
20050927,000000,63.01,63.17,61.79,62.06,0
20050928,000000,61.94,63.15,61.49,62.84,0
20050929,000000,62.73,63.38,61.18,62.94,0
20050930,000000,62.97,63.08,61.49,62.56,0
20051001,000000,62.97,63.08,61.49,62.56,0
20051003,000000,62.97,63.08,61.49,62.56,0
20051003,000000,62.78,63.15,61.53,61.96,0
20051004,000000,61.99,61.99,59.19,60.1,0
20051005,000000,59.89,60.42,58.17,58.38,0
20051006,000000,58.41,58.41,56.83,57.05,0
20051007,000000,57.08,57.87,56.99,57.72,0
20051008,000000,57.08,57.87,56.99,57.72,0
20051010,000000,57.08,57.87,56.99,57.72,0
20051010,000000,57.77,58.25,56.41,57.73,0
20051011,000000,57.75,59.03,57.75,58.94,0
20051012,000000,58.81,59.79,58.67,59.33,0
20051013,000000,59.36,59.55,57.95,58.66,0
20051014,000000,58.68,58.68,56.84,57.84,0
20051015,000000,58.68,58.68,56.84,57.84,0
20051017,000000,58.68,58.68,56.84,57.84,0
20051017,000000,57.88,59.53,57.88,58.99,0
20051018,000000,59.01,59.04,57.5,58.2,0
20051019,000000,58.09,58.43,56.46,57.39,0
20051020,000000,57.42,57.97,55.92,56.36,0
20051021,000000,56.71,57.37,55.88,57.3,0
20051022,000000,56.71,57.37,55.88,57.3,0
20051024,000000,56.71,57.37,55.88,57.3,0
20051024,000000,56.42,58.16,56.24,57.93,0
20051025,000000,57.93,60.1,57.53,60,0
20051026,000000,60.02,60.63,58.65,58.74,0
20051027,000000,58.72,59.48,58.05,58.71,0
20051028,000000,58.72,59.38,58.53,59.28,0
20051029,000000,58.72,59.38,58.53,59.28,0
20051031,000000,58.72,59.38,58.53,59.28,0
20051031,000000,58.91,59.16,57.94,58.35,0
20051101,000000,58.33,59.55,57.89,58.68,0
20051102,000000,58.8,59.41,58.04,58.97,0
20051103,000000,58.95,61.08,58.32,60.99,0
20051104,000000,60.98,61.01,59.59,59.68,0
20051105,000000,60.98,61.01,59.59,59.68,0
20051107,000000,60.98,61.01,59.59,59.68,0
20051107,000000,59.25,59.43,57.57,58.41,0
20051108,000000,58.4,58.63,57.53,58.11,0
20051109,000000,58.25,58.44,56.56,56.81,0
20051110,000000,56.8,56.8,55.09,55.42,0
20051111,000000,55.43,55.58,54.55,54.93,0
20051112,000000,55.43,55.58,54.55,54.93,0
20051114,000000,55.43,55.58,54.55,54.93,0
20051114,000000,55.38,55.78,54.7,54.99,0
20051115,000000,55.03,55.48,54.07,54.18,0
20051116,000000,54,55.29,53.6,55.01,0
20051117,000000,55.02,56.03,53.98,54.1,0
20051118,000000,54.13,54.51,52.58,53.13,0
20051119,000000,54.13,54.51,52.58,53.13,0
20051121,000000,54.13,54.51,52.58,53.13,0
20051121,000000,54,54.45,52.91,53.49,0
20051122,000000,53.54,54.8,53.54,54.51,0
20051123,000000,54.19,54.44,53.53,54.28,0
20051124,000000,54.33,54.57,53.32,53.42,0
20051125,000000,53.47,53.83,53.06,53.19,0
20051126,000000,53.47,53.83,53.06,53.19,0
20051128,000000,53.47,53.83,53.06,53.19,0
20051128,000000,53.71,54.18,52.68,53.36,0
20051129,000000,53.4,53.77,52.44,52.7,0
20051130,000000,52.49,53.6,51.91,53.41,0
20051201,000000,53.45,55.02,53.03,54.74,0
20051202,000000,54.77,55.72,54.34,55.58,0
20051203,000000,54.77,55.72,54.34,55.58,0
20051205,000000,54.77,55.72,54.34,55.58,0
20051205,000000,56.14,57.2,55.95,56.33,0
20051206,000000,56.37,56.65,55.88,56.09,0
20051207,000000,55.87,56.71,55.12,55.24,0
20051208,000000,55.29,57.55,55.26,57.31,0
20051209,000000,57.32,58.23,55.69,56.03,0
20051210,000000,57.32,58.23,55.69,56.03,0
20051212,000000,57.32,58.23,55.69,56.03,0
20051212,000000,56.66,58.56,56.38,58.43,0
20051213,000000,58.45,58.9,57.74,58.44,0
20051214,000000,58.35,59.84,58.12,59.05,0
20051215,000000,59.06,59.85,58.63,58.83,0
20051216,000000,58.82,58.82,56.53,56.6,0
20051217,000000,58.82,58.82,56.53,56.6,0
20051219,000000,58.82,58.82,56.53,56.6,0
20051219,000000,56.5,57.13,55.01,55.21,0
20051220,000000,55.21,55.75,54.97,55.15,0
20051221,000000,55.23,56.06,54.86,55.88,0
20051222,000000,55.89,58.54,55.26,55.77,0
20051223,000000,55.76,56.4,55.31,56.35,0
20051224,000000,55.76,56.4,55.31,56.35,0
20051226,000000,55.76,56.4,55.31,56.35,0
20051226,000000,55.76,56.4,55.31,56.35,0
20051227,000000,55.76,56.4,55.31,56.35,0
20051228,000000,55.73,57.75,55.63,57.31,0
20051229,000000,57.31,58.19,56.87,57.74,0
20051230,000000,57.73,59.12,57.26,58.87,0
20051231,000000,57.73,59.12,57.26,58.87,0
20060102,000000,57.73,59.12,57.26,58.87,0
20060102,000000,57.73,59.12,57.26,58.87,0
20060103,000000,59.43,62.27,58.98,61.57,0
20060104,000000,61.68,62.18,60.71,62.02,0
20060105,000000,62,62.44,61.4,61.46,0
20060106,000000,61.44,63.47,61.44,63.17,0
20060107,000000,61.44,63.47,61.44,63.17,0
20060109,000000,61.44,63.47,61.44,63.17,0
20060109,000000,63.02,63.59,61.79,62.39,0
20060110,000000,62.37,62.85,61.88,62.26,0
20060111,000000,62.27,63.35,61.24,62.57,0
20060112,000000,62.56,63.45,62.56,62.73,0
20060113,000000,62.72,63.19,61.92,62.49,0
20060114,000000,62.72,63.19,61.92,62.49,0
20060116,000000,62.72,63.19,61.92,62.49,0
20060116,000000,63.29,63.41,62.81,62.98,0
20060117,000000,62.98,64.59,62.98,64.47,0
20060118,000000,64.46,65.08,63.32,63.68,0
20060119,000000,63.69,64.94,63.4,64.83,0
20060120,000000,64.85,67.11,64.85,66.29,0
20060121,000000,64.85,67.11,64.85,66.29,0
20060123,000000,64.85,67.11,64.85,66.29,0
20060123,000000,66.55,66.72,65.58,66.22,0
20060124,000000,66.24,66.24,63.59,63.73,0
20060125,000000,63.53,63.53,62.25,62.65,0
20060126,000000,62.82,64.08,62.57,63.49,0
20060127,000000,63.5,65.01,63.5,64.83,0
20060128,000000,63.5,65.01,63.5,64.83,0
20060130,000000,63.5,65.01,63.5,64.83,0
20060130,000000,65.39,66.03,64.3,65.8,0
20060131,000000,65.82,66.17,64.88,65.43,0
20060201,000000,65.3,66.53,63.44,64.29,0
20060202,000000,64.3,64.79,62.04,62.4,0
20060203,000000,62.41,63.02,61.62,62.86,0
20060204,000000,62.41,63.02,61.62,62.86,0
20060206,000000,62.41,63.02,61.62,62.86,0
20060206,000000,62.89,64,62.78,62.84,0
20060207,000000,62.86,62.86,60.9,61.12,0
20060208,000000,60.97,61.23,60.07,60.33,0
20060209,000000,60.33,61.65,60.2,60.47,0
20060210,000000,60.48,60.87,58.76,59.07,0
20060211,000000,60.48,60.87,58.76,59.07,0
20060213,000000,60.48,60.87,58.76,59.07,0
20060213,000000,59.08,59.45,58.41,58.78,0
20060214,000000,58.81,59.12,57.67,57.79,0
20060215,000000,57.61,58,55.94,56.19,0
20060216,000000,56.21,57.54,56.21,57.05,0
20060217,000000,57.07,58.6,57.07,58.17,0
20060218,000000,57.07,58.6,57.07,58.17,0
20060220,000000,57.07,58.6,57.07,58.17,0
20060220,000000,59.24,60.14,59.1,60.03,0
20060221,000000,60.08,60.29,59.37,60.07,0
20060222,000000,59.84,59.84,57.89,58.33,0
20060223,000000,58.36,59.03,57.73,58.46,0
20060224,000000,58.49,61.14,58.49,60.87,0
20060225,000000,58.49,61.14,58.49,60.87,0
20060227,000000,58.49,61.14,58.49,60.87,0
20060227,000000,60.24,60.67,59.11,59.29,0
20060228,000000,59.34,60.29,58.71,60.05,0
20060301,000000,59.76,60.76,59.68,60.49,0
20060302,000000,60.55,62.76,60.55,62.58,0
20060303,000000,62.6,63.15,62.08,62.69,0
20060304,000000,62.6,63.15,62.08,62.69,0
20060306,000000,62.6,63.15,62.08,62.69,0
20060306,000000,62.69,62.74,60.67,60.9,0
20060307,000000,60.93,61.37,59.37,59.77,0
20060308,000000,59.53,59.77,57.61,58.38,0
20060309,000000,58.43,61.53,58.43,61.04,0
20060310,000000,61.06,61.48,61.06,61.19,0
20060311,000000,61.06,61.48,61.06,61.19,0
20060313,000000,61.06,61.48,61.06,61.19,0
20060313,000000,61.02,62.41,60.31,62.15,0
20060314,000000,62.17,63.65,61.72,63.49,0
20060315,000000,63.38,63.42,61.86,62.23,0
20060316,000000,62.25,63.99,61.48,63.69,0
20060317,000000,63.7,63.78,62.6,62.67,0
20060318,000000,63.7,63.78,62.6,62.67,0
20060320,000000,63.7,63.78,62.6,62.67,0
20060320,000000,62.56,62.62,60.56,60.79,0
20060321,000000,60.8,61.51,60.32,61.42,0
20060322,000000,61.34,62.21,60.67,60.78,0
20060323,000000,60.79,62.58,60.72,62.44,0
20060324,000000,62.44,63.12,61.96,62.73,0
20060325,000000,62.44,63.12,61.96,62.73,0
20060327,000000,62.44,63.12,61.96,62.73,0
20060327,000000,62.55,63.02,62.03,62.83,0
20060328,000000,62.82,64.57,62.65,64.25,0
20060329,000000,64.21,65.08,63.94,64.76,0
20060330,000000,64.75,65.89,64.47,65.61,0
20060331,000000,65.61,65.96,64.86,64.94,0
20060401,000000,65.61,65.96,64.86,64.94,0
20060403,000000,65.61,65.96,64.86,64.94,0
20060403,000000,65.93,67.2,65.86,66.12,0
20060404,000000,66.13,66.59,65.05,66.38,0
20060405,000000,66.4,67.43,65.89,67.16,0
20060406,000000,67.16,68.29,67.16,67.89,0
20060407,000000,67.89,67.89,66.67,67.33,0
20060408,000000,67.89,67.89,66.67,67.33,0
20060410,000000,67.89,67.89,66.67,67.33,0
20060410,000000,67.71,68.89,67.52,68.65,0
20060411,000000,68.65,69.72,68.38,69.4,0
20060412,000000,69.46,70.17,69.22,69.55,0
20060413,000000,69.53,70.38,68.7,70.23,0
20060414,000000,70.22,70.22,70.22,70.22,0
20060415,000000,70.22,70.22,70.22,70.22,0
20060417,000000,70.22,70.22,70.22,70.22,0
20060417,000000,70.22,70.22,70.22,70.22,0
20060418,000000,71.83,72.43,70.9,72.3,0
20060419,000000,72.32,74.02,71.95,73.77,0
20060420,000000,73.77,74.26,72.49,73.29,0
20060421,000000,73.28,74.88,72.29,74.66,0
20060422,000000,73.28,74.88,72.29,74.66,0
20060424,000000,73.28,74.88,72.29,74.66,0
20060424,000000,74.3,74.58,72.76,73.06,0
20060425,000000,73.04,74.06,72.08,73.26,0
20060426,000000,73.4,73.81,72.24,72.31,0
20060427,000000,72.29,72.31,70.67,70.82,0
20060428,000000,70.81,72.64,70.35,72,0
20060429,000000,70.81,72.64,70.35,72,0
20060501,000000,70.81,72.64,70.35,72,0
20060501,000000,70.81,72.64,70.35,72,0
20060502,000000,73.97,74.89,73.47,74.57,0
20060503,000000,74.67,75,72.48,72.66,0
20060504,000000,72.63,72.63,69.6,70.11,0
20060505,000000,70.11,71.17,69.98,70.81,0
20060506,000000,70.11,71.17,69.98,70.81,0
20060508,000000,70.11,71.17,69.98,70.81,0
20060508,000000,70.93,71.12,69.04,70.05,0
20060509,000000,70.07,71.47,70.04,70.95,0
20060510,000000,70.84,72.21,69.94,72.11,0
20060511,000000,72.12,73.58,72.03,73.32,0
20060512,000000,73.33,73.34,72.15,72.29,0
20060513,000000,73.33,73.34,72.15,72.29,0
20060515,000000,73.33,73.34,72.15,72.29,0
20060515,000000,71.27,71.28,69.39,69.62,0
20060516,000000,69.64,70.63,68.59,69.34,0
20060517,000000,69.23,69.83,68.3,68.3,0
20060518,000000,68.06,68.99,67.46,68.8,0
20060519,000000,68.81,69.4,67.3,67.71,0
20060520,000000,68.81,69.4,67.3,67.71,0
20060522,000000,68.81,69.4,67.3,67.71,0
20060522,000000,67.27,68.35,66.66,68.12,0
20060523,000000,68.15,70.09,68.15,69.74,0
20060524,000000,69.57,69.57,67.74,67.79,0
20060525,000000,67.82,69.72,67.62,69.64,0
20060526,000000,69.68,70.18,69.15,69.56,0
20060527,000000,69.68,70.18,69.15,69.56,0
20060529,000000,69.68,70.18,69.15,69.56,0
20060529,000000,69.67,69.67,69.67,69.67,0
20060530,000000,69.71,71.1,69.71,69.96,0
20060531,000000,69.74,69.84,67.81,69,0
20060601,000000,69.04,69.87,67.93,68.31,0
20060602,000000,68.35,70.39,68.35,69.93,0
20060603,000000,68.35,70.39,68.35,69.93,0
20060605,000000,68.35,70.39,68.35,69.93,0
20060605,000000,71.09,71.64,69.43,69.91,0
20060606,000000,69.97,70.26,68.3,69.34,0
20060607,000000,69.05,69.24,67.52,67.72,0
20060608,000000,67.76,67.92,66.45,67.72,0
20060609,000000,67.75,69.37,67.39,69.21,0
20060610,000000,67.75,69.37,67.39,69.21,0
20060612,000000,67.75,69.37,67.39,69.21,0
20060612,000000,69.17,70.14,67.79,68.05,0
20060613,000000,68.09,68.09,65.88,66.13,0
20060614,000000,65.94,66.57,65.54,66.31,0
20060615,000000,66.34,67.21,66.34,66.42,0
20060616,000000,66.45,67.17,65.52,66.85,0
20060617,000000,66.45,67.17,65.52,66.85,0
20060619,000000,66.45,67.17,65.52,66.85,0
20060619,000000,66.45,66.52,66.19,66.19,0
20060620,000000,66.23,67.58,66.01,66.82,0
20060621,000000,66.86,68.63,66.35,68.3,0
20060622,000000,68.31,69.1,68.22,69.05,0
20060623,000000,69.46,70.03,67.59,69.46,0
20060624,000000,69.46,70.03,67.59,69.46,0
20060626,000000,69.46,70.03,67.59,69.46,0
20060626,000000,69.25,70.52,69.14,70.5,0
20060627,000000,70.52,71.25,70.36,70.86,0
20060628,000000,70.92,71.86,70.75,71.62,0
20060629,000000,71.63,73.01,71.51,72.89,0
20060630,000000,72.88,73.68,72.61,73.28,0
20060701,000000,72.88,73.68,72.61,73.28,0
20060703,000000,72.88,73.68,72.61,73.28,0
20060703,000000,73.6,73.94,73.18,73.22,0
20060704,000000,73.43,73.6,72.41,72.47,0
20060705,000000,72.6,74.3,72.6,74.13,0
20060706,000000,74.1,74.27,73.14,73.86,0
20060707,000000,73.83,75.04,72.2,72.2,0
20060708,000000,73.83,75.04,72.2,72.2,0
20060710,000000,73.83,75.04,72.2,72.2,0
20060710,000000,72.07,72.17,71.17,71.82,0
20060711,000000,71.82,73.19,71.61,72.66,0
20060712,000000,72.61,73.47,72.04,73.47,0
20060713,000000,73.48,76.29,73.48,76.29,0
20060714,000000,76.29,76.55,75.56,76.04,0
20060715,000000,76.29,76.55,75.56,76.04,0
20060717,000000,76.29,76.55,75.56,76.04,0
20060717,000000,76.08,76.9,75.27,75.47,0
20060718,000000,75.48,76.9,73.96,74.49,0
20060719,000000,74.4,74.64,72.17,73.53,0
20060720,000000,73.54,74.33,72.91,73.2,0
20060721,000000,73.21,74.51,73.12,73.62,0
20060722,000000,73.21,74.51,73.12,73.62,0
20060724,000000,73.21,74.51,73.12,73.62,0
20060724,000000,73.32,74.67,72.61,74.67,0
20060725,000000,74.67,75.28,72.97,73.3,0
20060726,000000,73.29,74.59,72.86,73.93,0
20060727,000000,73.94,75.26,73.7,74.91,0
20060728,000000,74.92,75.46,73.22,73.4,0
20060729,000000,74.92,75.46,73.22,73.4,0
20060731,000000,74.92,75.46,73.22,73.4,0
20060731,000000,73.44,75.17,72.64,75.16,0
20060801,000000,75.16,76.53,74.6,75.96,0
20060802,000000,75.95,77.4,75.75,77.09,0
20060803,000000,77.1,77.13,75.96,76.55,0
20060804,000000,76.56,77.11,75.72,76.29,0
20060805,000000,76.56,77.11,75.72,76.29,0
20060807,000000,76.56,77.11,75.72,76.29,0
20060807,000000,77.14,78.75,76.89,78.63,0
20060808,000000,78.61,78.61,77.65,77.92,0
20060809,000000,77.78,78.58,77.32,77.52,0
20060810,000000,77.52,77.77,75.57,75.87,0
20060811,000000,75.61,76.35,75.32,75.81,0
20060812,000000,75.61,76.35,75.32,75.81,0
20060814,000000,75.61,76.35,75.32,75.81,0
20060814,000000,75,75.46,73.92,74.29,0
20060815,000000,74.27,74.53,73.43,73.43,0
20060816,000000,73.5,73.5,72.4,72.54,0
20060817,000000,72.51,72.51,70.82,71.49,0
20060818,000000,71.49,72.13,70.82,71.57,0
20060819,000000,71.49,72.13,70.82,71.57,0
20060821,000000,71.49,72.13,70.82,71.57,0
20060821,000000,72.33,73.24,72.31,72.99,0
20060822,000000,73.01,73.29,72.27,72.44,0
20060823,000000,72.37,72.38,70.82,71.03,0
20060824,000000,71.19,72.08,71.02,72.08,0
20060825,000000,72.31,73.07,71.72,71.74,0
20060826,000000,72.31,73.07,71.72,71.74,0
20060828,000000,72.31,73.07,71.72,71.74,0
20060828,000000,71.16,71.22,69.63,69.95,0
20060829,000000,69.97,70.45,68.53,68.95,0
20060830,000000,68.65,69.37,67.54,69.3,0
20060831,000000,69.29,69.72,68.08,69.64,0
20060901,000000,69.69,70.05,68.67,68.75,0
20060902,000000,69.69,70.05,68.67,68.75,0
20060904,000000,69.69,70.05,68.67,68.75,0
20060904,000000,68.77,68.96,67.17,67.29,0
20060905,000000,67.35,68.44,67.06,67.54,0
20060906,000000,67.43,67.58,66.19,66.26,0
20060907,000000,66.15,66.67,65.32,65.56,0
20060908,000000,65.53,66.09,63.35,63.6,0
20060909,000000,65.53,66.09,63.35,63.6,0
20060911,000000,65.53,66.09,63.35,63.6,0
20060911,000000,63.36,65.01,62.51,64.21,0
20060912,000000,64.28,65.17,62.57,62.76,0
20060913,000000,62.36,63.53,62.02,62.99,0
20060914,000000,63,63.53,62.28,62.47,0
20060915,000000,62.49,62.49,60.56,61.76,0
20060916,000000,62.49,62.49,60.56,61.76,0
20060918,000000,62.49,62.49,60.56,61.76,0
20060918,000000,61.95,63.06,61.44,62.63,0
20060919,000000,62.68,63.53,60.62,60.76,0
20060920,000000,60.54,60.85,59.67,59.88,0
20060921,000000,58.99,60.31,58.78,60.26,0
20060922,000000,60.29,60.63,58.96,59.08,0
20060923,000000,60.29,60.63,58.96,59.08,0
20060925,000000,60.29,60.63,58.96,59.08,0
20060925,000000,59.05,60.65,58.32,59.86,0
20060926,000000,59.93,60.31,58.66,59.05,0
20060927,000000,58.72,61.1,58.33,60.97,0
20060928,000000,61.02,62.37,60.61,61.16,0
20060929,000000,60.88,61.44,59.79,61.37,0
20060930,000000,60.88,61.44,59.79,61.37,0
20061002,000000,60.88,61.44,59.79,61.37,0
20061002,000000,61.69,61.69,59.6,59.71,0
20061003,000000,59.77,59.94,57.6,57.71,0
20061004,000000,57.38,58.47,56.65,58.33,0
20061005,000000,58.39,59.9,58.07,59.04,0
20061006,000000,59.09,59.35,57.78,58.86,0
20061007,000000,59.09,59.35,57.78,58.86,0
20061009,000000,59.09,59.35,57.78,58.86,0
20061009,000000,59.46,61.06,59.24,59.89,0
20061010,000000,59.93,60.66,58.82,59.07,0
20061011,000000,58.9,59.28,57.86,57.99,0
20061012,000000,58.01,58.55,57.44,58.12,0
20061013,000000,58.12,59.56,58.12,58.69,0
20061014,000000,58.12,59.56,58.12,58.69,0
20061016,000000,58.12,59.56,58.12,58.69,0
20061016,000000,58.74,59.78,57.85,59.73,0
20061017,000000,59.75,60.81,59.13,59.5,0
20061018,000000,59.3,59.92,56.73,56.97,0
20061019,000000,56.97,59.16,56.95,58.76,0
20061020,000000,58.78,59.47,57.38,57.49,0
20061021,000000,58.78,59.47,57.38,57.49,0
20061023,000000,58.78,59.47,57.38,57.49,0
20061023,000000,57.29,57.44,56.56,57.27,0
20061024,000000,57.22,57.77,56.63,57.54,0
20061025,000000,57.3,59.62,57.27,59.57,0
20061026,000000,59.61,59.87,57.79,58.33,0
20061027,000000,58.35,58.72,57.69,58.47,0
20061028,000000,58.35,58.72,57.69,58.47,0
20061030,000000,58.35,58.72,57.69,58.47,0
20061030,000000,58.38,58.47,56.2,56.35,0
20061031,000000,56.42,57.08,55.56,56.97,0
20061101,000000,56.71,57.38,55.72,56.63,0
20061102,000000,56.68,56.85,55.69,55.77,0
20061103,000000,55.81,56.97,55.66,56.93,0
20061104,000000,55.81,56.97,55.66,56.93,0
20061106,000000,55.81,56.97,55.66,56.93,0
20061106,000000,56.62,58.28,56.56,57.67,0
20061107,000000,57.69,57.92,56.26,56.3,0
20061108,000000,56.07,57.58,56.07,57.42,0
20061109,000000,57.8,59.24,57.59,59.14,0
20061110,000000,58.83,58.99,57.4,57.51,0
20061111,000000,58.83,58.99,57.4,57.51,0
20061113,000000,58.83,58.99,57.4,57.51,0
20061113,000000,57.8,57.83,56.45,56.69,0
20061114,000000,56.75,57.99,55.98,57.26,0
20061115,000000,57.05,58.42,55.88,57.95,0
20061116,000000,57.68,59.24,56.32,56.5,0
20061117,000000,57.68,57.68,55.81,56.69,0
20061118,000000,57.68,57.68,55.81,56.69,0
20061120,000000,57.68,57.68,55.81,56.69,0
20061120,000000,57.68,57.89,56.27,57.76,0
20061121,000000,57.78,60.08,57.48,59.89,0
20061122,000000,59.87,59.93,58.05,58.93,0
20061123,000000,58.91,59.14,58.5,59.09,0
20061124,000000,58.87,60.32,58.82,60,0
20061125,000000,58.87,60.32,58.82,60,0
20061127,000000,58.87,60.32,58.82,60,0
20061127,000000,58.87,60.62,58.87,60.35,0
20061128,000000,60.33,61.01,58.87,60.85,0
20061129,000000,58.87,62.97,58.87,62.88,0
20061130,000000,62.85,64.93,61.71,64.42,0
20061201,000000,63,65.32,62.62,65.14,0
20061202,000000,63,65.32,62.62,65.14,0
20061204,000000,63,65.32,62.62,65.14,0
20061204,000000,65.34,65.43,60.55,64.27,0
20061205,000000,64.22,64.84,63.02,63.96,0
20061206,000000,63.93,64.26,63.26,63.38,0
20061207,000000,63.35,63.79,62.58,62.78,0
20061208,000000,63.74,63.9,62.31,62.37,0
20061209,000000,63.74,63.9,62.31,62.37,0
20061211,000000,63.74,63.9,62.31,62.37,0
20061211,000000,62.53,63.27,61.9,62.43,0
20061212,000000,62.39,62.93,61.58,61.96,0
20061213,000000,61.92,62.61,61.22,61.77,0
20061214,000000,61.74,63.32,61.64,62.57,0
20061215,000000,61.64,63.26,61.64,62.65,0
20061216,000000,61.64,63.26,61.64,62.65,0
20061218,000000,61.64,63.26,61.64,62.65,0
20061218,000000,62.8,62.88,61.16,61.61,0
20061219,000000,61.56,62.64,61.27,62.18,0
20061220,000000,62.16,62.75,61.86,62.4,0
20061221,000000,62.4,62.53,61.46,61.72,0
20061222,000000,61.98,62.38,61.56,61.83,0
20061223,000000,61.98,62.38,61.56,61.83,0
20061225,000000,61.98,62.38,61.56,61.83,0
20061225,000000,61.98,62.38,61.56,61.83,0
20061226,000000,61.98,62.38,61.56,61.83,0
20061227,000000,62.61,62.61,60.51,60.72,0
20061228,000000,61.98,61.98,59.62,60.11,0
20061229,000000,59.99,61.98,59.39,60.13,0
20061230,000000,59.99,61.98,59.39,60.13,0
20070101,000000,59.99,61.98,59.39,60.13,0
20070101,000000,59.99,61.98,59.39,60.13,0
20070102,000000,60.06,61.98,59.55,59.8,0
20070103,000000,59.85,60.14,56.71,57.17,0
20070104,000000,57.22,57.64,55.16,55.2,0
20070105,000000,57.49,57.49,53.73,55.19,0
20070106,000000,57.49,57.49,53.73,55.19,0
20070108,000000,57.49,57.49,53.73,55.19,0
20070108,000000,54.97,57.49,53.82,54.75,0
20070109,000000,54.8,57.49,52.92,54.81,0
20070110,000000,54.86,54.87,52.77,53.11,0
20070111,000000,53.15,54.04,51.41,51.45,0
20070112,000000,54.25,54.25,50.79,52.38,0
20070113,000000,54.25,54.25,50.79,52.38,0
20070115,000000,54.25,54.25,50.79,52.38,0
20070115,000000,52.28,53.34,51.69,52.36,0
20070116,000000,52.23,52.75,50.83,51.31,0
20070117,000000,51.32,52.64,50.4,52.39,0
20070118,000000,52.66,53.15,50.72,51.53,0
20070119,000000,52.76,53.39,51.47,53.29,0
20070120,000000,52.76,53.39,51.47,53.29,0
20070122,000000,52.76,53.39,51.47,53.29,0
20070122,000000,53.68,54.5,52.19,52.71,0
20070123,000000,52.69,55.12,52.58,55.04,0
20070124,000000,54.85,55.67,53.48,55.57,0
20070125,000000,55.66,55.89,54.17,54.24,0
20070126,000000,55.63,55.63,54.26,55.31,0
20070127,000000,55.63,55.63,54.26,55.31,0
20070129,000000,55.63,55.63,54.26,55.31,0
20070129,000000,55.54,55.9,53.55,53.65,0
20070130,000000,53.63,56.2,53.62,56.11,0
20070131,000000,56.12,57.33,54.9,57.21,0
20070201,000000,57.23,58.1,56.37,56.46,0
20070202,000000,56.92,58.42,56.4,58.33,0
20070203,000000,56.92,58.42,56.4,58.33,0
20070205,000000,56.92,58.42,56.4,58.33,0
20070205,000000,56.96,58.97,56.77,57.02,0
20070206,000000,57.28,59.08,57.21,57.7,0
20070207,000000,57.71,58.54,56.22,56.67,0
20070208,000000,56.69,58.44,56.19,58.25,0
20070209,000000,56.5,58.75,56.5,58.03,0
20070210,000000,56.5,58.75,56.5,58.03,0
20070212,000000,56.5,58.75,56.5,58.03,0
20070212,000000,56.5,57.69,54.77,55.09,0
20070213,000000,54.73,57.37,54.54,56.85,0
20070214,000000,56.77,56.94,55.11,55.56,0
20070215,000000,55.69,56.32,54.34,55.93,0
20070216,000000,54.91,57.51,54.91,57.44,0
20070217,000000,54.91,57.51,54.91,57.44,0
20070219,000000,54.91,57.51,54.91,57.44,0
20070219,000000,57.15,57.34,56.51,56.72,0
20070220,000000,56.76,57.12,55.52,56.67,0
20070221,000000,56.37,58.71,55.93,58.12,0
20070222,000000,58.14,59.88,57.66,59.65,0
20070223,000000,55.97,60.73,55.97,59.94,0
20070224,000000,55.97,60.73,55.97,59.94,0
20070226,000000,55.97,60.73,55.97,59.94,0
20070226,000000,59.86,61.1,59.43,59.94,0
20070227,000000,59.93,61.27,58.71,60.11,0
20070228,000000,55.04,60.91,55.04,60.66,0
20070301,000000,60.69,61.55,59.68,61.07,0
20070302,000000,61.23,61.67,60.81,61.65,0
20070303,000000,61.23,61.67,60.81,61.65,0
20070305,000000,61.23,61.67,60.81,61.65,0
20070305,000000,61.5,61.67,59.57,60.11,0
20070306,000000,60.12,61.31,60.12,60.55,0
20070307,000000,60.56,61.93,60.56,61.65,0
20070308,000000,61.67,62.1,60.92,61.24,0
20070309,000000,61.09,61.42,59.83,59.9,0
20070310,000000,61.09,61.42,59.83,59.9,0
20070312,000000,61.09,61.42,59.83,59.9,0
20070312,000000,61.09,61.09,58.7,60.12,0
20070313,000000,60.12,61.72,60.12,60.86,0
20070314,000000,60.92,61.58,60.5,61.06,0
20070315,000000,60.97,61.69,60.36,60.55,0
20070316,000000,60.63,61.41,59.63,60.14,0
20070317,000000,60.63,61.41,59.63,60.14,0
20070319,000000,60.63,61.41,59.63,60.14,0
20070319,000000,60.35,61.08,60.12,60.7,0
20070320,000000,60.74,61.27,59.9,60.09,0
20070321,000000,60.31,60.89,59.9,60.21,0
20070322,000000,60.72,62.38,60.68,62.25,0
20070323,000000,60.72,63.4,60.72,63.33,0
20070324,000000,60.72,63.4,60.72,63.33,0
20070326,000000,60.72,63.4,60.72,63.33,0
20070326,000000,63.24,64.9,62.79,64.7,0
20070327,000000,64.75,65.26,64.38,65.08,0
20070328,000000,65.12,66.99,65.12,65.52,0
20070329,000000,65.92,68.29,65.09,67.96,0
20070330,000000,67.7,69.18,67.5,68.42,0
20070331,000000,67.7,69.18,67.5,68.42,0
20070402,000000,67.7,69.18,67.5,68.42,0
20070402,000000,68.72,69.72,67.87,68.93,0
20070403,000000,68.89,68.89,67.35,68.09,0
20070404,000000,68.09,68.97,67.07,68.85,0
20070405,000000,68.34,69.07,67.85,68.51,0
20070406,000000,68.34,69.07,67.85,68.51,0
20070407,000000,68.34,69.07,67.85,68.51,0
20070409,000000,68.34,69.07,67.85,68.51,0
20070409,000000,68.34,69.07,67.85,68.51,0
20070410,000000,68.34,68.34,66.98,67.48,0
20070411,000000,67.49,68.96,67.42,67.82,0
20070412,000000,68.34,68.81,67.77,68.54,0
20070413,000000,68.34,69.56,67.92,68.06,0
20070414,000000,68.34,69.56,67.92,68.06,0
20070416,000000,68.34,69.56,67.92,68.06,0
20070416,000000,68.02,69,66.47,66.61,0
20070417,000000,66.63,67.22,65.28,65.41,0
20070418,000000,65.42,65.82,64.27,65.56,0
20070419,000000,65.72,66.37,64.73,65.63,0
20070420,000000,64.73,66.24,64.73,66.17,0
20070423,000000,66.25,66.91,66.25,66.71,0
20070424,000000,66.71,68.37,66.71,67.99,0
20070426,000000,67.49,68.15,67.07,67.56,0
20070427,000000,67.56,67.56,66.39,67.33,0
20070428,000000,67.33,67.33,67.33,67.33,0
20070430,000000,67.64,67.9,67.01,67.28,0
20070501,000000,66.75,67.7,66.52,67.09,0
20070502,000000,67.09,67.09,64.91,64.91,0
20070503,000000,65.34,65.57,64.19,64.19,0
20070510,000000,63.19,64.88,63.19,64.32,0
20070511,000000,64.32,65.53,64.32,65.42,0
20070514,000000,64.87,66.09,64.87,65.55,0
20070515,000000,65.55,66.43,64.72,66.43,0
20070516,000000,67.32,67.46,66.51,66.52,0
20070517,000000,68.28,68.95,67.96,68.77,0
20070518,000000,70.51,70.63,69.9,69.95,0
20070521,000000,69.95,70.75,69.56,70.2,0
20070522,000000,71.08,71.33,70.32,70.79,0
20070523,000000,70.64,71.75,70.29,71.75,0
20070524,000000,72.38,73.06,72.15,72.7,0
20070525,000000,72.33,72.5,71.11,71.46,0
20070528,000000,71.46,71.46,70.29,70.43,0
20070529,000000,70.43,70.85,69.46,70.15,0
20070530,000000,70.15,70.15,68.26,68.26,0
20070531,000000,68.69,69.08,68.43,68.82,0
20070601,000000,68.82,69.4,68.78,69.29,0
20070604,000000,69.29,71.55,69.29,71.54,0
20070605,000000,71.54,72.35,71.28,72.35,0
20070606,000000,72.35,72.65,71.86,72.49,0
20070607,000000,72.66,73.46,72.36,73.35,0
20070608,000000,73.35,73.35,70.33,70.33,0
20070611,000000,68.9,69.2,68.42,69.14,0
20070612,000000,70.12,70.16,69.05,69.05,0
20070613,000000,69.05,69.73,68.34,69.73,0
20070614,000000,69.73,71.67,69.73,71.67,0
20070615,000000,71.67,72.27,71.39,72.12,0
20070618,000000,72.12,72.26,71.41,72.22,0
20070619,000000,72.82,73.09,72.49,72.66,0
20070620,000000,72.66,72.66,70.99,71.04,0
20070621,000000,71.04,73.3,71.04,72.75,0
20070622,000000,71.78,73.06,71.31,72.98,0
20070625,000000,72.98,72.98,72.98,72.98,0
20070626,000000,72.3,73.32,72.29,72.45,0
20070628,000000,72.88,72.99,72.68,72.83,0
20070629,000000,73,73.79,72.96,73.26,0
20070704,000000,75.24,75.59,75.14,75.45,0
20070705,000000,75.45,76.86,75.45,76.44,0
20070706,000000,76.82,77.9,76.82,77.62,0
20070709,000000,77.62,78.41,77.03,78.13,0
20070710,000000,78,78.96,77.7,78.92,0
20070711,000000,78.92,78.95,78.31,78.48,0
20070712,000000,78.48,79.55,78.08,79.28,0
20070713,000000,79.28,79.53,78.38,79.16,0
20070716,000000,79.16,79.98,79.01,79.21,0
20070717,000000,79.21,79.21,77.81,78.63,0
20070718,000000,78.63,79.53,78.2,79.04,0
20070719,000000,79.04,80.17,79.04,79.41,0
20070720,000000,79.41,80.53,79.41,80.13,0
20070723,000000,80.13,80.13,79.02,79.4,0
20070724,000000,78.7,78.8,76.92,76.92,0
20070725,000000,76.47,76.98,75.98,76.25,0
20070726,000000,76.25,78.59,76.25,78.32,0
20070727,000000,78.32,78.32,76.59,77.62,0
20070730,000000,77.62,77.96,76.92,77.11,0
20070731,000000,77.11,78.19,77.11,78.05,0
20070801,000000,78.05,78.85,77.8,78.15,0
20070802,000000,78.15,78.15,75.58,77.18,0
20070803,000000,77.18,77.32,76.08,76.4,0
20070806,000000,76.4,76.4,73.6,73.73,0
20070807,000000,73.73,73.73,71.29,71.46,0
20070808,000000,71.46,72.51,71.08,71.77,0
20070809,000000,71.77,72.12,70.34,71.12,0
20070810,000000,70.51,70.77,69.77,70.61,0
20070813,000000,70.61,72.69,70.61,72.34,0
20070814,000000,71,71.43,70.3,70.33,0
20070815,000000,70.33,71.83,70.33,71.79,0
20070816,000000,71.79,71.79,69.16,69.26,0
20070817,000000,69.26,70.88,69.26,70.29,0
20070820,000000,70.29,70.29,68.8,68.86,0
20070821,000000,68.86,70.02,68.22,68.37,0
20070822,000000,68.37,69.44,68.19,68.22,0
20070823,000000,68.22,69.53,68.22,69.22,0
20070824,000000,69.22,70.42,69.14,69.98,0
20070827,000000,69.98,70.64,69.49,69.59,0
20070828,000000,69.59,71.1,69.59,70.4,0
20070829,000000,70.4,71.67,70.32,71.22,0
20070830,000000,71.22,72.7,71.22,72.7,0
20070831,000000,72.7,74.09,72.7,73.53,0
20070903,000000,73.53,74.65,73.53,74.43,0
20070904,000000,74.43,75.69,74.43,75.46,0
20070905,000000,75.46,76.49,75.46,75.96,0
20070906,000000,75.96,77.87,75.96,77.45,0
20070907,000000,77.45,77.45,76.21,76.32,0
20070910,000000,76.32,76.42,75.68,76.21,0
20070911,000000,76.21,77.83,76.21,77.47,0
20070912,000000,77.47,79.07,77.47,78.39,0
20070913,000000,78.39,79.29,78.14,79.08,0
20070914,000000,79.08,79.57,78.85,79.51,0
20070917,000000,79.51,79.51,78.03,79.23,0
20070918,000000,79.23,79.23,77.5,78.24,0
20070919,000000,78.24,79.8,78.24,79.71,0
20070920,000000,79.71,79.81,79.43,79.72,0
20070921,000000,79.72,80.6,79.36,80.15,0
20070924,000000,80.15,80.15,78.96,78.96,0
20070925,000000,78.96,78.96,77.17,77.91,0
20070926,000000,77.91,78.61,77.01,77.3,0
20070927,000000,77.3,79.97,77.3,79.97,0
20070928,000000,79.97,82.17,79.97,81.75,0
20071001,000000,82.06,82.06,79.4,79.42,0
20071002,000000,79.42,79.42,77.6,77.96,0
20071003,000000,77.96,79.08,77.96,78.89,0
20071004,000000,78.89,79.32,78.24,78.93,0
20071005,000000,78.93,80.82,78.93,80.14,0
20071008,000000,80.14,80.24,78.03,78.03,0
20071009,000000,78.03,78.93,76.94,78.91,0
20071010,000000,77.47,78.67,77.02,78.58,29175
20071011,000000,78.55,80.68,78.54,80.11,35496
20071012,000000,80.17,80.92,79.65,80.52,24072
20071013,000000,80.51,80.64,80.49,80.64,30
20071015,000000,80,82.9,80,82.85,17104
20071016,000000,82.86,84.49,82.84,83.5,7784
20071017,000000,83.4,84.42,82.65,83,48971
20071018,000000,82.97,84.8,82.73,84.6,44395
20071019,000000,84.57,84.88,83.08,83.52,38646
20071020,000000,83.51,83.51,83.5,83.5,50
20071022,000000,83.33,84.09,81.63,83.17,35224
20071023,000000,83.13,84.04,82.35,82.88,30541
20071024,000000,82.71,84.95,82.45,84.92,27596
20071025,000000,84.95,87.58,84.7,87.3,44776
20071026,000000,87.42,89.3,87.21,88.73,44483
20071027,000000,88.69,88.88,88.69,88.76,34
20071029,000000,89.2,90.48,88.75,90.36,37610
20071030,000000,90.36,90.36,86.68,86.82,37840
20071031,000000,86.73,91.18,86.13,91.14,29099
20071101,000000,91.02,91.71,88.57,89.82,36532
20071102,000000,89.9,92.2,89.64,92,27112
20071103,000000,92,92,91.85,91.85,6
20071105,000000,91.7,92.31,90.18,90.96,30865
20071106,000000,90.93,93.53,90.93,93.18,36295
20071107,000000,93.26,95.19,91.74,92.63,36127
20071108,000000,92.7,94.35,92.18,92.45,19733
20071109,000000,92.45,93.34,91.43,92.85,16138
20071110,000000,92.76,92.82,92.76,92.76,55
20071112,000000,92.36,92.95,90.55,90.76,20597
20071113,000000,90.74,91.42,87.41,88.6,29200
20071114,000000,88.46,90.96,88.4,90.4,29998
20071115,000000,90.37,91.5,88.7,90.3,41688
20071116,000000,90.34,91.95,90,91.44,37738
20071117,000000,91.65,91.84,91.51,91.51,12
20071119,000000,91.98,92.81,90.99,92.34,36646
20071120,000000,92.39,96.08,91.76,95.79,42859
20071121,000000,95.7,96.53,94.05,94.86,39179
20071122,000000,94.84,95.29,93.98,94.5,13750
20071123,000000,94.49,95.95,93.81,95.67,26807
20071126,000000,96.24,96.65,94.26,94.89,35354
20071127,000000,94.92,95.32,92.4,92.6,42672
20071128,000000,92.58,93.39,89.58,90.75,50432
20071129,000000,90.7,92.82,89.74,90.31,53947
20071130,000000,90.17,90.79,87.55,88,49335
20071201,000000,87.97,88.19,87.96,88.1,38
20071203,000000,88.78,90.43,86.93,90.2,40586
20071204,000000,90.2,90.45,88.97,89.58,35756
20071205,000000,89.58,91.91,87.85,88.28,46347
20071206,000000,88.25,90.68,86.56,90.43,40536
20071207,000000,90.41,90.79,87.3,88.45,27327
20071208,000000,88.45,88.45,88.42,88.45,12
20071210,000000,88.63,89.68,87.38,88.15,17956
20071211,000000,88.03,90.05,87.97,89,17321
20071212,000000,88.93,93.95,88.81,93.13,25888
20071213,000000,93.02,94,91.57,91.95,27925
20071214,000000,91.95,93.35,91.1,91.7,31824
20071215,000000,91.59,91.65,91.52,91.65,48
20071217,000000,92.06,92.42,90.12,91.29,30970
20071218,000000,91.31,92.89,89.34,90.35,40519
20071219,000000,90.35,92.27,89.75,91.52,33849
20071220,000000,91.64,92.48,90.66,91.06,30211
20071221,000000,91.1,92.92,90.61,92.21,30059
20071222,000000,92.36,92.45,92.36,92.45,7
20071224,000000,92.29,92.82,91.35,92.7,8258
20071226,000000,93.03,95.04,92.8,94.05,21584
20071227,000000,94.09,95.87,93.27,94.95,31375
20071228,000000,94.95,95.85,93.8,94,27095
20071229,000000,94,94.16,93.97,94.15,107
20071231,000000,94.29,95.29,93.25,93.85,16472
20080102,000000,94.47,98,94.15,97.65,25746
20080103,000000,97.51,98.5,97.04,97.65,30303
20080104,000000,97.65,98,96.18,96.86,29317
20080105,000000,96.82,96.9,96.75,96.75,8
20080107,000000,96.59,97.48,93.74,93.74,26255
20080109,000000,95.55,96.3,93.69,93.82,16777
20080110,000000,93.95,94.64,91.78,92.35,23416
20080111,000000,92.4,92.88,90.52,90.77,19584
20080112,000000,90.92,90.98,90.92,90.98,9
20080114,000000,90.77,92.75,90.77,92.65,25108
20080115,000000,92.66,92.94,90.18,90.88,33157
20080116,000000,90.84,90.98,88.3,89.37,40959
20080117,000000,89.43,90.69,88.22,88.65,33424
20080118,000000,88.69,89.97,88.4,89.3,35655
20080119,000000,89.34,89.44,89.23,89.23,10
20080121,000000,89.57,89.65,87.36,87.47,37164
20080122,000000,87.45,88.85,85,88.29,51806
20080123,000000,88.4,88.67,86.4,87.38,42243
20080124,000000,87.26,89.4,86.89,89.22,38752
20080125,000000,89.19,91.38,88.89,90.87,38215
20080126,000000,90.93,91,90.93,91,8
20080128,000000,90.67,91.75,89.33,91.6,41251
20080129,000000,91.61,92.19,91.05,92.1,43628
20080130,000000,92.14,92.8,91.48,92.32,34047
20080131,000000,92.2,92.81,90.19,91.98,48123
20080201,000000,91.91,92.49,88.95,89.42,40944
20080202,000000,89.38,89.59,89.35,89.57,54
20080204,000000,89.1,91.12,88.63,90.4,42324
20080205,000000,90.36,90.55,88.07,88.65,38673
20080206,000000,88.59,89.6,87.53,87.7,36674
20080207,000000,87.6,88.76,86.83,88.76,30541
20080208,000000,88.7,92.3,88.48,91.9,38873
20080209,000000,91.91,91.97,91.9,91.91,21
20080211,000000,92.67,94.49,91.09,93.55,29235
20080212,000000,93.59,94.13,92.08,92.67,30962
20080213,000000,92.7,94,92.4,92.96,16913
20080214,000000,92.97,95.3,92.96,95.15,40262
20080215,000000,95,95.78,94.02,94.82,42048
20080216,000000,94.76,94.81,94.5,94.8,34
20080218,000000,94.53,95.44,94.44,94.76,18748
20080219,000000,94.72,98.68,94.72,97.96,46684
20080220,000000,97.91,99.2,96.78,98.5,33171
20080221,000000,98.46,99,95.42,95.51,35369
20080222,000000,95.77,97.65,95.65,97.35,36008
20080223,000000,97.3,97.3,97.1,97.1,27
20080225,000000,97.44,98.15,96.35,97.67,24819
20080226,000000,97.7,99.73,97.05,99.62,26731
20080227,000000,99.62,100.53,98,98.24,37539
20080228,000000,98.21,101.26,97.45,100.74,38681
20080229,000000,100.79,101.27,99.66,100.04,35094
20080301,000000,100.1,100.1,100.1,100.1,3
20080303,000000,100.01,102.26,99.2,100.42,40303
20080304,000000,100.54,101.3,96.98,98.04,37293
20080305,000000,98.04,102.01,97.52,101.75,35664
20080306,000000,101.64,102.95,100.28,102.74,32669
20080307,000000,102.6,103.94,101.39,102.85,29315
20080308,000000,102.82,103.05,102.61,102.65,76
20080310,000000,102.3,104.45,101.2,104.37,25916
20080311,000000,104.36,105.81,103.3,105.23,26836
20080312,000000,105.22,106.41,104,106.31,17321
20080313,000000,106.05,106.81,104.73,106.27,22746
20080314,000000,106.5,106.98,105.06,106.1,23508
20080315,000000,106.2,106.2,106.04,106.2,26
20080317,000000,105.9,107.97,99.67,102.2,41753
20080318,000000,102.2,106.18,101.7,105.12,39804
20080319,000000,105.12,105.12,100.16,100.28,33603
20080320,000000,100.41,100.81,98,99.98,40672
20080324,000000,99.55,101.27,98.92,99.52,12565
20080325,000000,99.06,101.07,98.96,100.73,30977
20080326,000000,100.78,104.18,100.75,103.95,36044
20080327,000000,104.3,105.6,103.41,104.5,37832
20080328,000000,104.5,105.07,103.05,103.4,24428
20080329,000000,103.4,103.4,103.36,103.36,62
20080331,000000,103.22,105.32,99.15,100.51,37498
20080401,000000,100.5,101.47,99,100.22,31063
20080402,000000,100.23,103.96,99.1,103.67,29989
20080403,000000,103.65,104.49,102.01,102.9,30467
20080404,000000,102.9,105.08,102.72,104.77,23369
20080405,000000,104.85,104.85,104.85,104.85,1
20080407,000000,104.75,107.4,104.45,106.86,16687
20080408,000000,106.93,107.63,105.6,106.44,17498
20080409,000000,106.19,109.38,105.61,108.09,16568
20080410,000000,108.35,109.83,106.75,108.12,21411
20080411,000000,108.09,109.04,107.43,108.64,18068
20080412,000000,108.52,108.66,108.52,108.66,2
20080414,000000,108.06,109.75,107.85,109.64,29485
20080415,000000,109.61,111.91,109.58,111.77,36098
20080416,000000,111.77,112.75,110.15,112.68,33118
20080417,000000,112.74,113.38,111.76,112.56,28237
20080418,000000,112.56,114.22,110.62,114.01,31513
20080419,000000,114.01,114.2,114.01,114.18,43
20080421,000000,113.85,114.86,113.05,114.59,34926
20080422,000000,114.57,116.75,113.94,115.69,33910
20080423,000000,115.67,116.6,114.6,116.41,26853
20080424,000000,116.47,116.87,112.7,114.2,42179
20080425,000000,114.2,117.56,112.49,116.41,46575
20080426,000000,116.33,116.65,116.31,116.65,103
20080428,000000,117.32,117.51,116.07,116.95,31142
20080429,000000,116.09,116.09,113.01,113.07,48538
20080430,000000,113.01,114.66,111.21,112.71,40193
20080501,000000,112.69,112.86,108.42,110.25,29504
20080502,000000,110.23,114.8,109.8,114.73,35239
20080503,000000,114.6,114.77,114.45,114.45,115
20080505,000000,114.31,118.57,113.48,118.22,19726
20080506,000000,118.24,120.99,117.69,120.33,35010
20080507,000000,120.36,122.38,119.04,122.05,9738
20080508,000000,122.45,123.8,120.8,123.8,10413
20080509,000000,123.79,125.98,123,125.5,18590
20080510,000000,125.65,125.78,125.65,125.78,42
20080512,000000,125.1,125.53,122.92,123.18,21918
20080513,000000,123.11,125.52,122.32,124.72,28019
20080514,000000,124.54,125.27,122.56,122.7,30292
20080515,000000,122.71,125.56,121.34,122.98,30387
20080516,000000,123.01,126.33,122.71,125.45,37730
20080517,000000,125.45,125.45,124.98,125.05,130
20080519,000000,125.28,126,123.6,125.34,24958
20080520,000000,125.33,128.05,124.5,127.88,27107
20080521,000000,127.91,133.34,127.77,133.22,39270
20080522,000000,133.13,135.14,130,130.41,47618
20080523,000000,130.42,133.72,130.07,130.93,28711
20080524,000000,131,131.33,130.75,130.75,191
20080526,000000,131.25,133.16,131.25,132.87,4882
20080527,000000,132.97,133.41,127.83,128.31,33659
20080528,000000,128.32,131.27,126.04,130.74,44091
20080529,000000,130.7,132.83,126.09,127.06,31133
20080530,000000,126.92,129,125,128.12,40862
20080531,000000,127.95,128.27,127.86,128.27,8
20080602,000000,127.22,129.25,125.62,127.86,31573
20080603,000000,127.77,128.09,124.19,124.7,28135
20080604,000000,124.68,124.9,121.7,121.83,31273
20080605,000000,122,127.84,121.32,127.67,29430
20080606,000000,127.7,138.11,127.23,137.54,30849
20080607,000000,137.5,137.61,136.87,137.41,46
20080609,000000,137.25,137.94,132.89,134.53,17975
20080610,000000,134.51,138.22,131.26,132.1,16970
20080611,000000,132.1,138.4,131.97,136.77,17438
20080612,000000,136.41,137.99,132.5,137.25,30982
20080613,000000,137.1,137.51,134.21,135.12,25640
20080614,000000,135.07,135.12,134.64,134.64,25
20080616,000000,134.78,139.25,132.91,133.88,31230
20080617,000000,133.97,135.28,132,133.5,32169
20080618,000000,133.32,136.6,132.22,135.99,23658
20080619,000000,136.28,137.4,131.73,131.92,30050
20080620,000000,132.01,136.8,131.48,134.5,28183
20080623,000000,134.56,137.33,133.68,136.21,27909
20080624,000000,136.17,137.76,135.46,136.61,24753
20080625,000000,136.67,137.22,132,134.32,24748
20080626,000000,134.4,140.56,133.52,139.9,28755
20080627,000000,139.73,142.97,138.99,140.47,33908
20080628,000000,140.59,140.75,140.37,140.37,29
20080630,000000,141.29,143.91,139.59,140.3,31177
20080701,000000,140.43,143.3,140.03,141.28,24280
20080702,000000,141.29,144.76,140.44,144.5,22002
20080703,000000,144.8,146.69,144.23,146.09,24905
20080704,000000,146.12,146.62,144.25,144.42,15169
20080707,000000,144.8,144.84,141.12,142.55,10692
20080708,000000,143.03,143.33,136.52,137.04,14113
20080709,000000,137.09,139.77,136.78,136.95,11513
20080710,000000,137.15,143.22,136.93,142.23,11013
20080711,000000,142.3,148.4,142.3,145.35,26614
20080712,000000,145.4,145.4,144.98,144.98,50
20080714,000000,144.5,146.65,143.42,145.24,16445
20080715,000000,145.02,146.83,136.2,139.63,22833
20080716,000000,139.75,140.29,133.49,136.17,36667
20080717,000000,135.97,137.81,130.87,131.69,27154
20080718,000000,131.8,133.69,129.92,130.16,34825
20080719,000000,130.06,130.06,129.66,130,3
20080721,000000,131.07,133.57,130.2,133.34,25945
20080722,000000,133.32,133.75,127.6,129.31,28270
20080723,000000,129.37,129.55,125.08,125.08,31828
20080724,000000,125.21,127.25,124.15,126.4,28615
20080725,000000,126.35,127.51,123.47,124.46,24437
20080726,000000,124.4,124.43,124.34,124.34,6
20080728,000000,124.4,126.31,124.05,125.71,15715
20080729,000000,126,126.79,120.99,123.12,26484
20080730,000000,122.59,123.78,121.43,123.25,15497
20080731,000000,126.86,127.52,122.93,123.96,25825
20080801,000000,124.02,127.88,121.95,124.23,23090
20080802,000000,124.3,124.3,124.26,124.26,7
20080804,000000,124.26,125.04,118.82,120.45,16513
20080805,000000,120.54,120.54,116.91,117.17,26855
20080806,000000,117.25,118.73,115.64,116.8,22342
20080807,000000,116.94,120.52,116.93,118.74,10034
20080808,000000,118.53,119.02,114.34,114.44,13463
20080811,000000,115.3,116.43,112.5,114.34,13827
20080812,000000,114.34,115.51,111.81,112.7,23135
20080813,000000,112.7,116.28,112.34,115.08,19277
20080814,000000,115.31,116.26,111.6,113.75,26633
20080815,000000,112.78,113.05,110.34,112.45,21109
20080816,000000,112.67,112.7,112.55,112.69,66
20080818,000000,112.3,114.15,110.85,111.9,21998
20080819,000000,111.9,115.38,110.7,113.92,24486
20080820,000000,114,115.55,111.64,114.79,27969
20080821,000000,114.85,120.93,114.55,120.66,34066
20080822,000000,120.55,120.91,113.48,113.85,29829
20080823,000000,113.92,113.94,113.9,113.9,51
20080825,000000,113,115.6,113,114.33,14743
20080826,000000,114.32,116.45,111.65,114.56,40143
20080827,000000,114.54,117.25,114.18,116.39,26168
20080828,000000,116.37,118.26,112.81,114.06,26790
20080829,000000,114.01,116.75,113.56,114.1,26269
20080830,000000,114.1,115.5,113.94,115.17,140
20080901,000000,115.56,115.56,109.17,109.67,31205
20080902,000000,109.64,110.45,104.14,109,40734
20080903,000000,108.85,109.2,106.24,108.27,19332
20080904,000000,108.25,109.16,105.2,106.11,18115
20080905,000000,106.1,107.13,103.46,104.43,20375
20080906,000000,104.4,104.58,104.37,104.58,63
20080908,000000,105.97,106.9,102.39,103.4,16078
20080909,000000,103.4,103.79,99.15,99.3,23576
20080910,000000,99,102.06,98.11,99.57,20185
20080911,000000,99.55,101.74,98.7,99.05,15706
20080912,000000,99.56,101.1,98.14,98.7,17022
20080913,000000,98.92,99.25,98.72,98.88,67
20080915,000000,98.23,98.46,92.53,92.93,36101
20080916,000000,92.55,92.89,88.9,91.26,22761
20080917,000000,91.5,95.13,89.09,94.54,29759
20080918,000000,94.38,99.6,93.29,94.92,30626
20080919,000000,95.85,100.43,94.85,100,25480
20080920,000000,99.92,100,99.57,99.75,49
20080922,000000,99.5,107.07,99.5,105.47,35822
20080923,000000,105.47,106.09,100.57,103.4,28290
20080924,000000,103.32,105.91,101.65,102.24,30748
20080925,000000,102.45,105.27,100.01,104.48,26628
20080926,000000,104.4,104.66,101.2,103.78,22749
20080927,000000,103.79,103.79,102.95,103.53,17
20080929,000000,103.29,103.29,92.68,93.13,28799
20080930,000000,93.1,98.96,91.1,98.96,35630
20081001,000000,99.19,100.31,92.87,95.66,23166
20081002,000000,95.6,97.03,90.28,90.55,20389
20081003,000000,90.54,92.45,88,89.93,21753
20081004,000000,89.33,89.33,89.26,89.26,2
20081006,000000,88.3,88.65,83.39,84.75,24603
20081007,000000,84.76,87.94,83.8,85.73,21200
20081008,000000,85.57,86.79,82.35,85.72,15770
20081009,000000,85.46,86.33,82.03,82.03,13845
20081010,000000,82.4,82.4,75.03,77.89,20996
20081011,000000,78.5,78.58,78.1,78.54,7
20081013,000000,78.31,80.06,77.27,79.45,16956
20081014,000000,79.78,82.4,76.24,77.3,20469
20081015,000000,77.01,77.12,72.09,72.2,26708
20081016,000000,72.22,72.31,66.47,69.85,28359
20081017,000000,70,71.9,67.4,70,23727
20081018,000000,69.75,70,69.75,69.75,29
20081020,000000,70.65,73.57,69.41,72.46,29630
20081021,000000,72.46,73.29,67.99,69.39,22220
20081022,000000,69.4,69.51,64.02,64.47,23977
20081023,000000,64.71,67.4,64,67.2,26243
20081024,000000,67.31,67.7,61,62.6,28126
20081025,000000,62.55,62.7,62.4,62.7,51
20081027,000000,61.93,63.57,59.22,60.28,18093
20081028,000000,60.3,62.95,59.51,62.35,21511
20081029,000000,62.46,67.1,61.24,66.13,30595
20081030,000000,66.2,68.35,61.95,63.41,22548
20081031,000000,62.52,66.4,60.62,65.6,19419
20081101,000000,65.39,65.6,65.39,65.6,11
20081103,000000,64.3,66.7,60.18,60.88,23140
20081104,000000,60.77,67.76,59.15,66.05,14125
20081105,000000,66.08,66.31,61.19,61.97,34377
20081106,000000,61.96,62.38,56.5,57.75,29427
20081107,000000,57.88,61.5,56.62,59.55,12218
20081108,000000,59.65,59.65,59.65,59.65,3
20081110,000000,60.56,64,58.27,60.9,20726
20081111,000000,60.81,60.86,57,57.45,17372
20081112,000000,57.26,58.14,53.97,54.05,23880
20081113,000000,54.02,57.5,52.8,57.5,28047
20081114,000000,57.4,57.64,53.44,53.97,27526
20081115,000000,53.95,53.95,53.85,53.85,21
20081117,000000,53.37,56.14,52.06,52.34,29891
20081118,000000,52.25,53.05,51.25,51.92,29296
20081119,000000,52.03,52.95,50.61,51.31,25051
20081120,000000,51.28,52.2,47.48,47.6,30386
20081121,000000,47.71,50.14,47.4,49.7,22591
20081122,000000,49.72,49.72,49.25,49.25,106
20081124,000000,50,54.5,48,54.38,29373
20081125,000000,54.05,54.1,50.1,50.5,42007
20081126,000000,50.56,54.45,49.81,54.4,36276
20081127,000000,54.4,54.41,51.98,53.13,20079
20081128,000000,53.42,54.9,50.8,53.49,31886
20081201,000000,53,53,47.77,47.85,30971
20081202,000000,47.96,48.97,45.33,45.9,32967
20081203,000000,45.98,46.59,44.87,45.5,24601
20081204,000000,45.47,45.67,41.8,42.08,26291
20081205,000000,42.24,43.19,39.35,40.83,28781
20081206,000000,40.82,40.84,39.74,39.74,172
20081208,000000,40.48,44.25,40.48,44.05,24711
20081209,000000,43.97,44.63,41.3,41.65,25904
20081210,000000,41.68,45.23,40.92,42.88,32268
20081211,000000,42.56,51.02,42.38,49.94,23941
20081212,000000,49.7,49.96,45.91,49.1,31685
20081213,000000,49.23,49.45,49.23,49.45,5
20081215,000000,48.31,52.65,46.74,47.43,41600
20081216,000000,47.45,49.22,45.68,46.72,39556
20081217,000000,47.05,48.9,45.3,45.82,35537
20081218,000000,45.71,46.68,43.2,44.18,28637
20081219,000000,44.1,45.14,43.03,44.47,26299
20081220,000000,44.49,44.49,44.42,44.42,3
20081222,000000,44.65,44.77,41.19,41.19,30312
20081223,000000,41.09,42.02,39.2,40.29,27444
20081224,000000,40.28,40.6,36.2,36.49,22812
20081226,000000,36.58,38.74,36.58,38.66,4668
20081227,000000,38.48,38.48,38.44,38.44,50
20081229,000000,39.78,43.18,38.16,40.67,31362
20081230,000000,40.64,40.92,38.58,40.36,26841
20081231,000000,40.42,46.26,38.1,45.59,30600
20090102,000000,43.85,47.33,41.6,46.99,36976
20090103,000000,46.99,47.2,46.99,47.04,8
20090105,000000,48.24,50.05,46.31,49.41,33798
20090106,000000,49.62,52.19,48.6,50.46,39620
20090107,000000,50.55,51.4,45.69,45.77,39797
20090108,000000,45.75,47.36,43.75,45.58,37528
20090109,000000,45.58,45.69,42.8,44.66,26814
20090110,000000,47.11,47.11,47,47,6
20090112,000000,47.48,47.48,44.84,45.81,17732
20090113,000000,45.93,48.14,44.49,47.82,28495
20090114,000000,47.8,48.58,46.2,47.76,27041
20090115,000000,47.73,49.57,45.05,47.1,32803
20090116,000000,47.26,49.12,45.97,46.32,31698
20090117,000000,46.22,46.22,46.18,46.18,4
20090119,000000,46.3,46.5,43.8,44.67,31237
20090120,000000,44.1,45.64,42.96,44,34024
20090121,000000,43.77,45.44,42.85,45.26,23224
20090122,000000,45.31,46.64,43.42,44.26,30921
20090123,000000,44.31,48.6,43.9,47.5,25197
20090124,000000,47.5,47.53,47.25,47.46,31
20090126,000000,47.46,49.62,46.67,46.92,31847
20090127,000000,46.99,48.4,43.55,44.23,37971
20090128,000000,44.13,46.18,43.76,44.78,33927
20090129,000000,44.9,46.06,44,45.33,33462
20090130,000000,45.34,47.75,45.1,45.75,34417
20090131,000000,45.93,45.93,45.76,45.93,25
20090202,000000,46.06,46.56,43.77,44.39,28345
20090203,000000,44.3,44.92,43.84,44.35,20948
20090204,000000,44.27,45.1,43.72,44.2,23974
20090205,000000,44.14,46.58,44.05,46.31,19397
20090206,000000,46.32,47.48,44.22,46.31,25384
20090207,000000,46.28,46.4,46.22,46.4,8
20090209,000000,46.06,47.76,45.54,46.44,13100
20090210,000000,47.97,49.6,45.73,45.85,26303
20090211,000000,45.91,46.87,45,45.48,24495
20090212,000000,45.43,46.5,45.03,46.4,25388
20090213,000000,46.33,46.5,44.37,44.68,23427
20090214,000000,44.81,45,44.81,45,4
20090216,000000,44.3,45.5,43.15,43.87,18188
20090217,000000,44,44,40.64,40.64,25701
20090218,000000,40.72,41.77,39.35,39.58,22023
20090219,000000,39.58,42.17,39.57,41.86,28361
20090220,000000,41.86,42.1,39.78,41.81,26955
20090221,000000,41.76,41.86,41.76,41.83,21
20090223,000000,41.66,43.45,40.31,40.7,32463
20090224,000000,40.58,42.6,40.43,42.35,26055
20090225,000000,42.31,44.5,41.85,44.07,29922
20090226,000000,44.2,46.6,44,46.09,22947
20090227,000000,46.11,46.48,44.55,46.1,22465
20090228,000000,45.95,45.95,45.65,45.84,89
20090302,000000,45.56,45.65,41.97,42.21,30082
20090303,000000,41.91,44.1,41.6,43.41,28571
20090304,000000,43.6,46.5,43.1,45.9,28292
20090305,000000,45.84,46.42,42.9,43.57,21364
20090306,000000,43.74,45,43.06,44.87,15854
20090307,000000,45.08,45.23,44.59,44.59,65
20090309,000000,45.42,45.71,43.07,44.27,25296
20090310,000000,45.72,46.98,44.9,45.18,13236
20090311,000000,44.91,45.62,42.46,43,13612
20090312,000000,43.16,46.59,42.58,46,14393
20090313,000000,45.99,47.35,45.13,45.65,20012
20090316,000000,45.23,46.73,43.48,46.21,25495
20090317,000000,46.08,48.64,45.22,48,25681
20090318,000000,47.99,48.9,46.06,48.79,21981
20090319,000000,48.8,51.64,48.16,50.11,27051
20090320,000000,50.38,51.67,49.74,51.4,17276
20090321,000000,51.49,51.49,51.4,51.4,6
20090323,000000,51.3,53.8,51.14,53.5,19166
20090324,000000,53.5,53.59,52.47,52.82,22690
20090325,000000,53.01,53.39,51.18,51.78,19019
20090326,000000,51.88,53.8,51.85,53.1,16206
20090327,000000,53.31,53.42,51.17,51.6,18610
20090328,000000,51.6,51.6,51.6,51.6,6
20090330,000000,51.5,51.6,47.69,48.18,24827
20090331,000000,48.09,49.81,47.48,48.68,28453
20090401,000000,48.65,48.78,47.27,48.53,14062
20090402,000000,48.51,53.05,48.44,52.5,29596
20090403,000000,52.67,54.26,51.48,53.32,29561
20090404,000000,53.41,53.63,53.36,53.55,125
20090406,000000,53.5,54.31,51.16,52.27,36125
20090407,000000,52.33,53.18,50.92,51.23,30893
20090408,000000,51.2,53.58,49.8,52.05,34108
20090409,000000,52.05,54.26,51.85,54,19351
20090410,000000,54.09,55.13,54.09,55.02,13
20090413,000000,54.9,55.01,51.77,53,15463
20090414,000000,52.9,54.44,52.14,52.72,36432
20090415,000000,52.61,53.8,52,53.06,33724
20090416,000000,53.06,53.9,52.53,52.99,29855
20090417,000000,53.04,53.96,52.63,53.31,27018
20090418,000000,53.41,53.41,53.3,53.3,11
20090420,000000,53.06,53.06,49.6,49.88,48893
20090421,000000,49.79,50.63,48.31,49.95,37730
20090422,000000,49.93,50.44,48.86,49.74,30363
20090423,000000,49.73,50.51,49.25,50.09,26913
20090424,000000,50.14,52.09,49.5,51.63,37394
20090425,000000,51.63,51.69,51.59,51.59,9
20090427,000000,51.04,51.19,48.4,50.34,50619
20090428,000000,50.37,50.42,48.88,49.7,33898
20090429,000000,49.74,51.23,49.25,50.72,34736
20090430,000000,50.72,51.39,50,50.64,38491
20090501,000000,50.68,53.05,49.96,52.4,28309
20090502,000000,52.5,52.65,52.36,52.65,37
20090504,000000,52.6,54.76,52.36,54.69,56265
20090505,000000,54.69,54.91,53.64,54.23,155788
20090506,000000,54.23,56.29,53.86,56.23,47076
20090507,000000,56.21,58.2,55.44,56.18,38093
20090508,000000,56.14,58.29,55.8,58.05,27947
20090509,000000,58,58.21,58,58.21,50
20090511,000000,58.86,59.01,57.22,58.07,19889
20090512,000000,58.07,59.68,57.79,58.78,24763
20090513,000000,58.77,59.85,57.64,58.09,32605
20090514,000000,58.1,58.92,56.73,58.33,39807
20090515,000000,58.38,58.91,55.85,56.25,42843
20090516,000000,56.18,56.18,56.04,56.1,14
20090518,000000,56.18,58.86,55.91,58.71,45588
20090519,000000,58.68,59.64,57.69,58.86,38525
20090520,000000,58.74,60.8,58.73,60.44,36611
20090521,000000,60.38,60.68,58.84,59.91,37881
20090522,000000,59.92,60.94,59.61,60.69,33241
20090523,000000,60.57,60.63,60.55,60.63,14
20090525,000000,61.06,61.08,59.85,60.21,6297
20090526,000000,60.3,61.3,58.41,61.04,45327
20090527,000000,61.18,62.74,60.99,62.2,36824
20090528,000000,62.17,64.68,61.78,63.9,34486
20090529,000000,64,65.7,63.96,65.64,37421
20090530,000000,65.68,65.8,65.6,65.8,170
20090601,000000,66,68.03,66,67.85,35041
20090602,000000,67.59,68.54,67.05,68.34,37308
20090603,000000,68.29,68.65,64.91,66,42403
20090604,000000,66,69.5,65.75,68.71,45283
20090605,000000,68.66,69.91,67.39,68.28,35560
20090606,000000,68.35,68.5,68.32,68.5,15
20090608,000000,67.8,68.76,66.88,68.36,30209
20090609,000000,68.39,69.75,68.24,69.48,31106
20090610,000000,69.45,71.8,69.41,71.32,10099
20090611,000000,71.35,72.99,71.3,72.32,17421
20090612,000000,72.23,72.35,70.76,71.7,26896
20090613,000000,71.74,71.87,71.17,71.75,104
20090615,000000,71.86,71.97,69.34,70.3,37059
20090616,000000,70.27,72.4,69.55,70.39,45041
20090617,000000,70.33,71.12,69.03,70.69,41012
20090618,000000,70.6,71.49,69.95,70.98,40759
20090619,000000,70.9,71.96,68.67,69.41,41039
20090620,000000,69.47,69.47,69.3,69.3,23
20090622,000000,69.48,69.62,66.12,66.67,58717
20090623,000000,66.54,69.25,65.9,68.78,51737
20090624,000000,68.69,69.31,67.58,68.24,45368
20090625,000000,68.25,70.51,68.05,69.82,43832
20090626,000000,69.82,70.81,68.5,69.1,48614
20090627,000000,69.03,69.15,69.03,69.15,43
20090629,000000,68.92,71.42,68.1,70.98,45388
20090630,000000,70.98,73.5,68.4,69.42,74945
20090701,000000,69.55,71.3,68.08,68.72,55117
20090702,000000,68.71,69.19,66.34,66.5,46622
20090703,000000,66.4,67.13,65.25,65.43,21657
20090706,000000,65.2,65.46,63.26,64.15,41040
20090707,000000,64.22,64.88,62.7,62.73,43548
20090708,000000,62.71,63.13,60.31,60.55,33327
20090709,000000,60.49,62.16,59.76,61.1,39989
20090710,000000,61.14,61.65,59.67,60.66,22214
20090711,000000,60.61,60.61,60.42,60.42,6
20090713,000000,60.94,61.64,59.53,60.9,30646
20090714,000000,60.89,62.2,60.5,60.72,36500
20090715,000000,60.73,63.94,60.5,63.8,44127
20090716,000000,63.75,63.93,62.51,63.65,44542
20090717,000000,63.72,65.93,62.81,65.23,45424
20090718,000000,65.23,65.33,65.12,65.33,34
20090720,000000,65.15,66.76,65.15,66.48,42803
20090721,000000,66.52,67.91,65.69,66.97,41258
20090722,000000,66.97,67.48,65.5,67.27,42563
20090723,000000,67.34,69.78,66.7,69.3,40469
20090724,000000,69.26,70.4,68.69,70.26,40494
20090725,000000,70.32,70.46,70.28,70.32,165
20090727,000000,70.06,71.28,69.96,70.72,40656
20090728,000000,70.68,71.36,69.08,69.92,42167
20090729,000000,69.98,69.99,66.14,66.26,57123
20090730,000000,66.3,70.35,66.24,69.8,53175
20090731,000000,69.77,72.11,68.06,71.52,55763
20090801,000000,71.46,71.59,71.35,71.59,76
20090803,000000,71.5,73.92,71.5,73.41,42880
20090804,000000,73.47,74.36,72.24,74.19,38321
20090805,000000,74.31,75.62,73.2,75.35,38675
20090806,000000,75.36,76,74.01,74.8,37010
20090807,000000,74.69,75.55,73.13,73.54,35407
20090808,000000,73.62,73.64,73.13,73.19,47
20090810,000000,73.66,74.71,73.52,74.3,16725
20090811,000000,74.3,74.66,72.41,72.81,27783
20090812,000000,72.83,74,72.18,73.4,25583
20090813,000000,73.42,75.15,73.4,74.35,44764
20090814,000000,74.46,75,71.18,71.59,58405
20090815,000000,71.55,71.68,71.47,71.47,109
20090817,000000,71.44,71.44,69.21,70.38,53349
20090818,000000,70.43,72.81,69.46,72.39,55267
20090819,000000,72.4,74.9,71.17,74.37,56155
20090820,000000,74.31,74.78,73.1,73.3,41626
20090821,000000,73.26,74.97,72.65,74.24,41398
20090822,000000,74.15,74.32,74.07,74.08,90
20090824,000000,74.19,74.75,73.82,73.93,31063
20090825,000000,73.91,74.23,71.04,71.64,49811
20090826,000000,71.63,72.48,70.65,71.6,49982
20090827,000000,71.63,72.8,70.42,72.78,42652
20090828,000000,72.84,73.35,71.9,72.79,47780
20090829,000000,72.84,72.88,72.77,72.87,11
20090831,000000,72.79,72.95,68.85,69.32,46538
20090901,000000,69.34,71.04,67.61,67.92,43725
20090902,000000,67.8,68.55,66.79,67.53,47588
20090903,000000,67.52,68.7,66.95,67.29,45152
20090904,000000,67.27,67.67,65.96,66.59,39298
20090905,000000,66.62,66.62,66.55,66.56,18
20090907,000000,66.69,68.05,66.38,66.79,27341
20090908,000000,66.86,70.1,66.8,69.61,59533
20090909,000000,69.69,70.84,69.09,69.8,43505
20090910,000000,69.8,71.43,69.8,70.96,16500
20090911,000000,70.92,71.6,67.87,68.5,30341
20090912,000000,68.36,68.47,68.36,68.47,13
20090914,000000,68.51,68.81,67.48,68.37,33446
20090915,000000,68.36,70,67.52,69.67,50887
20090916,000000,69.82,71.72,69.01,71.46,45326
20090917,000000,71.42,72.2,70.92,71.56,43526
20090918,000000,71.49,71.77,70.51,71.08,39677
20090919,000000,71.03,71.1,70.98,71.1,53
20090921,000000,71.15,71.45,68.07,68.5,60699
20090922,000000,68.51,70.75,68.4,70.57,50548
20090923,000000,70.63,70.66,67.39,67.39,54879
20090924,000000,67.41,67.98,64.58,64.94,64314
20090925,000000,64.97,65.8,64.08,65.11,49721
20090926,000000,65.11,65.19,65.11,65.15,21
20090928,000000,64.6,66.29,64.49,65.65,38644
20090929,000000,65.75,66,64.66,65.32,45374
20090930,000000,65.38,69.34,65.01,68.92,67963
20091001,000000,68.95,69.79,67.61,68.97,58748
20091002,000000,68.81,68.86,66.74,67.74,42779
20091003,000000,67.8,67.8,67.68,67.68,75
20091005,000000,67.44,68.69,65.91,67.99,54845
20091006,000000,67.96,69.74,67.66,68.73,50270
20091007,000000,68.7,69.45,66.65,67.57,50286
20091008,000000,67.59,70.48,67.08,69.35,50992
20091009,000000,69.4,70.5,68.85,70.5,46321
20091010,000000,70.49,71.27,70.46,70.97,61
20091012,000000,71.28,72.69,70.99,71.92,32856
20091013,000000,71.94,73.46,71.53,73,40980
20091014,000000,73.01,74.04,72.94,73.91,48641
20091015,000000,73.88,76.55,73.55,76.14,64577
20091016,000000,76.14,77.19,75.41,77.07,48689
20091017,000000,77.08,77.22,77.01,77.14,103
20091019,000000,77,77.87,76.51,77.47,45526
20091020,000000,77.47,78.14,76.46,77.14,52459
20091021,000000,77.13,80.26,76.04,79.22,66888
20091022,000000,79.32,79.93,78.3,79.55,52702
20091023,000000,79.52,80.15,78.28,78.42,45832
20091024,000000,78.4,78.46,78.05,78.16,339
20091026,000000,78.49,80.1,76.64,77.03,48453
20091027,000000,77.09,78.45,76.46,77.86,52483
20091028,000000,77.86,78.1,75.64,75.66,39815
20091029,000000,75.65,78.63,75.57,78.08,55110
20091030,000000,78.12,78.23,75.13,75.25,43105
20091031,000000,75.24,75.25,75.09,75.09,69
20091102,000000,75.23,77.07,74.98,76.63,54448
20091103,000000,76.59,78.32,75.08,77.96,52639
20091104,000000,78,79.44,77.67,78.6,47904
20091105,000000,78.65,78.98,77.8,78.2,40039
20091106,000000,78.18,78.81,75.25,76.12,56010
20091107,000000,76.08,76.15,76.02,76.05,122
20091109,000000,76.26,78.52,76.26,77.59,51335
20091110,000000,77.59,79.7,77.15,78.37,27285
20091111,000000,78.4,79.35,77.84,78.65,36548
20091112,000000,78.66,79.04,76.32,76.55,42764
20091113,000000,76.58,77.64,75.55,76.4,68548
20091114,000000,76.32,76.46,76.26,76.46,46
20091116,000000,76.8,79.27,76.57,78.66,63167
20091117,000000,78.69,79.56,78.02,79.12,60959
20091118,000000,79.12,80.14,78.67,79.55,65940
20091119,000000,79.55,79.79,77.2,77.85,67260
20091120,000000,77.85,78.15,76.5,77.48,67074
20091121,000000,77.56,77.6,77.35,77.6,36
20091123,000000,77.64,79.57,77.12,77.64,76940
20091124,000000,77.63,77.84,76.05,76.67,71903
20091125,000000,76.67,78.63,76.31,78.46,71234
20091126,000000,78.47,78.47,76.95,77.05,39081
20091127,000000,77.1,77.37,73.7,77.12,77488
20091130,000000,77.47,79.3,76.4,78.36,68018
20091201,000000,78.32,79.91,78.25,79.11,51992
20091202,000000,79.1,79.67,77.48,77.97,47480
20091203,000000,77.99,78.95,77.43,78,52128
20091204,000000,77.95,79.76,76.95,77.68,48512
20091205,000000,77.73,77.81,77.73,77.74,12
20091207,000000,78,78.25,76.3,76.53,51307
20091208,000000,76.56,77.02,75.1,75.33,59504
20091209,000000,75.32,76.19,72.02,72.57,74955
20091210,000000,72.53,74.1,72.06,72.79,22244
20091211,000000,72.85,73.44,71.85,72.58,18916
20091212,000000,72.55,72.55,72.42,72.48,10
20091214,000000,72.45,73.17,71.96,72.83,24345
20091215,000000,72.74,73.62,72.38,72.91,34658
20091216,000000,72.95,74.97,72.84,74.4,60166
20091217,000000,74.37,74.78,72.35,73.05,49032
20091218,000000,73.05,74.84,72.76,73.64,58308
20091219,000000,73.67,73.95,73.67,73.88,49
20091221,000000,73.79,74.64,72.48,72.65,41732
20091222,000000,72.61,74,71.98,73.1,50361
20091223,000000,73.08,75.66,73.03,75.31,53662
20091224,000000,75.35,76.5,74.71,76.1,32936
20091228,000000,76.3,77.42,76.2,77.32,25811
20091229,000000,77.31,78.03,76.8,77.55,36596
20091230,000000,77.55,78.65,77.51,78.17,38383
20091231,000000,78.14,78.94,77.77,77.93,28591
<DATE>,<TIME>,<OPEN>,<HIGH>,<LOW>,<CLOSE>,<VOL>
20100104,000000,78.41,80.34,78.34,80.24,47103
20100105,000000,80.22,80.84,79.75,80.71,44830
20100106,000000,80.75,82.2,79.78,81.82,49453
20100107,000000,81.78,82.06,81.05,81.47,36568
20100108,000000,81.46,82.04,80.59,81.46,42240
20100109,000000,81.54,81.55,81.43,81.43,77
20100111,000000,82.17,82.95,81.09,81.29,23094
20100112,000000,81.06,81.4,79.28,79.63,35263
20100113,000000,79.6,79.69,77.57,78.8,54102
20100114,000000,78.8,79.45,77.94,78.42,58472
20100115,000000,78.31,78.43,76.81,77.15,50603
20100116,000000,77.1,77.2,77.1,77.2,177
20100118,000000,76.9,77.59,76.39,77.08,33423
20100119,000000,77.12,77.85,75.38,77.72,85722
20100120,000000,77.75,77.76,75.75,75.86,53632
20100121,000000,75.88,76.75,74.23,74.62,50216
20100122,000000,74.62,75.15,72.39,72.42,55550
20100123,000000,72.39,72.5,72.33,72.38,102
20100125,000000,72.56,73.8,72.48,73.58,50219
20100126,000000,73.55,73.72,72.45,73.14,50591
20100127,000000,73.07,73.7,71.28,72.28,51814
20100128,000000,72.28,73.11,71.52,72.26,47623
20100129,000000,72.26,73.28,71.02,71.37,51464
20100130,000000,71.34,71.34,71.18,71.18,56
20100201,000000,71.42,73.61,71.13,73.61,45946
20100202,000000,73.58,76.16,73,76.16,68921
20100203,000000,76.12,76.99,75.46,75.85,62545
20100204,000000,75.82,75.95,71.43,71.86,65116
20100205,000000,71.88,72.52,67.88,70.28,67894
20100206,000000,70.23,70.32,70.14,70.3,130
20100208,000000,70.36,70.82,69.24,69.88,55998
20100209,000000,69.93,72.47,69.61,72.16,48427
20100210,000000,72.24,73.57,71.35,73.13,41153
20100211,000000,73.07,74.4,72.26,73.94,60938
20100212,000000,73.88,74.18,71.65,73.1,54174
20100213,000000,73.08,73.1,72.9,72.9,88
20100215,000000,73.05,73.15,72.29,72.63,20808
20100216,000000,72.55,76,72.55,75.74,76506
20100217,000000,75.79,76.48,75.42,76.43,52130
20100218,000000,76.41,77.88,75.27,77.86,56737
20100219,000000,77.81,78.35,76.45,78.35,62805
20100220,000000,78.33,78.45,78.28,78.45,144
20100222,000000,78.56,78.94,77.86,78.37,44287
20100223,000000,78.4,78.64,76.57,77.37,62155
20100224,000000,77.35,78.5,76.63,78.5,54589
20100225,000000,77.74,78.42,75.3,76.45,59629
20100226,000000,76.45,77.95,75.91,77.65,53612
20100301,000000,78.09,78.47,76.21,77.07,53704
20100302,000000,77.05,79.25,76.55,78.24,57133
20100303,000000,78.27,79.56,77.88,79.5,44421
20100304,000000,79.32,79.42,78.17,79.02,44494
20100305,000000,78.93,80.53,78.8,80.08,41594
20100308,000000,80.22,80.92,79.45,80.44,42837
20100309,000000,80.26,80.4,78.7,79.72,49344
20100310,000000,80.07,81.7,79.55,80.58,26285
20100311,000000,80.66,81.03,80.04,80.9,21944
20100312,000000,80.91,81.79,79.27,79.94,37499
20100313,000000,79.88,79.98,79.88,79.98,16
20100315,000000,79.89,80.13,77.95,78.78,53798
20100316,000000,78.78,80.98,78.13,80.81,64527
20100317,000000,80.79,82.08,80.53,81.8,50209
20100318,000000,81.8,81.99,80.9,81.4,45600
20100319,000000,81.45,81.48,79.2,79.79,56913
20100320,000000,79.9,79.9,79.8,79.8,9
20100322,000000,79.56,80.8,78,80.79,70181
20100323,000000,80.76,81.17,79.85,80.49,50650
20100324,000000,80.42,80.51,78.91,79.36,57702
20100325,000000,79.35,80.46,79.2,79.3,48260
20100326,000000,79.3,80.68,78.77,79.41,53568
20100327,000000,79.33,79.36,79.32,79.36,3
20100329,000000,79.5,81.89,79.49,81.47,55131
20100330,000000,81.49,81.78,80.73,81.34,41120
20100331,000000,81.37,82.82,81.1,82.17,56780
20100401,000000,82.26,84.33,82.2,84.22,54918
20100402,000000,84.26,84.5,84.23,84.42,186
20100405,000000,84.47,86.08,84.05,85.97,29300
20100406,000000,86.02,86.63,85.35,86.11,56213
20100407,000000,86.13,86.47,85.17,85.37,51763
20100408,000000,85.29,85.55,84.2,85.07,58796
20100409,000000,85.06,85.94,83.95,84.78,45969
20100410,000000,84.84,85.73,84.81,85.73,11
20100412,000000,85,86.54,85,85.64,35314
20100413,000000,85.63,85.94,84.46,85.53,46386
20100414,000000,85.57,87.36,85.26,86.94,54672
20100415,000000,86.96,87.96,86.75,87.64,61454
20100416,000000,87.69,87.71,85.15,85.89,51166
20100417,000000,85.82,85.99,85.66,85.66,65
20100419,000000,85.62,85.62,83.25,84.5,84354
20100420,000000,84.49,85.5,84.39,84.77,65033
20100421,000000,84.75,86.16,84.6,85.93,69025
20100422,000000,85.85,86.3,84.17,85.75,81097
20100423,000000,85.75,87.33,85.21,87.24,54869
20100424,000000,87.28,87.28,87.2,87.21,18
20100426,000000,87.43,87.75,86.46,86.73,52297
20100427,000000,86.73,87.13,85.3,85.33,51111
20100428,000000,85.3,86.27,84.88,85.97,56535
20100429,000000,86.08,87.66,85.88,86.95,59044
20100430,000000,86.95,87.71,86.75,87.35,41864
20100501,000000,87.26,87.47,87.26,87.47,68
20100503,000000,87.24,89.58,87.17,88.96,35860
20100504,000000,89.02,89.05,85.48,85.55,60799
20100505,000000,85.54,85.95,82.13,82.51,71881
20100506,000000,82.44,82.98,77.51,79.57,61532
20100507,000000,79.56,80.65,77.59,78.57,56231
20100508,000000,78.44,78.58,78.42,78.58,46
20100510,000000,80.05,82.83,79.88,81.69,34736
20100511,000000,81.6,82.16,80.08,81.65,27838
20100512,000000,81.56,82.86,81.1,82.47,25676
20100513,000000,82.45,82.94,81.15,81.15,47858
20100514,000000,81.12,81.38,77.58,78.11,75671
20100515,000000,78.16,78.5,78.1,78.5,327
20100517,000000,78.05,78.47,74.77,75.53,72154
20100518,000000,75.54,76.6,74.01,74.58,112042
20100519,000000,74.58,74.58,72.72,73.88,110691
20100520,000000,73.89,74.23,70.2,71.14,74070
20100521,000000,71.12,72.8,70.56,71.8,115016
20100522,000000,71.75,72.11,71.72,72.11,70
20100524,000000,71.8,72.26,70.89,71.11,69684
20100525,000000,71.1,71.12,68.15,69.96,106001
20100526,000000,70,72.08,69.69,71.41,93367
20100527,000000,71.41,74.83,71.08,74.82,88554
20100528,000000,74.8,75.74,73.28,74.12,81270
20100529,000000,74.1,74.2,74.09,74.2,69
20100531,000000,74.02,74.72,74.02,74.6,8957
20100601,000000,74.9,75.39,71.51,72.31,108142
20100602,000000,72.3,74.59,71.97,74.45,88419
20100603,000000,74.41,75.58,73.79,75.4,85126
20100604,000000,75.43,76.55,71.48,71.74,102786
20100605,000000,71.76,71.84,71.52,71.66,79
20100607,000000,71.45,72.95,70.5,71.63,80442
20100608,000000,71.63,72.7,71.26,72.39,74608
20100609,000000,72.35,74.75,72.01,73.92,71341
20100610,000000,73.9,76.53,73.6,76.32,33441
20100611,000000,76.38,76.45,74.41,75.52,41010
20100612,000000,75.53,75.59,75.53,75.59,8
20100614,000000,75.27,76.87,74.8,75.31,58211
20100615,000000,75.38,77.32,75.06,77.31,87897
20100616,000000,77.27,78.56,76.6,78.07,85453
20100617,000000,78.05,79.1,77.64,78.68,87415
20100618,000000,78.65,78.86,77.25,78.4,67897
20100619,000000,78.39,78.42,78.29,78.42,36
20100621,000000,78.85,79.86,77.73,78.46,74135
20100622,000000,78.49,79.12,77.56,77.85,69941
20100623,000000,77.85,78.18,75.68,75.8,88016
20100624,000000,75.8,76.5,75.4,76.26,65208
20100625,000000,76.25,78.5,75.72,78.45,83114
20100626,000000,78.41,78.5,78.41,78.41,47
20100628,000000,78.18,78.66,77.06,77.42,57727
20100629,000000,77.41,77.75,74.82,75.07,91717
20100630,000000,75.14,76.25,74.02,74.66,91831
20100701,000000,74.65,74.77,71.5,72.17,104443
20100702,000000,72.17,72.83,71.21,71.76,69531
20100703,000000,71.84,71.93,71.6,71.93,93
20100705,000000,71.89,72.28,71.06,71.5,25307
20100706,000000,71.47,73.28,70.77,71.75,75892
20100707,000000,71.77,73.95,70.88,73.94,73885
20100708,000000,73.87,75.21,73.71,75.2,65601
20100709,000000,75.19,75.86,74.41,75.5,50384
20100710,000000,75.76,75.78,75.01,75.16,83
20100712,000000,75.19,75.9,74.04,74.37,37185
20100713,000000,74.39,76.99,73.73,76.77,61800
20100714,000000,76.81,77.7,76.07,76.54,60280
20100715,000000,76.54,77.25,74.99,76.29,85255
20100716,000000,76.24,76.48,74.64,75.34,69411
20100717,000000,75.37,75.38,75.2,75.35,31
20100719,000000,75.13,77.2,74.77,75.61,82624
20100720,000000,75.6,76.5,74.75,76.44,75083
20100721,000000,76.41,77.2,75.06,75.19,80158
20100722,000000,75.19,77.92,74.91,77.59,90463
20100723,000000,77.59,78.1,76.92,77.63,66803
20100724,000000,77.58,77.63,77.34,77.34,114
20100726,000000,77.45,77.91,76.54,77.51,58202
20100727,000000,77.51,78.25,75.48,75.6,88231
20100728,000000,75.86,76.4,74.8,76,81657
20100729,000000,75.98,78.16,75.6,77.35,93781
20100730,000000,77.42,78.31,76.2,78.26,67997
20100802,000000,78.18,81.2,78.17,81.05,84759
20100803,000000,81.05,82.8,80.64,82.7,80406
20100804,000000,82.52,82.86,81.6,82.1,69522
20100805,000000,82.2,82.28,81.05,81.73,59574
20100806,000000,81.61,82.17,79.56,80.36,76865
20100809,000000,80.35,81.38,80.26,81.14,51166
20100810,000000,81,81.13,78.96,79.97,38728
20100811,000000,79.99,80.1,77.66,77.67,35316
20100812,000000,77.67,78,75.64,75.88,57468
20100813,000000,75.85,76.79,75.08,75.74,56982
20100814,000000,75.73,75.8,75.2,75.2,109
20100816,000000,75.72,76.15,75,75.52,62593
20100817,000000,75.55,77.69,75.31,76.89,74019
20100818,000000,76.85,76.96,75.3,76.3,76069
20100819,000000,76.28,77.17,75,75.38,79444
20100820,000000,75.35,75.77,74,74.43,67942
20100821,000000,74.42,74.52,74.3,74.33,74
20100823,000000,74.48,74.9,73.25,73.47,73186
20100824,000000,73.47,73.66,72.12,72.18,89699
20100825,000000,72.28,73.75,71.75,73.72,98314
20100826,000000,73.74,75.55,73.38,74.88,98095
20100827,000000,74.87,76.88,74.39,76.87,102215
20100828,000000,76.87,76.93,76.84,76.93,254
20100830,000000,76.66,77.05,75.91,76.2,41588
20100831,000000,76.18,76.8,74.24,74.42,94922
20100901,000000,74.49,76.76,74.37,76.37,81357
20100902,000000,76.38,77.14,75.21,76.89,81022
20100903,000000,76.86,77.46,75.33,76.57,86573
20100904,000000,76.48,76.62,76.45,76.62,25
20100906,000000,76.56,77.18,76.18,76.87,30166
20100907,000000,76.99,78.32,75.56,77.26,99142
20100908,000000,77.26,78.85,76.78,77.93,71899
20100909,000000,77.97,78.82,77.09,77.21,60797
20100910,000000,77.21,78.5,77,78.41,36538
20100911,000000,78.39,78.39,78.35,78.36,55
20100913,000000,78.4,79.48,78.23,79.19,51387
20100914,000000,79.14,79.91,78.47,79.1,68644
20100915,000000,79.1,79.54,78.5,79.2,84873
20100916,000000,79.13,79.64,77.87,78.47,75252
20100917,000000,78.46,79.47,77.25,77.97,83462
20100920,000000,78.16,79.92,77.63,79.36,80726
20100921,000000,79.25,80,78,78.1,75913
20100922,000000,78.2,78.84,77.5,77.98,86539
20100923,000000,77.93,78.48,76.75,77.93,95504
20100924,000000,78,79.4,77.69,78.8,80379
20100927,000000,79.01,79.2,77.6,78.14,78127
20100928,000000,78.33,79.53,77.74,78.85,89624
20100929,000000,78.88,80.93,78.34,80.67,102712
20100930,000000,80.79,82.4,80.41,82.11,95499
20101001,000000,82.21,83.81,82.21,83.81,76945
20101004,000000,83.7,84.41,82.9,83.3,73072
20101005,000000,83.19,84.93,82.93,84.65,72597
20101006,000000,84.78,85.88,84.26,85.3,76631
20101007,000000,85.3,86.02,82.93,83.11,90305
20101008,000000,83.03,84.59,81.86,84.19,85995
20101011,000000,84.33,84.68,83.3,83.46,36611
20101012,000000,83.41,84,82.48,83.39,51496
20101013,000000,83.46,84.98,83.46,84.84,29918
20101014,000000,84.75,85.75,83.72,84.02,81968
20101015,000000,84.02,84.5,81.95,82.76,98695
20101018,000000,82.52,84.5,81.53,84.34,95588
20101019,000000,84.36,84.45,80.76,80.89,130320
20101020,000000,80.92,83.7,80.75,83.65,112014
20101021,000000,83.69,83.88,81.45,82.04,117536
20101022,000000,82.05,83.25,81.83,82.9,82613
20101025,000000,82.97,84.2,82.7,83.38,114110
20101026,000000,83.3,83.89,82.96,83.5,80443
20101027,000000,83.59,83.67,81.85,83.34,107727
20101028,000000,83.35,83.85,82.97,83.55,80456
20101029,000000,83.47,83.59,82.21,83.14,100477
20101101,000000,83.2,85.54,83.14,84.59,98396
20101102,000000,84.62,85.89,84.53,85.65,71606
20101103,000000,85.88,86.89,85.24,86.57,90877
20101104,000000,86.75,88.29,86.63,88.13,77816
20101105,000000,88.28,88.8,87.31,88.47,62276
20101108,000000,88.61,88.72,87.3,88.22,62895
20101109,000000,88.04,89.02,87.17,87.97,73995
20101110,000000,88.05,89.32,87.73,89,87384
20101111,000000,89.16,89.7,88.62,88.72,55216
20101112,000000,88.69,88.74,86.06,86.21,104252
20101115,000000,86.6,87.49,86.36,86.54,76227
20101116,000000,86.5,86.71,84.5,84.75,111268
20101117,000000,84.7,85.06,82.96,83.16,109417
20101118,000000,83.5,85.5,83.5,85.35,92384
20101119,000000,85.2,86.15,83.87,84.13,107067
20101122,000000,84.71,85.45,83.11,83.73,85031
20101123,000000,83.75,84,82.43,83,98107
20101124,000000,83.3,86.25,83.3,86.21,105185
20101125,000000,85.83,86.5,85.4,85.91,34854
20101126,000000,85.89,85.95,84.75,85.8,65943
20101129,000000,85.95,87.55,85.5,87.45,97745
20101130,000000,87.55,87.55,85.43,85.45,91091
20101201,000000,85.71,89.02,85.41,88.92,94959
20101202,000000,88.81,90.84,88.41,90.64,84600
20101203,000000,90.47,91.85,90.1,91.68,83782
20101206,000000,91.68,92.03,90.86,90.99,62170
20101207,000000,90.97,92.86,90.71,90.9,81947
20101208,000000,90.85,91.73,90.15,91.18,73157
20101209,000000,91.27,91.64,90.27,90.97,63476
20101210,000000,91.06,91.72,90.02,90.73,29263
20101213,000000,91.42,92.44,90.76,90.95,42543
20101214,000000,91.24,91.94,90.87,91.48,45331
20101215,000000,91.25,92.46,90.41,91.9,78981
20101216,000000,92.04,92.25,91.52,91.81,67060
20101217,000000,91.89,92.39,90.9,91.75,61106
20101220,000000,91.95,92.9,91.02,92.6,59601
20101221,000000,92.7,93.5,92.35,93.5,54911
20101222,000000,93.48,93.94,93.25,93.8,51450
20101223,000000,93.8,94.54,93.28,94.32,42708
20101224,000000,94.45,94.74,93.18,93.46,14666
20101227,000000,93.6,94.52,93.08,93.71,20298
20101228,000000,93.81,94.42,93.66,94.21,20148
20101229,000000,94.34,94.38,93.62,94.03,39696
20101230,000000,94.18,94.42,92.34,92.71,55743
20101231,000000,92.87,95.2,92.18,94.59,40304
20110103,000000,94.55,96.17,94.52,94.85,42321
20110105,000000,93.22,95.86,92.37,95.54,99993
20110106,000000,95.54,96.12,94.01,94.43,88726
20110107,000000,94.38,94.58,92.59,93.72,74411
20110110,000000,94.32,95.88,93.6,95.66,75027
20110111,000000,95.63,97.82,95.08,97.51,60444
20110112,000000,97.64,98.85,97.28,98.33,47392
20110113,000000,98.22,98.67,97.3,98.4,23822
20110114,000000,98.44,99.2,97.74,98.68,5821
20110117,000000,98.42,98.75,97.4,97.6,32875
20110118,000000,97.4,98.37,96.6,97.53,86840
20110119,000000,97.75,98.6,97.55,97.95,76339
20110120,000000,97.88,98.12,95.43,96.42,111494
20110121,000000,96.34,97.86,96.26,97.59,79472
20110124,000000,97.59,98.17,96.23,96.52,88029
20110125,000000,96.39,96.68,94.75,95.27,115507
20110126,000000,95.39,98.34,95.29,98.2,106012
20110127,000000,98.15,98.95,97.15,97.15,105158
20110128,000000,97.44,99.74,97.14,99.33,120983
20110131,000000,99.8,101.73,98.5,100.56,105256
20110201,000000,101.01,102.08,100.19,101.62,84642
20110202,000000,101.7,102.59,101.29,102.35,73076
20110203,000000,102.62,103.37,101.41,101.75,82312
20110204,000000,101.86,102.48,99.48,100.1,86970
20110207,000000,100.3,100.9,98.77,99.26,65663
20110208,000000,99.3,100.42,97.51,100.23,92665
20110209,000000,100.34,102.25,100.04,102.02,52457
20110210,000000,101.95,102.88,100.48,101.73,39238
20110211,000000,101.56,102.03,100.43,101.43,4998
20110214,000000,101.5,104.3,100.91,102.96,108289
20110215,000000,103.11,104.04,101.3,101.83,101490
20110216,000000,101.75,104.52,101.73,104.29,112932
20110217,000000,104.16,104.3,102.37,102.97,98629
20110218,000000,102.97,103.5,100.73,102.82,108197
20110221,000000,103.35,108.7,103.3,108,72044
20110222,000000,107.9,108.57,105.56,106.37,127418
20110223,000000,106.1,112.46,105.97,112.21,137233
20110224,000000,111.98,119.79,109.6,111.23,186116
20110225,000000,111.4,113.91,110.52,112.43,99209
20110228,000000,113.88,114.5,111.25,112.1,101724
20110301,000000,111.9,116.76,111.8,116.32,111766
20110302,000000,116.2,117.81,114.53,116.48,116013
20110303,000000,116.65,116.9,113.09,114.59,109755
20110304,000000,114.85,116.49,114.79,115.99,85286
20110307,000000,116.35,118.5,114.5,114.7,99490
20110308,000000,114.8,115.29,112.13,112.98,105744
20110309,000000,112.95,116.18,112.16,115.99,84734
20110310,000000,116.12,116.55,113.52,115.14,100009
20110311,000000,115.01,115.68,112.25,113.44,93167
20110314,000000,112.19,114.12,111.27,113.86,67512
20110315,000000,113.7,113.77,108,108.19,153170
20110316,000000,108.59,112,107.4,110.4,129084
20110317,000000,110.24,115.5,109.45,115,100325
20110318,000000,115.5,117.29,113.07,114.49,133622
20110321,000000,115.68,116.22,114.6,114.6,82998
20110322,000000,114.98,116.09,114.15,116.09,78430
20110323,000000,115.9,116.4,115.07,115.27,67542
20110324,000000,115.38,115.92,114.5,115.75,84972
20110325,000000,115.73,116.13,115.2,116.02,61679
20110328,000000,115.65,116,114.55,114.76,75601
20110329,000000,114.68,115.64,113.52,115.09,91585
20110330,000000,115.11,115.7,114.5,115.12,65504
20110331,000000,115.3,117.7,115.11,117.17,93059
20110401,000000,117.61,119.14,116.75,119.1,77379
20110404,000000,119.37,121.29,119.01,120.86,70434
20110405,000000,120.81,122.89,119.95,121.6,97039
20110406,000000,121.72,123.37,121.36,122.1,82117
20110407,000000,122.35,122.89,121.38,122.56,71129
20110408,000000,122.45,126.91,122.28,126.9,73968
20110411,000000,126.27,126.46,122.44,122.66,54067
20110412,000000,122.75,124.8,119.54,120.7,110917
20110413,000000,120.48,122.72,119.75,122.62,120001
20110414,000000,122.74,122.83,121.14,122.2,102248
20110415,000000,122.4,124.02,121.59,123.73,86271
20110418,000000,123.48,123.48,121,121.93,91511
20110419,000000,121.77,122.29,119.03,121.29,138540
20110420,000000,121.22,124.23,121.1,123.9,99492
20110421,000000,123.85,124.81,123.2,124.04,79605
20110425,000000,124.28,124.75,122.71,123.55,45579
20110426,000000,123.45,124.4,122.78,123.7,80055
20110427,000000,123.9,125.8,123.25,125.47,110390
20110428,000000,125.3,126.66,124.07,124.59,101466
20110429,000000,125.02,126.1,124.25,126.03,44405
20110502,000000,125.23,126.54,121.67,124.58,86851
20110503,000000,124.3,125.02,121.75,122.15,102797
20110504,000000,122.14,123.06,120.49,120.64,111086
20110505,000000,120.5,121.96,109.02,110.74,249017
20110506,000000,111.77,114.24,105.15,109.24,246733
20110509,000000,109.75,116.52,109.05,115.52,138708
20110510,000000,114.6,117.38,113.12,117.24,57376
20110511,000000,117.32,117.88,111.36,112.3,67817
20110512,000000,112.6,113.91,109.59,112.32,86866
20110513,000000,112.46,114.24,111.11,113.26,72508
20110516,000000,112.7,113.5,110.14,110.37,113260
20110517,000000,110.42,111.82,108.07,110.58,122779
20110518,000000,110.56,113.1,110.42,112.3,98159
20110519,000000,112.5,113.04,111.16,111.4,90712
20110520,000000,111.66,112.88,108.6,112.42,120525
20110523,000000,111.92,112.23,108.58,109.9,114519
20110524,000000,109.54,112.65,109.5,112.3,112751
20110525,000000,112,115.07,111.14,115,126001
20110526,000000,114.73,115.47,114.1,114.99,111075
20110527,000000,114.94,115.68,114.4,115,83545
20110530,000000,114.94,115,114.24,114.54,11485
20110531,000000,114.68,117.49,114.66,116.68,95802
20110601,000000,117.07,117.28,113.84,114.03,108371
20110602,000000,114.33,115.95,113.74,115.89,106105
20110603,000000,115.66,116.25,113.4,116.05,103629
20110606,000000,115.96,115.96,113.96,114.19,84014
20110607,000000,114.3,117.43,113.8,117,113066
20110608,000000,116.89,118.59,115.75,117.61,126913
20110609,000000,117.8,119.86,117.37,119.1,85157
20110610,000000,119.25,119.6,117.18,117.97,35261
20110613,000000,118.03,119.73,116.51,118.08,66054
20110614,000000,118,120,117.9,119.11,88995
20110615,000000,119.09,119.38,112.32,113.66,162869
20110616,000000,113.72,114.94,112.55,114.02,144051
20110617,000000,114.21,114.31,111.05,113.2,133100
20110620,000000,113.16,113.38,111.23,111.58,94569
20110621,000000,111.54,113.1,109.92,110.7,120918
20110622,000000,111.22,114.48,110.35,113.25,124740
20110623,000000,113.19,113.4,105.72,108.61,218313
20110624,000000,108.59,108.7,103.62,105.67,130053
20110627,000000,105.05,106.74,102.28,106.67,106563
20110628,000000,106.76,109.05,105.35,108.87,111384
20110629,000000,108.65,112.67,108.1,112.6,139233
20110630,000000,112.3,113.24,110.72,111.8,107507
20110701,000000,111.8,112.48,109.5,111.24,88875
20110704,000000,111.87,112.16,111.02,111.45,26637
20110705,000000,111.6,114.44,110.45,113.83,100223
20110706,000000,113.6,114.32,111.91,114.3,109662
20110707,000000,114.4,118.7,113.75,118.3,127325
20110708,000000,118.51,119.87,116.88,118.3,113664
20110711,000000,117.25,117.56,114.51,116.37,54386
20110712,000000,116.46,117,114.17,116.07,68735
20110713,000000,116.4,118.88,115.78,117.55,106624
20110714,000000,117.55,118.34,115.4,116.6,99813
20110715,000000,116.23,117.75,115.16,117.66,77072
20110718,000000,117.63,117.72,114.66,116.4,79440
20110719,000000,116.5,118.45,116.09,117.37,89021
20110720,000000,117.45,118.86,117.06,118.15,92951
20110721,000000,118.35,119.25,116.62,117.78,94275
20110722,000000,118.03,118.8,117.35,118.51,64595
20110725,000000,118.07,118.43,116.92,117.63,62787
20110726,000000,117.65,119.05,116.53,118,107482
20110727,000000,118.15,118.5,117.18,117.32,90526
20110728,000000,117.3,118.71,117.05,117.21,93920
20110729,000000,117.17,117.7,115.75,116.85,114738
20110801,000000,117.58,120.4,114.78,116.74,151776
20110802,000000,117,118.4,115.53,115.94,114725
20110803,000000,116.19,116.29,112.84,113.44,128906
20110804,000000,113.5,113.73,107,107.66,182056
20110805,000000,107.25,110.26,104.3,109.85,171457
20110808,000000,106.76,107.72,102.7,103.78,130509
20110809,000000,103.15,105.95,98.86,104.45,172758
20110810,000000,104.47,107,103.4,105.67,54300
20110811,000000,105,108,104.27,107.85,52388
20110812,000000,107.71,108.9,106.65,107.52,44764
20110815,000000,107.9,109.9,107.2,109.78,56219
20110816,000000,109.59,109.9,108.03,109.56,86880
20110817,000000,109.58,111.74,109.09,110.57,101115
20110818,000000,110.55,110.75,106.27,106.69,145145
20110819,000000,106.27,109.39,105.06,109.22,152731
20110822,000000,107.2,108.75,105.15,108.5,124873
20110823,000000,108.1,110.2,107.2,109.78,129533
20110824,000000,109.66,111,108.71,110,102070
20110825,000000,110.36,111.45,109,110.48,126506
20110826,000000,110.57,111.7,109.3,111.25,107635
20110829,000000,111.23,112.73,110.53,112.31,51355
20110830,000000,112.36,114.25,111.16,114,99051
20110831,000000,113.85,115.19,113.52,114.49,101183
20110901,000000,114.85,115.36,113.61,114.2,91779
20110902,000000,114.18,114.58,111.36,112.52,116266
20110905,000000,111.99,112.12,109.9,110.08,44381
20110906,000000,110,113.61,109.92,113.35,102986
20110907,000000,113.41,116.5,112.7,116.22,103699
20110908,000000,116.05,116.6,113.95,114.1,93111
20110909,000000,114.26,115.17,110.52,110.52,105965
20110912,000000,109.94,111.4,108.44,110.74,66801
20110913,000000,110.88,111.2,109.19,109.51,67164
20110914,000000,109.57,110.12,108.07,109.65,90890
20110915,000000,109.58,113.56,109,112.25,128541
20110916,000000,112.46,114.25,111.51,111.9,106786
20110919,000000,111.66,112.11,108.7,109.55,92155
20110920,000000,109.2,111.59,108.7,110.33,99783
20110921,000000,110.25,112.44,108.92,108.92,106336
20110922,000000,109.5,109.5,104.85,105.19,181759
20110923,000000,105.36,107,103.43,104.36,150317
20110926,000000,104.29,105.34,101.66,104.94,122641
20110927,000000,104.77,107.54,104.5,107.12,124357
20110928,000000,106.75,107.41,103.23,103.4,122226
20110929,000000,103,105.82,102.35,104.26,127859
20110930,000000,104.91,104.91,101.78,102.15,130391
20111003,000000,101.42,102.8,100.59,100.69,111001
20111004,000000,100.57,102.41,99.11,101.96,135651
20111005,000000,101.81,102.84,100.66,102.77,113684
20111006,000000,102.65,105.88,101.53,105.4,112775
20111007,000000,105.4,106.64,104.37,105.91,98551
20111010,000000,104.19,107.25,103.77,107.02,61351
20111011,000000,106.6,108.5,105.2,107.76,87834
20111012,000000,107.45,110.05,107.15,108.63,86456
20111013,000000,108.35,109.6,107.16,109.3,108352
20111014,000000,108.97,112.82,108.85,112.62,137830
20111017,000000,112.85,113.86,109.72,109.81,121023
20111018,000000,110.16,111.89,108.45,111.13,145196
20111019,000000,111.01,111.85,108.12,108.5,133996
20111020,000000,108.5,110.17,107.31,109.93,170157
20111021,000000,109.91,111.88,109.25,109.79,119939
20111024,000000,109.55,111.6,109.55,111.2,104542
20111025,000000,111.55,112.15,109.47,111.02,137597
20111026,000000,110.85,111.78,108.76,109.5,109325
20111027,000000,109.5,112.79,109.5,112.35,122697
20111028,000000,112.13,112.23,109.65,110.16,100279
20111031,000000,109.86,110.15,108.2,109.19,98227
20111101,000000,109.18,109.68,106.1,109.54,129408
20111102,000000,108.86,111.47,108.56,109.73,114408
20111103,000000,109.01,111.24,107.85,110.83,110896
20111104,000000,110.44,112.48,110.32,112.48,95219
20111107,000000,113.09,115.23,111.26,114.88,109881
20111108,000000,114.6,116.48,114.2,115.14,106077
20111109,000000,115.42,115.75,110.96,111.17,132303
20111110,000000,111.4,112.97,110.31,111.9,58679
20111111,000000,111.9,113.54,111.89,112.96,45394
20111114,000000,113.35,113.57,110.53,111.27,90066
20111115,000000,111.36,112.7,111.05,112.2,93384
20111116,000000,112.2,112.5,110.14,110.89,132089
20111117,000000,110.85,111.98,107.56,107.74,143111
20111118,000000,107.54,109.99,106.97,107.81,129499
20111121,000000,107.48,107.74,105.65,106.7,106740
20111122,000000,106.62,109.45,106.62,108.62,121535
20111123,000000,108.61,108.85,106.82,106.94,99566
20111124,000000,107.3,108.09,107.04,107.76,29880
20111125,000000,107.52,107.79,105.85,106.64,71734
20111128,000000,107.4,109.49,107.15,108.68,121823
20111129,000000,108.52,111,108.4,110.44,137987
20111130,000000,110.8,112.03,109.65,110.37,139828
20111201,000000,110.75,111.24,108.18,109.05,102036
20111202,000000,109.09,110.41,108.62,110.3,82993
20111205,000000,110.55,111.62,109.2,109.35,88569
20111206,000000,109.19,110.96,109.04,110.51,77134
20111207,000000,110.7,111.49,109,109.5,90214
20111208,000000,109.6,110.67,107.28,107.55,101200
20111209,000000,107.66,108.96,107.11,108.88,100961
20111212,000000,108.51,108.55,106.93,106.93,47523
20111213,000000,107.15,110.77,106.9,109.07,69084
20111214,000000,108.98,109.08,103.61,103.9,136406
20111215,000000,104.07,105.79,103.02,103.44,112844
20111216,000000,103.6,104.56,102.46,103.65,97893
20111219,000000,103.07,104.57,102.37,103.84,93417
20111220,000000,104.3,107.27,103.91,107,106631
20111221,000000,107.15,108.17,106.16,107.9,91324
20111222,000000,107.9,108.5,107.29,107.62,63405
20111223,000000,107.77,108.55,107.4,108,40299
20111227,000000,108.18,109.5,107.85,108.96,36322
20111228,000000,109.06,109.5,106.77,107.41,64158
20111229,000000,107.41,108.1,106.5,108,53212
20111230,000000,108,108.25,106.62,107.22,53563
20120103,000000,108.35,112.44,108.35,112.07,129131
20120104,000000,112.1,113.97,111.27,113.46,140957
20120105,000000,113.5,114.64,112.1,112.26,139609
20120106,000000,112.53,113.68,112.03,113.52,103162
20120109,000000,113.42,113.88,111.8,112.1,104841
20120110,000000,112.37,113.76,112.3,113.08,38553
20120111,000000,112.9,113.38,111.75,112.49,51305
20120112,000000,112.4,114.77,110.13,110.97,90841
20120113,000000,111.07,112.24,109.69,110.91,101104
20120116,000000,110.56,111.6,110.53,111.37,38073
20120117,000000,111.42,112.76,110.56,111.57,111290
20120118,000000,111.53,112.2,110.33,110.97,126693
20120119,000000,111.1,111.75,110.37,111.42,107130
20120120,000000,111.53,112.06,109.42,110.23,84784
20120123,000000,109.58,111.36,109.23,110.94,81145
20120124,000000,110.84,111.11,109.7,110.33,79414
20120125,000000,110.22,110.88,108.91,110.55,121190
20120126,000000,110.45,111.89,110.27,111.1,105050
20120127,000000,110.89,111.99,110.49,111.3,119337
20120130,000000,111.6,111.78,110.25,110.98,91777
20120131,000000,110.98,113.9,110.5,111.16,146086
20120201,000000,111.3,112.82,111.02,111.3,112496
20120202,000000,111.51,112.56,111.04,112.48,105832
20120203,000000,112.54,114.71,111.93,114.71,121444
20120206,000000,114.91,116.68,113.65,116.47,97803
20120207,000000,116.64,117.5,115.6,116.01,110513
20120208,000000,116.01,117.97,115.9,117.85,92069
20120209,000000,117.7,118.75,117.28,118.18,82728
20120210,000000,118.11,118.11,115.8,117.07,58046
20120213,000000,117.4,117.99,116.9,117.27,95437
20120214,000000,117.26,117.9,116.53,117.54,121512
20120215,000000,117.44,119.9,117.4,119.04,129889
20120216,000000,118.96,120.38,118.32,120.05,101154
20120217,000000,120.13,120.7,118.85,119.83,92619
20120220,000000,120.75,121.15,119.8,120,34789
20120221,000000,119.9,121.88,119.21,121.45,97324
20120222,000000,121.5,123.23,121,122.64,98874
20120223,000000,122.73,124.5,122.1,124.2,140691
20120224,000000,124.01,125.55,123.3,125.07,90123
20120227,000000,125.28,125.51,123,123.3,93208
20120228,000000,123.39,123.95,121.5,121.7,100968
20120229,000000,121.61,123.2,120.5,123.04,146264
20120301,000000,123,128.4,122.49,125.86,154871
20120302,000000,126.16,126.16,123.12,123.32,109629
20120305,000000,123.56,124.66,122.66,124.24,80129
20120306,000000,124.39,124.39,121.59,122.32,102401
20120307,000000,122.19,124.45,122,124.2,93567
20120308,000000,124.05,126.34,123.8,125.48,92402
20120309,000000,125.48,126.37,124.69,125.18,69230
20120312,000000,125.11,125.12,123.68,125.12,41430
20120313,000000,124.93,126.25,124.47,125.59,54270
20120314,000000,125.74,126.22,124.26,124.43,83997
20120315,000000,124.62,124.87,121.5,122.78,160872
20120316,000000,122.98,126.16,122.45,126.16,93894
20120319,000000,125.99,126.05,124.82,125.36,67568
20120320,000000,125.27,125.44,123.2,124.07,112201
20120321,000000,124.21,124.8,123.76,124.13,79752
20120322,000000,124.04,124.25,122.3,123.38,110341
20120323,000000,123.39,127.06,123.1,125.21,106789
20120326,000000,125.06,125.89,124.58,125.75,79917
20120327,000000,125.74,126.18,124.91,125.26,120949
20120328,000000,125.17,125.17,123.53,124.3,136481
20120329,000000,124.23,124.64,121.38,122.55,133763
20120330,000000,122.63,124.07,122.58,122.8,98148
20120402,000000,122.75,124.99,120.97,124.9,32479
20120403,000000,124.62,125.36,123.82,124.45,34676
20120404,000000,124.45,124.45,121.82,122.23,40984
20120405,000000,122.22,123,121.25,122.72,34505
20120409,000000,121.7,122.32,120.5,122.1,19608
20120410,000000,122,122.25,119.12,119.51,76169
20120411,000000,119.46,120.52,118.71,119.88,77360
20120412,000000,119.82,121.75,119.14,121.55,117180
20120413,000000,121.63,121.74,120.37,121.48,99427
20120416,000000,120.4,120.6,118.2,118.36,111727
20120417,000000,118.58,119.34,117.98,118.75,100912
20120418,000000,118.64,118.85,116.7,118.15,119008
20120419,000000,118.04,119.15,117.68,118.09,107952
20120420,000000,118,119.69,117.87,118.85,105598
20120423,000000,118.65,118.91,117.21,118.75,115506
20120424,000000,118.7,118.94,117.85,118.42,95364
20120425,000000,118.36,119.25,117.45,119.15,152430
20120426,000000,118.99,120.17,118.78,119.56,118268
20120427,000000,119.7,119.95,119.06,119.75,133548
20120430,000000,119.5,119.79,118.73,119.47,91310
20120501,000000,119.25,119.7,118.5,119.35,19621
20120502,000000,119.27,119.42,117.33,118,27540
20120503,000000,118.1,118.1,115.7,115.7,28655
20120504,000000,115.78,116.02,111.59,113.09,52205
20120507,000000,111,113.04,110.85,113.04,27230
20120508,000000,112.99,113.25,110.3,112.94,41892
20120509,000000,112.68,112.85,110.97,112.26,41909
20120510,000000,112.39,113.2,111.75,111.79,36488
20120511,000000,111.7,112.35,111.06,111.69,40650
20120514,000000,111.3,111.52,109.55,110.35,67500
20120515,000000,110.5,112,110.28,110.99,98139
20120516,000000,111.1,111.46,109.1,109.39,161817
20120517,000000,109.51,110.15,106.58,106.8,153704
20120518,000000,106.98,107.99,106.4,107.31,111204
20120521,000000,106.82,109.43,106.75,109.3,97331
20120522,000000,109.18,109.36,107.79,108.25,104201
20120523,000000,108.11,108.16,105.39,106.16,127985
20120524,000000,106.1,107.25,105.03,106.75,131705
20120525,000000,106.71,107.24,106.02,106.9,75179
20120528,000000,106.88,108.04,106.85,107.26,35279
20120529,000000,107.25,107.95,106.06,106.85,116895
20120530,000000,106.8,106.8,102.85,103.25,152261
20120531,000000,103.22,104.16,101.27,101.62,167865
20120601,000000,101.22,101.5,97.12,98.33,46389
20120604,000000,97.79,98.7,95.21,98.58,24427
20120605,000000,98.7,99.13,97.23,98.12,21796
20120606,000000,98.36,100.86,98.33,100.46,39767
20120607,000000,100.35,101.95,98.63,98.72,48859
20120608,000000,98.76,99.66,96.78,99.45,47399
20120611,000000,101.37,101.9,96.2,96.2,52617
20120612,000000,96.61,97.84,96.35,97.11,65966
20120613,000000,97,98.05,96.36,96.59,94014
20120614,000000,96.59,97.88,95.91,97.88,130669
20120615,000000,97.8,98.1,96.97,97.31,90674
20120618,000000,98.55,99.24,95.4,95.69,158130
20120619,000000,96.25,96.8,94.44,95.84,170287
20120620,000000,95.71,96.04,92.38,92.55,174225
20120621,000000,92.76,92.76,88.9,89.25,214015
20120622,000000,89.36,91.7,88.49,91.33,156062
20120625,000000,91.49,91.52,89.6,91.41,128146
20120626,000000,91.27,93.25,90.7,93.24,150578
20120627,000000,92.75,93.95,91.7,93.79,125022
20120628,000000,93.69,93.85,90.88,92.04,137194
20120629,000000,92.06,98.29,91.73,97.57,194976
20120702,000000,97.61,97.63,95.35,97.15,40458
20120703,000000,97,101.3,96.9,100.36,50724
20120704,000000,100.41,100.73,99.07,99.51,14787
20120705,000000,99.66,101.9,99.06,99.61,41218
20120706,000000,99.7,99.81,97.37,97.39,41464
20120709,000000,97.98,100.42,97.63,99.87,34370
20120710,000000,98.87,99.21,97.37,97.53,45804
20120711,000000,97.58,100.2,97.41,100.07,48218
20120712,000000,99.91,100.59,97.88,99.8,71845
20120713,000000,99.94,102.38,99.73,101.66,106570
20120716,000000,101.76,103.57,101.02,103.08,116479
20120717,000000,103.05,104.75,102.77,103.67,113513
20120718,000000,103.55,105.6,103.22,105.48,106358
20120719,000000,105.32,108.18,105.28,107.59,115155
20120720,000000,107.5,107.7,105.6,106.74,106293
20120723,000000,106.4,106.4,102.42,103.18,156749
20120724,000000,103.17,104.48,102.53,103.07,150975
20120725,000000,103.1,104.71,102.1,104.66,135693
20120726,000000,104.15,106.18,103.47,105.31,143210
20120727,000000,105.18,106.73,105.15,106.65,123202
20120730,000000,106.54,106.99,105.58,105.97,72633
20120731,000000,105.95,106.52,104.1,104.62,118774
20120801,000000,103.47,105.57,102.97,104.49,29042
20120802,000000,104.45,105.8,103.51,104.48,39918
20120803,000000,104.14,107.64,104.14,107.22,33380
20120806,000000,106.98,108.33,106.58,108.16,28591
20120807,000000,107.92,110.93,107.79,110.02,35717
20120808,000000,109.9,111.61,109.3,110.39,38825
20120809,000000,110.5,111.95,110.05,111.79,35171
20120810,000000,111.63,111.71,109.77,111.55,45273
20120813,000000,111.4,113.15,111.16,111.63,63564
20120814,000000,111.52,112.45,111.28,112.15,53490
20120815,000000,111.89,114.78,111.61,114.45,125133
20120816,000000,114.19,115.4,113.66,114.3,115481
20120817,000000,114.54,114.75,112.7,113.76,112629
20120820,000000,114.05,114.7,112.87,113.62,89642
20120821,000000,113.66,115.58,113.66,114.9,95182
20120822,000000,114.72,115.27,113.53,114.98,107287
20120823,000000,115.03,116.38,114.33,114.37,123807
20120824,000000,114.54,115.28,113,113.51,132457
20120827,000000,114.1,115.5,111.56,112.58,107132
20120828,000000,112.48,113.1,111.71,112.35,108932
20120829,000000,112.52,113.3,111.5,112.72,100739
20120830,000000,112.5,113.44,112.25,112.8,81964
20120831,000000,112.51,114.93,112.36,114.92,115983
20120903,000000,114.14,115.37,113.53,115.23,12026
20120904,000000,115.11,116.03,113.4,113.6,35231
20120905,000000,113.55,113.87,112.36,113.4,27373
20120906,000000,113.13,114.7,112.16,112.17,36857
20120907,000000,112.41,114.24,112,113.82,46954
20120910,000000,113.83,114.58,113.48,114.29,37042
20120911,000000,114.15,114.85,113.9,114.4,56823
20120912,000000,114.38,116,114.34,115.23,94852
20120913,000000,115.16,116.89,114.38,115.72,135120
20120914,000000,115.65,117.95,115.58,116.92,105300
20120917,000000,116.71,117.02,111.5,113.5,139616
20120918,000000,113.79,114.42,111.61,111.65,148976
20120919,000000,111.75,112.98,107.4,108.35,216628
20120920,000000,108.19,110.65,107.1,110.61,143276
20120921,000000,110.36,111.7,110.08,111.42,107063
20120924,000000,111.4,111.41,108.78,109.88,94853
20120925,000000,109.81,111.47,109.44,109.87,104416
20120926,000000,109.88,110.23,108.45,110.1,119720
20120927,000000,110.07,112.5,109.68,112.41,115630
20120928,000000,112.5,113.4,111.52,112.22,105631
20121001,000000,112.14,113.27,110.76,111.4,80055
20121002,000000,111.4,111.7,110.55,110.55,29332
20121003,000000,110.55,110.59,106.95,107.34,56307
20121004,000000,107.44,111.79,107.24,111.36,61664
20121005,000000,111.27,112.09,109.64,111.13,51704
20121008,000000,110.82,111.44,109.74,111.22,40638
20121009,000000,111.48,113.64,111.05,113.35,61077
20121010,000000,113.14,114.41,112.69,113.28,68836
20121011,000000,113.41,114.95,113.26,114.77,68708
20121012,000000,114.85,114.86,112.93,113.38,83863
20121015,000000,113.1,114.49,112.46,114.48,116194
20121016,000000,114.31,114.87,113.49,113.72,101853
20121017,000000,113.97,114.31,112.8,113.21,96473
20121018,000000,113.12,113.63,111.57,112.44,118267
20121019,000000,112.33,113.26,109.9,110.32,144533
20121022,000000,109.73,110.97,109.12,109.79,134279
20121023,000000,109.52,109.8,107.31,108.3,144954
20121024,000000,108.31,109.34,106.8,107.81,129713
20121025,000000,107.8,109.28,107.46,108.5,110423
20121026,000000,108.55,109.7,107.4,109.7,112143
20121029,000000,109.17,110.26,108.51,109.33,80825
20121030,000000,109.25,110.1,108.65,109.05,69046
20121031,000000,109.1,109.8,108.3,108.4,89904
20121101,000000,107.42,107.87,106.74,107.5,33148
20121102,000000,107.25,107.96,104.79,104.88,37721
20121105,000000,104.72,107.3,104.09,106.97,34895
20121106,000000,106.85,110.39,106.26,110.13,48232
20121107,000000,109.77,110.69,105.74,106.05,50840
20121108,000000,106,107.31,105.32,106.18,45946
20121109,000000,106.33,108.81,105.45,108.79,52955
20121112,000000,108.29,109.36,107.53,107.82,55669
20121113,000000,107.82,108,106.56,107.3,71730
20121114,000000,107.19,109.3,106.87,108.75,132705
20121115,000000,108.62,109.58,107.3,107.69,155235
20121116,000000,107.69,109.25,107.66,109.02,124203
20121119,000000,109.5,112.2,109.3,111.59,134353
20121120,000000,111.8,111.85,109.01,110.46,139254
20121121,000000,110.5,111.46,109.55,111.03,105797
20121122,000000,110.97,111.17,110.11,110.35,27573
20121123,000000,110.47,111.54,110.1,111.39,63095
20121126,000000,111.35,111.42,110.27,110.75,78941
20121127,000000,111,111.36,109.31,110,102522
20121128,000000,109.95,110.17,108.44,109.69,111464
20121129,000000,109.7,111.3,109.45,110.4,118598
20121130,000000,110.35,111.34,110.25,111.17,84620
20121203,000000,110.3,111.35,109.69,109.9,24991
20121204,000000,110.04,110.04,108.36,108.87,26665
20121205,000000,108.92,109.65,107.72,107.97,27414
20121206,000000,107.75,108.3,105.86,106.25,43724
20121207,000000,106.15,107.04,105.8,106.3,41750
20121210,000000,106.4,107.52,105.93,106.22,34262
20121211,000000,106.18,107.17,105.98,106.8,37768
20121212,000000,106.87,108.92,106.83,108.01,80961
20121213,000000,107.95,108.13,106.38,106.53,81983
20121214,000000,106.62,108.4,106.55,108.4,92081
20121217,000000,108.27,108.5,107.58,107.89,67897
20121218,000000,107.98,108.98,107.93,108.94,71884
20121219,000000,108.9,110.48,108.74,110.05,93814
20121220,000000,110.1,110.66,109.7,110.25,76539
20121221,000000,110.2,110.28,108.66,109.15,78256
20121224,000000,109,109.13,108.13,108.8,31703
20121226,000000,109.15,111.52,109.13,110.71,40838
20121227,000000,110.78,111.33,110.1,110.92,65811
20121228,000000,111.24,111.38,109.83,110.35,62956
20121231,000000,110.37,111.34,109.38,111.11,57624
20130102,000000,110.15,111.6,110.11,111.4,31556
20130103,000000,111.3,111.3,110.43,110.56,27823
20130104,000000,110.73,110.73,109.14,110.15,33969
20130107,000000,110.25,110.69,109.36,110.59,31082
20130108,000000,110,111.36,110,111.14,35976
20130109,000000,110.99,111.25,110.24,110.81,43859
20130110,000000,110.89,112.34,110.71,110.99,71151
20130111,000000,111.08,111.09,108.9,109.84,81223
20130114,000000,109.82,111.22,109.46,111.14,73397
20130115,000000,110.95,111.49,109.52,109.62,101957
20130116,000000,109.76,110.35,109.33,109.91,99526
20130117,000000,109.74,111.38,109.45,110.92,104459
20130118,000000,111.1,111.97,110.47,111.67,90755
20130121,000000,111.79,111.99,111.41,111.76,33451
20130122,000000,111.71,112.65,111.35,112.46,103854
20130123,000000,112.42,113.15,112.06,112.79,113976
20130124,000000,112.76,113.65,112.4,113.36,103146
20130125,000000,113.28,113.84,112.83,113.4,95230
20130128,000000,113.33,113.8,112.6,113.4,99327
20130129,000000,113.48,114.49,113.07,114.2,112050
20130130,000000,114.28,115.24,114.07,114.95,103816
20130131,000000,114.91,115.76,114.28,114.56,102198
20130201,000000,114.9,116.1,114.39,115.63,39605
20130204,000000,115.41,115.67,114.44,114.72,31537
20130205,000000,114.56,116.23,114.1,115.59,39863
20130206,000000,115.53,116.16,114.82,115.97,39682
20130207,000000,116.02,116.93,115.8,116.7,61448
20130208,000000,116.6,118.19,116.37,117.81,60458
20130211,000000,117.8,117.98,116.52,117.2,66346
20130212,000000,117.35,118,116.88,117.8,82906
20130213,000000,117.75,118.27,117.37,118,118224
20130214,000000,117.89,118.29,117.25,118.04,103961
20130215,000000,117.96,118.11,116.28,117.97,135644
20130218,000000,117.76,118.19,116.92,117.4,30571
20130219,000000,117.5,117.6,116.55,117.2,83254
20130220,000000,117.35,117.66,115.02,115.1,137176
20130221,000000,115.15,115.31,113.32,113.65,154441
20130222,000000,113.6,114.79,113.6,114.3,106075
20130225,000000,114.16,115.87,113.31,113.34,122617
20130226,000000,113.64,114.34,112.41,112.99,160497
20130227,000000,112.8,113.35,111.65,112,133044
20130228,000000,112.08,112.57,110.87,111,119371
20130301,000000,109.9,110.35,108.88,109.59,37999
20130304,000000,109.31,109.82,108.56,109.02,30320
20130305,000000,109.21,110.95,109.21,110.94,31345
20130306,000000,110.92,111.29,109.6,109.98,35753
20130307,000000,110.13,110.54,109.6,110.07,33861
20130308,000000,110.07,110.51,108.6,110.25,51481
20130311,000000,109.89,110.09,109.02,109.48,48003
20130312,000000,109.54,110.71,108.9,109.13,81782
20130313,000000,109.3,109.5,107.66,108.18,135556
20130314,000000,108.08,109.43,107.85,109.34,124797
20130315,000000,109.38,110.53,109.02,110.05,95104
20130318,000000,108.9,109.68,107.78,109.4,110924
20130319,000000,109.44,109.54,107.25,107.46,135982
20130320,000000,107.59,108.92,107.55,108.58,107055
20130321,000000,108.49,108.75,107.08,107.2,114538
20130322,000000,107.33,107.96,106.9,107.5,96935
20130325,000000,107.84,109.07,107.27,108.18,125313
20130326,000000,108.11,109.59,107.71,109.4,106884
20130327,000000,109.35,109.98,108.85,109.84,110196
20130328,000000,109.87,110.1,108.98,109.77,94671
20130401,000000,109.91,111.05,109.14,110.76,19832
20130402,000000,110.66,111.53,109.8,110.34,45650
20130403,000000,110.14,110.3,106.59,106.89,66065
20130404,000000,106.88,107.85,105.1,106.27,76394
20130405,000000,106.18,106.48,103.68,104.38,61951
20130408,000000,104.36,105.58,103.65,104.9,62262
20130409,000000,104.83,106.41,104.36,106.15,67850
20130410,000000,106.08,106.38,105.25,105.65,62221
20130411,000000,105.52,106,103.87,104.41,82125
20130412,000000,104.45,104.53,101.21,102.85,164660
20130415,000000,102.72,102.81,99.12,99.31,185555
20130416,000000,99.1,100.37,98,100.1,168332
20130417,000000,100.09,100.46,97.26,97.4,173597
20130418,000000,97.42,99.85,96.75,99.6,176954
20130419,000000,99.44,100.33,99.04,99.53,110128
20130422,000000,99.46,101.04,99.2,100.37,119371
20130423,000000,100.56,100.59,98.78,100.5,134738
20130424,000000,100.33,101.99,100.22,101.82,116482
20130425,000000,101.9,103.49,101.35,103.11,119721
20130426,000000,103.2,103.48,102.25,102.85,95659
20130429,000000,102.75,103.94,102.57,103.76,98769
20130430,000000,103.83,104,101.48,101.74,131813
20130501,000000,101.51,101.97,98.32,99.37,39081
20130502,000000,99.35,102.47,99.26,102.33,34378
20130503,000000,102.28,104.36,101.85,103.71,39621
20130506,000000,104.68,105.1,103.45,104.99,26082
20130507,000000,104.9,105.42,103.65,103.75,45203
20130508,000000,103.81,104.48,103.16,104.02,49867
20130509,000000,104.07,104.26,103.18,104.1,41083
20130510,000000,104.03,104.2,101.39,103.38,71380
20130513,000000,103.35,103.43,102.09,102.64,62959
20130514,000000,102.64,102.9,101.92,102.53,83237
20130515,000000,102.54,103.65,100.92,103.65,157881
20130516,000000,103.51,104.28,102.74,103.84,127771
20130517,000000,103.73,104.87,103.35,104.72,100917
20130520,000000,104.63,105.31,103.83,104.79,77269
20130521,000000,104.82,105.15,103.51,103.63,84813
20130522,000000,103.53,103.79,102.23,102.32,92487
20130523,000000,102.28,102.68,100.64,102.66,119690
20130524,000000,102.52,102.79,101.65,102.78,65423
20130527,000000,102.18,102.65,102.1,102.5,10471
20130528,000000,102.58,104.69,102.48,104.35,139845
20130529,000000,104.24,104.37,102.17,102.18,135479
20130530,000000,102.31,102.85,101.08,102.24,158856
20130531,000000,102.14,102.38,100.03,100.15,136075
20130603,000000,99.72,102.21,99.47,101.9,50569
20130604,000000,101.78,103.25,101.21,103.18,32346
20130605,000000,103.06,103.76,102.53,102.63,34920
20130606,000000,102.52,103.68,102.51,103.19,32468
20130607,000000,103.27,104.8,102.65,104.48,58800
20130610,000000,104.47,104.59,103.63,103.74,47957
20130611,000000,103.79,103.84,101.88,102.64,98030
20130612,000000,102.55,104.18,102.25,103.49,116804
20130613,000000,103.44,105.13,102.78,104.95,127311
20130614,000000,104.88,106.64,104.46,105.84,137472
20130617,000000,105.85,106.67,105.28,105.62,102315
20130618,000000,105.66,106.24,105.11,106.1,87180
20130619,000000,106.1,106.59,105.45,105.87,91241
20130620,000000,105.4,105.51,101.75,102.06,217939
20130621,000000,101.99,103.09,100.04,101.09,206646
20130624,000000,100.64,101.64,99.68,101.07,178314
20130625,000000,101,102.07,100.7,101.17,128249
20130626,000000,101.07,101.89,100.25,101.8,146880
20130627,000000,101.7,103.34,101.66,102.65,113630
20130628,000000,102.7,103.44,101.87,101.99,115425
20130701,000000,101.49,103.21,101.23,102.52,37341
20130702,000000,102.49,103.58,102.4,103.41,29009
20130703,000000,103.82,105.48,103.82,105.21,46042
20130704,000000,105.1,105.44,104.3,104.84,17813
20130705,000000,104.9,107.12,104.78,107.06,50517
20130708,000000,107.23,107.32,106.09,106.49,36065
20130709,000000,106.44,107.48,106.13,107.35,38654
20130710,000000,107.04,107.9,106.95,107.34,55033
20130711,000000,107.53,108.06,106.35,106.64,71535
20130712,000000,106.67,108.2,106.63,108.2,85222
20130715,000000,107.99,108.27,107.11,108.08,88531
20130716,000000,108.15,108.68,107.68,107.93,115560
20130717,000000,107.89,108.74,107.3,108.74,98526
20130718,000000,108.51,108.87,108.03,108.83,112686
20130719,000000,108.73,109.18,107.01,108.3,118431
20130722,000000,108.45,108.68,107.55,108.16,103043
20130723,000000,108.26,108.63,107.56,108.41,96527
20130724,000000,108.49,108.6,106.25,107.05,122952
20130725,000000,107.04,107.87,106.54,107.65,97183
20130726,000000,107.6,107.79,106.53,107.19,72621
20130729,000000,107.31,107.89,106.6,107.51,99761
20130730,000000,107.4,107.56,106.54,106.84,86604
20130731,000000,106.76,107.95,105.73,107.7,115591
20130801,000000,106.91,108.74,106.73,108.51,37382
20130802,000000,108.58,109.17,107.54,108.07,24617
20130805,000000,108.05,108.56,106.69,107.71,31421
20130806,000000,107.76,108.27,106.5,107.19,39292
20130807,000000,106.94,107.05,105.89,106.08,41376
20130808,000000,106.11,106.57,104.59,105.5,43202
20130809,000000,105.5,106.95,105.27,106.87,43960
20130812,000000,106.76,107.9,106.28,107.86,59552
20130813,000000,107.84,108.7,107.71,108.1,78638
20130814,000000,108.18,108.98,107.78,108.96,95485
20130815,000000,108.98,110.05,108.9,109.32,113211
20130816,000000,109.54,110.7,109.17,110.42,101308
20130819,000000,110.25,111,109.59,109.59,99020
20130820,000000,109.77,110.73,108.61,110.15,138232
20130821,000000,110.06,110.28,109.23,109.73,93316
20130822,000000,109.69,110.15,109.4,110,79424
20130823,000000,109.93,111.23,109.77,111.05,106631
20130826,000000,111.17,111.35,110.5,110.93,54916
20130827,000000,111.06,115.29,110.73,115.29,154361
20130828,000000,115.41,117.34,114.81,116.33,165773
20130829,000000,116.02,117.04,114.18,114.44,140331
20130830,000000,114.22,115.53,113.63,114.45,135515
20130902,000000,110.9,112.82,110.52,112.44,18324
20130903,000000,112.54,114.05,112.3,113.7,44500
20130904,000000,113.82,114.15,112.6,113.23,37762
20130905,000000,113.15,113.9,112.73,113.7,33772
20130906,000000,113.64,114.85,113.32,114.1,40076
20130909,000000,113.89,114.44,111.66,111.77,60742
20130910,000000,111.5,112.17,109.38,109.96,87285
20130911,000000,110,111.18,109.7,110.29,72564
20130912,000000,110.28,111.96,110,111.89,99137
20130913,000000,111.8,111.88,110.55,111.79,92158
20130916,000000,110.71,111.49,108.73,109.82,139056
20130917,000000,109.6,110,107.41,107.75,119714
20130918,000000,107.79,111.06,107.64,110.74,109853
20130919,000000,110.94,111.26,108.52,108.82,123580
20130920,000000,108.61,109.67,108.4,109.35,98996
20130923,000000,109,109.45,107.76,108,94842
20130924,000000,107.98,108.9,107.43,108.77,101589
20130925,000000,108.75,110.09,107.89,108.06,115747
20130926,000000,108.06,109.26,108.01,109.22,85205
20130927,000000,109,109.67,108.1,108.43,112755
20130930,000000,107.99,108.68,107.22,108.2,100001
20131001,000000,107.42,107.49,106,106.92,54224
20131002,000000,106.74,108.57,106.63,108.03,48563
20131003,000000,108,108.91,107.66,107.69,45632
20131004,000000,107.79,108.85,107.68,108.46,40420
20131007,000000,108.36,109.3,107.09,108.74,57392
20131008,000000,108.8,109.97,108.54,109.42,51984
20131009,000000,109.4,109.47,107.39,108.25,66339
20131010,000000,108.24,111.15,108.13,110.87,104147
20131011,000000,110.77,110.98,109.73,110.29,74301
20131014,000000,110.02,110.59,109.1,110.18,63020
20131015,000000,110.21,110.48,108.84,109,78327
20131016,000000,109.2,111.3,109.05,110.49,111973
20131017,000000,110.52,110.66,108.71,109,134079
20131018,000000,109.1,110.24,108.96,109.94,96386
20131021,000000,110.02,110.19,109.21,109.77,94378
20131022,000000,109.76,110.94,109.57,110.06,126724
20131023,000000,109.99,110.06,107.35,107.65,174591
20131024,000000,107.67,108.26,106.9,106.99,128727
20131025,000000,107.09,107.39,106.27,107.06,106070
20131028,000000,107.01,109.68,106.85,109.42,145104
20131029,000000,109.35,109.46,108.45,108.81,96005
20131030,000000,108.76,110.16,108.59,109.77,116834
20131031,000000,109.69,109.87,108.55,108.9,118046
20131101,000000,108.78,109.17,105.75,106.05,42392
20131104,000000,105.88,106.53,105.14,105.94,34807
20131105,000000,106.19,106.4,105.15,105.65,32550
20131106,000000,105.37,106.34,104.9,104.99,39782
20131107,000000,105.08,105.32,103.45,103.55,66279
20131108,000000,103.63,105.3,103.13,105.04,76198
20131111,000000,105.03,106.34,105.03,106.34,60564
20131112,000000,106.21,107.1,105.26,105.82,89126
20131113,000000,105.61,107.18,105.58,106.92,114281
20131114,000000,106.83,108.95,106.83,108.4,155411
20131115,000000,108.38,108.65,107.69,108.5,101667
20131118,000000,108.47,108.73,107.53,108.3,104857
20131119,000000,108.3,108.63,106.81,107.07,122896
20131120,000000,107.2,108.38,106.51,107.92,123835
20131121,000000,107.76,110.25,107.62,110.15,135774
20131122,000000,110.07,111.4,109.65,110.49,172981
20131125,000000,109.45,111.66,108.05,111.05,192775
20131126,000000,111.08,111.49,110.41,111.34,99723
20131127,000000,111.54,111.59,111.47,111.59,13
20131128,000000,111.44,111.55,110.61,110.95,31229
20131129,000000,110.98,111.5,109.62,110.11,75278
20131202,000000,109.3,111.93,109.03,111.01,42661
20131203,000000,111.15,112.44,110.64,112.24,35274
20131204,000000,112.49,112.5,110.98,111.17,43902
20131205,000000,111.14,111.76,110.4,110.76,34785
20131206,000000,110.55,111.64,110.52,111.36,34179
20131209,000000,111.22,111.37,108.73,108.93,41393
20131210,000000,108.99,110.19,108.4,109.25,65153
20131211,000000,109.2,109.7,108.46,109.32,68499
20131212,000000,109.33,109.78,108.14,108.34,81827
20131213,000000,108.22,108.61,107.61,108.3,102214
20131216,000000,108.6,110.4,108.53,109.04,126154
20131217,000000,109.2,109.41,108.2,108.21,97116
20131218,000000,108.33,109.73,107.8,109.28,118603
20131219,000000,109.25,110.53,109.14,110.06,97004
20131220,000000,110.09,111.89,109.87,111.84,112448
20131223,000000,111.73,111.93,111.27,111.57,62568
20131224,000000,111.61,112.06,111.42,112,30579
20131226,000000,111.98,112.12,111.46,112,26155
20131227,000000,111.95,112.8,111.5,112.11,82920
20131230,000000,112.16,112.64,110.9,111.2,62492
20131231,000000,111.18,111.52,110.4,110.9,47187
20140102,000000,110.74,111.07,107.49,107.65,32972
20140103,000000,107.66,108.42,106.44,106.65,35605
20140106,000000,106.49,107.6,106.28,106.67,35803
20140107,000000,106.73,107.33,106.56,107.01,30686
20140108,000000,107.08,107.54,106.6,106.83,36728
20140109,000000,106.83,107.71,105.7,106,55777
20140110,000000,105.91,106.89,105.5,106.83,70000
20140113,000000,106.75,106.96,105.58,105.59,54293
20140114,000000,105.87,106.3,105.22,105.25,78105
20140115,000000,105.27,106.72,105.06,105.97,111685
20140116,000000,106.11,106.4,105.46,105.48,105071
20140117,000000,105.55,106.95,105.44,106.32,96846
20140120,000000,106.34,106.65,105.81,106.51,43849
20140122,000000,108.25,108.25,108.05,108.08,73
20140123,000000,108.14,108.28,107.37,107.58,98987
20140124,000000,107.58,108.03,106.23,107.89,151029
20140127,000000,107.93,108.09,106.45,106.94,107528
20140128,000000,106.86,107.79,106.76,107.41,98698
20140129,000000,107.36,108.05,106.93,107.75,107320
20140130,000000,107.85,108.4,107.65,107.7,85182
20140131,000000,107.75,107.94,105.77,105.79,121741
20140203,000000,105.75,106.05,104.78,105.27,49551
20140204,000000,105.2,105.56,104.88,105.41,31411
20140205,000000,105.33,105.82,105,105.56,38542
20140206,000000,105.71,106.8,105.55,106.75,5478
20140207,000000,106.77,109.02,106.29,108.83,73732
20140210,000000,108.96,109.01,107.73,107.78,61230
20140211,000000,107.83,108.63,107.83,108.2,70319
20140212,000000,108.24,109,108.07,108.27,103744
20140213,000000,108.2,108.74,107.64,108.58,102707
20140214,000000,108.58,109.25,107.85,109.05,86107
20140217,000000,109.02,109.4,108.64,109.1,34870
20140218,000000,109.09,110.7,108.84,110.63,101275
20140219,000000,110.52,110.82,110.02,110.42,100744
20140220,000000,110.39,110.49,109.58,110.49,100575
20140221,000000,110.49,110.49,109.35,109.84,100830
20140224,000000,109.99,110.77,109.5,110.71,100631
20140225,000000,110.64,110.64,109.42,109.59,93865
20140226,000000,109.56,109.97,109.2,109.51,91287
20140227,000000,109.41,109.45,108.65,108.77,110060
20140228,000000,108.85,109.34,108.4,108.65,102252
20140303,000000,108.83,111.87,108.83,110.78,55704
20140304,000000,110.64,110.86,108.6,108.62,44442
20140305,000000,108.67,108.93,107.09,107.29,39834
20140306,000000,107.2,107.97,106.86,107.8,41822
20140307,000000,107.73,108.55,107.27,108.23,50145
20140310,000000,108.3,108.32,107.21,107.38,36770
20140311,000000,107.3,108.08,107.27,107.77,43608
20140312,000000,107.66,107.84,106.92,107.6,96322
20140313,000000,107.53,107.79,106.5,106.99,91365
20140314,000000,106.82,108.5,106.75,108.5,120033
20140317,000000,108.51,108.6,106.16,106.4,113684
20140318,000000,106.28,106.85,105.85,106.65,86172
20140319,000000,106.59,106.87,105.71,105.84,107802
20140320,000000,105.87,106.75,105.41,106.23,122788
20140321,000000,106.25,107.77,106.01,107.2,115628
20140324,000000,106.97,107.5,106.45,106.59,88966
20140325,000000,106.59,107.48,106.44,106.93,101035
20140326,000000,106.94,107.35,106.48,107,88475
20140327,000000,106.92,107.99,106.77,107.69,107360
20140328,000000,107.73,108.39,107.62,107.97,91232
20140331,000000,107.89,108.33,107.05,107.7,104259
20140401,000000,107.55,107.7,105.03,105.31,52883
20140402,000000,105.33,105.76,103.96,104.7,81871
20140403,000000,104.59,106.24,104.41,106.14,58759
20140404,000000,106.11,106.91,106.04,106.57,51933
20140407,000000,106.3,106.6,105.12,105.98,53628
20140408,000000,106,107.8,105.8,107.48,67034
20140409,000000,107.51,108.12,107.1,107.9,66958
20140410,000000,107.88,107.91,107.33,107.39,53550
20140411,000000,107.38,107.92,107.06,107.15,74966
20140414,000000,107.49,109.14,107.28,108.96,157201
20140415,000000,108.82,109.74,108.33,109.18,133138
20140416,000000,109.43,110.35,109,109.71,128754
20140417,000000,109.64,110.18,109.08,109.76,103858
20140421,000000,109.83,110.05,108.89,109.96,45524
20140422,000000,109.88,109.99,108.53,109.37,119775
20140423,000000,109.49,109.54,108.6,109.14,113032
20140424,000000,109.23,110.64,109.07,110.41,122942
20140425,000000,110.39,110.63,109.25,109.39,112353
20140428,000000,109.5,110.2,107.86,108.12,132297
20140429,000000,108.13,109.37,108,108.91,97716
20140430,000000,108.75,108.78,107.55,108.14,122847
20140501,000000,107.54,107.56,106.32,107.07,27277
20140502,000000,107.22,108.33,107.07,108.33,28791
20140505,000000,108.09,108.17,106.44,106.98,19465
20140506,000000,107.02,107.58,106.4,106.54,33960
20140507,000000,106.59,107.73,106.46,107.53,43939
20140508,000000,107.51,107.57,106.86,107.49,39045
20140509,000000,107.52,108.44,107.05,107.36,55653
20140512,000000,107.61,108.17,107.36,107.77,48891
20140513,000000,107.75,108.75,107.44,108.65,68685
20140514,000000,108.69,109.55,108.63,109.2,101426
20140515,000000,109.26,109.65,108.83,109.02,120309
20140516,000000,109.09,110.05,108.88,109.68,98489
20140519,000000,109.81,110.33,109.3,109.36,87626
20140520,000000,109.33,110,109.1,109.84,87249
20140521,000000,109.79,110.73,109.7,110.54,115446
20140522,000000,110.49,111.04,110.17,110.39,101942
20140523,000000,110.39,110.7,110.25,110.44,75444
20140526,000000,110.44,110.55,109.75,110.39,21263
20140527,000000,110.39,110.8,109.71,110.19,99753
20140528,000000,110.19,110.4,109.41,110.06,96469
20140529,000000,109.97,110.46,109.72,110.07,89399
20140530,000000,110.05,110.13,109.22,109.49,101128
20140602,000000,108.77,109.12,107.95,108.17,28169
20140603,000000,108.17,108.32,107.7,108.18,22904
20140604,000000,108.21,108.75,107.37,107.43,35826
20140605,000000,107.43,108.25,107.11,108.19,47054
20140606,000000,108.21,108.6,107.71,108.01,35827
20140609,000000,107.96,109.3,107.79,109.1,48826
20140610,000000,109.09,109.5,108.43,108.98,54748
20140611,000000,108.94,109.58,108.79,109.51,63357
20140612,000000,109.34,112.75,109.34,112.54,201660
20140613,000000,112.8,114.07,112,112.4,180441
20140616,000000,112.73,113.28,112.33,112.83,102775
20140617,000000,112.96,113.8,112.16,113.31,128184
20140618,000000,113.46,114.54,113.05,114.14,129611
20140619,000000,114.22,115.71,114.15,114.92,150153
20140620,000000,114.92,115.11,114.43,114.68,104255
20140623,000000,115.05,115.66,113.86,113.97,108785
20140624,000000,113.9,114.83,113.55,114.13,119495
20140625,000000,114.35,114.65,113.23,114.22,122377
20140626,000000,114.24,114.29,113,113.02,98097
20140627,000000,113.07,113.71,112.9,113.18,84384
20140630,000000,113.18,113.2,112.16,112.4,100942
20140701,000000,112.5,112.6,111.68,111.85,33042
20140702,000000,111.95,112.23,110.87,111,50955
20140703,000000,110.87,111.03,110.5,110.89,45259
20140704,000000,110.83,111.16,110.48,110.49,16437
20140707,000000,110.51,110.84,109.82,109.85,48104
20140708,000000,110.09,110.13,108.84,109.01,65319
20140709,000000,108.96,109.13,108.31,108.32,58215
20140710,000000,108.3,109.2,107.98,108.85,75365
20140711,000000,108.94,109.08,106.96,107.26,111378
20140714,000000,107,108.11,106.92,107.6,108310
20140715,000000,107.51,107.69,105.59,106.75,178228
20140716,000000,106.81,107.96,106.75,107.08,135627
20140717,000000,107.16,108.6,106.8,108.45,167536
20140718,000000,108.5,108.62,106.94,107.14,107469
20140721,000000,107.1,107.87,106.79,107.68,103432
20140722,000000,107.8,108.4,106.83,106.89,99855
20140723,000000,106.91,108.25,106.87,108.18,107866
20140724,000000,108.15,108.21,106.83,107.13,102555
20140725,000000,107.2,108.46,106.73,108.13,162497
20140728,000000,108.25,108.38,107.02,107.5,98446
20140729,000000,107.46,108.05,107.13,107.5,115860
20140730,000000,107.49,107.86,105.84,106.03,136185
20140731,000000,106.06,106.59,105.41,105.52,139705
20140801,000000,105.6,106.6,105.06,105.33,44122
20140804,000000,105.44,106.29,105.24,106.17,43886
20140805,000000,106.01,106.21,104.69,105.59,48750
20140806,000000,105.43,106,105.21,105.27,55281
20140807,000000,105.36,106.53,104.88,106.37,60683
20140808,000000,106.27,107.45,105.31,105.31,94738
20140811,000000,105.42,106.13,105.08,105.09,58506
20140812,000000,105.17,105.35,103.49,103.8,114431
20140813,000000,103.73,105.13,103.26,104.68,135927
20140814,000000,104.9,105.09,101.92,102.08,195522
20140815,000000,102.1,103.76,102.07,103.4,129600
20140818,000000,103.25,103.25,101.11,101.79,113040
20140819,000000,101.62,102.07,101.07,101.6,95898
20140820,000000,101.5,102.37,101.44,102.29,99963
20140821,000000,102.28,102.79,101.21,102.69,105144
20140822,000000,102.67,102.83,102,102.1,82124
20140825,000000,102.13,102.82,101.65,102.66,57264
20140826,000000,102.71,103.4,102.35,102.58,94395
20140827,000000,102.42,103.07,102.05,102.6,91523
20140828,000000,102.54,103.2,102.25,102.47,114340
20140829,000000,102.51,103.3,102.49,103.04,92750
20140901,000000,103.11,103.81,103,103.1,15771
20140902,000000,103.28,103.36,100.8,101.24,54242
20140903,000000,101.03,103.66,101.01,102.91,54391
20140904,000000,102.95,103.45,102.18,102.3,44451
20140905,000000,102.4,102.84,100.95,101.53,48623
20140908,000000,101.53,101.55,100.03,100.89,49902
20140909,000000,100.82,101.25,99.8,100,53144
20140910,000000,100.1,100.25,98.41,98.75,74987
20140911,000000,98.81,99.25,97.48,98.95,104462
20140912,000000,98.89,99.59,97.67,97.8,124449
20140915,000000,97.64,98.4,97.02,98,111460
20140916,000000,97.96,99.45,97.44,99,127172
20140917,000000,98.94,99.61,98.51,98.72,127812
20140918,000000,98.66,99.14,97.42,97.62,124710
20140919,000000,97.7,98.49,97.18,98.38,115546
20140922,000000,98.18,98.33,96.38,96.85,115264
20140923,000000,96.95,97.59,96.55,96.94,107398
20140924,000000,96.92,97.33,95.6,97.09,137414
20140925,000000,97.03,97.56,96.23,97.05,127904
20140926,000000,97.07,97.5,96.46,96.9,102612
20140929,000000,96.85,97.34,96.27,97.07,103291
20140930,000000,97.11,97.8,94.24,94.8,165031
20141001,000000,94.77,96.78,94.43,94.9,88247
20141002,000000,94.96,94.99,92.19,94.32,106622
20141003,000000,94,94.61,92.04,92.82,80087
20141006,000000,92.66,93.75,91.81,93.35,75827
20141007,000000,93.38,93.49,91.94,92.2,74269
20141008,000000,92.33,92.33,91,92.14,97124
20141009,000000,92.06,92.23,88.77,89.23,117547
20141010,000000,89.53,90.86,88.35,90.27,130764
20141013,000000,90.17,90.32,87.1,88.61,115442
20141014,000000,88.71,89.28,84.83,86,218368
20141015,000000,85.97,86.02,83.38,83.75,294523
20141016,000000,83.36,88,82.93,86.76,284050
20141017,000000,86.5,87.34,85.49,86.1,215152
20141020,000000,86.21,86.69,84.41,85.34,146577
20141021,000000,85.13,86.49,85.1,86.43,146279
20141022,000000,86.38,87.07,84.47,84.68,164191
20141023,000000,84.71,87.19,84.12,86.7,207437
20141024,000000,86.78,86.78,85.29,86.25,132835
20141027,000000,85.96,86.25,84.55,85.43,127706
20141028,000000,85.5,86.38,85.08,86.23,100113
20141029,000000,86.1,87.94,86.06,86.76,141898
20141030,000000,86.93,87.1,85.71,86.1,113727
20141031,000000,86.01,86.25,84.6,85.96,134328
20141103,000000,86.28,86.9,84.54,84.71,37891
20141104,000000,84.73,84.95,82.67,83.3,65870
20141105,000000,83.36,84.99,82.2,83.89,67685
20141106,000000,83.65,83.8,82.63,83.31,41630
20141107,000000,83.29,84.4,82.8,83.6,57135
20141110,000000,83.84,85.5,82.5,82.5,72010
20141111,000000,82.67,83.01,81.27,82,91285
20141112,000000,81.84,82.4,80.5,80.67,133789
20141113,000000,80.72,81,77.4,77.73,149449
20141114,000000,77.67,79.75,76.76,79.6,176087
20141117,000000,79.6,79.6,77.94,79.08,118070
20141118,000000,79,79.95,78.21,78.41,115224
20141119,000000,78.41,79.45,78.04,78.05,128587
20141120,000000,78.11,79.95,77.56,79.79,119771
20141121,000000,79.95,81.61,79.07,80.36,196629
20141124,000000,80.81,80.81,79.4,79.4,101390
20141125,000000,79.45,80.44,78.05,78.17,137997
20141126,000000,78.28,78.86,77.3,77.53,117001
20141127,000000,77.4,77.46,71.25,72.82,184927
20141128,000000,72.26,73.41,69.78,70.02,169703
20141201,000000,70.15,73.4,67.82,73.31,58283
20141202,000000,73.01,73.4,70.79,71.49,40144
20141203,000000,71.43,71.91,69.99,70.5,28445
20141204,000000,70.75,71.11,69.31,69.89,33737
20141205,000000,69.85,70.22,68.54,69.05,33644
20141208,000000,69.19,69.19,66.4,66.52,45639
20141209,000000,66.44,67.41,65.73,66.79,64936
20141210,000000,66.56,66.74,63.83,64.56,91355
20141211,000000,64.95,65.37,63.38,63.55,83661
20141212,000000,63.35,63.94,61.67,61.92,119565
20141215,000000,60.73,63.48,60.4,60.52,144965
20141216,000000,61.21,61.24,58.5,59.8,203519
20141217,000000,59.9,63.4,58.71,60.64,249626
20141218,000000,61.18,63.7,59.17,59.81,230199
20141219,000000,59.27,62.66,59.05,62.15,126933
20141222,000000,61.99,62.97,59.84,60.13,121227
20141223,000000,60.25,62.14,59.84,61.55,174230
20141224,000000,61.59,61.69,59.37,60.15,71392
20141226,000000,60.19,60.97,59.21,59.52,37499
20141229,000000,59.65,60.43,57.37,57.98,109703
20141230,000000,57.93,58.38,56.74,57.51,103643
20141231,000000,57.39,57.68,55.81,57.54,106912
<DATE>,<TIME>,<OPEN>,<HIGH>,<LOW>,<CLOSE>,<VOL>
20150102,000000,58.02,58.54,55.48,56.51,107874
20150105,000000,56.25,56.3,52.66,53.15,170063
20150106,000000,53.2,53.6,50.52,50.9,65194
20150107,000000,51.14,51.84,49.66,51.02,185120
20150108,000000,51.06,51.91,49.81,51.05,157255
20150109,000000,51.25,51.44,48.9,49.95,126043
20150112,000000,49.93,49.98,47.16,47.2,141340
20150113,000000,47.05,47.29,45.19,46.79,106710
20150114,000000,46.84,49.21,45.59,48.61,48361
20150115,000000,48.68,50.62,47,48.36,6679
20150116,000000,48.25,50.41,48.07,49.9,198394
20150119,000000,50.1,50.35,48.68,48.85,68672
20150120,000000,48.91,49.48,47.78,48.17,175030
20150121,000000,48.3,49.59,48.21,48.75,188877
20150122,000000,48.6,50.45,48.02,49,171883
20150123,000000,49.11,49.8,48.55,48.55,150209
20150126,000000,48.56,49.29,47.57,48.11,152099
20150127,000000,48.25,49.99,47.68,49.26,164211
20150128,000000,49.1,49.72,48.29,48.65,139893
20150129,000000,48.69,49.25,48.37,49.05,126508
20150130,000000,49.15,53.08,48.76,52.95,241857
20150202,000000,52.6,55.62,51.41,54.85,259858
20150203,000000,55,60.08,54.84,58.02,89994
20150204,000000,59.1,59.11,54.54,55.47,82704
20150205,000000,55.85,58.78,54.06,57.87,109455
20150206,000000,57.67,59.9,57.67,59.09,79280
20150209,000000,58.87,60.59,58.25,58.83,104263
20150210,000000,58.87,59.62,57.19,57.97,132258
20150211,000000,58.15,58.15,55.16,56.3,171257
20150212,000000,56.33,59.91,56.07,59.24,216467
20150213,000000,59.27,61.77,59.08,61.41,185651
20150216,000000,61.49,62.32,61.15,61.42,3233
20150219,000000,58.85,60.99,57.8,60.21,155723
20150220,000000,60.2,61.15,59.82,60.1,113940
20150223,000000,60.04,60.67,58.37,59,192666
20150224,000000,59.09,60.29,58.1,58.75,163766
20150225,000000,58.75,62.2,58.41,61.91,169462
20150226,000000,61.85,62.63,59.66,60.52,188749
20150227,000000,60.75,62.83,60.51,62.48,150323
20150309,000000,60.05,60.5,58.95,59.11,59095
20150310,000000,58.95,59.26,56.62,56.91,79311
20150311,000000,56.93,58.25,56.35,58.22,93513
20150312,000000,58.23,59.15,56.75,57.18,109389
20150313,000000,57.25,57.6,54.75,54.89,124306
20150316,000000,54.66,55.01,52.65,54.15,159644
20150317,000000,52.96,53.73,52.63,53.3,82961
20150318,000000,53.28,56.84,52.68,56.27,185843
20150319,000000,56.18,56.2,53.91,54.46,139341
20150320,000000,54.46,55.67,53.55,55.22,125736
20150323,000000,55.24,56.19,54.12,55.89,148881
20150324,000000,55.83,56.57,54.85,55.31,130913
20150325,000000,55.09,57.17,54.7,56.38,163845
20150326,000000,56.35,59.78,56.3,58.86,207161
20150327,000000,58.97,59.04,55.95,56.12,138331
20150330,000000,55.94,56.65,55.2,56.56,135109
20150331,000000,56.31,56.33,54.72,55.1,192260
20150401,000000,55.17,57.69,54.7,56.67,164146
20150402,000000,56.72,58.32,55.12,56.23,72517
20150406,000000,56.21,59.43,55.69,59.01,49136
20150407,000000,59.3,60.32,58.17,59.66,87799
20150408,000000,59.35,59.75,56.61,57.29,81998
20150409,000000,57.3,59.16,57.1,57.92,90784
20150410,000000,57.88,59.18,57.33,59.1,94513
20150413,000000,59.08,60.59,58.56,59.05,127435
20150414,000000,59.14,60.44,58.95,60.17,136983
20150415,000000,60.06,63.47,60.03,62.71,190254
20150416,000000,62.9,64.95,62,63.94,179523
20150417,000000,64.02,64.5,62.95,63.72,138694
20150420,000000,63.85,64.4,62.1,63.48,167197
20150421,000000,63.52,63.52,61.65,61.78,121388
20150422,000000,61.9,63.33,61.39,62.85,138161
20150423,000000,62.88,65.58,62.22,64.75,188240
20150424,000000,64.75,65.8,64.48,65.49,132798
20150428,000000,65.23,65.32,64.5,64.57,53482
20150429,000000,64.64,66.72,64.13,65.6,160428
20150430,000000,65.63,66.93,65.37,66.8,142079
20150501,000000,66.78,66.93,65.52,66.51,90243
20150504,000000,67.24,67.85,66.73,67.11,19000
20150505,000000,67.2,69.13,66.91,68.34,46309
20150506,000000,68.43,69.63,67.35,67.45,160709
20150507,000000,67.37,69.17,65.88,66.32,63528
20150508,000000,66.16,66.44,64.23,65.59,168381
20150511,000000,66.15,66.53,65.01,65.51,74720
20150512,000000,65.5,67.95,65.4,67.82,123284
20150513,000000,67.83,68.52,66.87,67.04,148777
20150514,000000,66.97,67.82,66.26,66.65,149905
20150515,000000,66.75,67,65.37,66.86,151427
20150518,000000,66.91,67.88,65.92,66.3,136633
20150519,000000,66.19,66.39,63.95,64.45,162704
20150520,000000,64.49,65.18,64.1,64.96,149310
20150521,000000,64.89,66.88,64.83,66.48,159984
20150522,000000,66.6,66.64,65.1,65.57,120952
20150525,000000,65.56,66.22,64.72,65.9,30359
20150526,000000,65.7,65.7,63.29,63.89,172510
20150527,000000,63.89,64.67,61.96,62.25,155707
20150528,000000,62.2,62.95,61.24,62.85,154512
20150529,000000,62.89,65.83,62.68,65.45,233363
20150601,000000,65.56,65.8,64.25,64.98,123608
20150602,000000,64.9,66.5,64.71,66.1,57554
20150603,000000,66.11,66.12,64.26,64.46,52321
20150604,000000,64.56,64.74,62.48,62.81,49409
20150605,000000,62.78,64.12,61.67,63.92,67652
20150608,000000,63.56,64.04,63.04,63.19,50140
20150609,000000,63.32,65.79,63.3,65.72,86191
20150610,000000,65.8,66.94,65.44,66.09,85495
20150611,000000,66.11,66.71,65.2,65.47,94768
20150612,000000,65.5,65.63,64.52,64.52,111160
20150615,000000,64.37,64.76,63.37,63.94,185524
20150616,000000,63.8,64.41,63.42,63.67,159921
20150617,000000,63.6,65.47,62.6,63.7,214198
20150618,000000,63.74,64.96,63.45,64.34,130746
20150619,000000,64.2,64.56,62.34,62.75,141260
20150622,000000,62.57,63.74,62.1,63.25,122238
20150623,000000,63.21,64.89,62.76,64.53,187041
20150624,000000,64.69,65.05,63.01,63.58,165352
20150625,000000,63.5,63.95,62.72,63.43,114915
20150626,000000,63.34,63.62,62.5,63.05,121560
20150629,000000,62.85,62.96,61.35,61.99,182658
20150630,000000,61.77,63.83,61.71,63.14,137759
20150701,000000,63.02,63.35,61.84,62.02,143874
20150702,000000,61.92,63.64,61.92,62.29,52715
20150703,000000,62.28,62.56,60.63,61.09,28762
20150706,000000,60.45,60.54,56.87,57.14,83724
20150707,000000,57.3,58.31,55.6,58,106391
20150708,000000,57.75,58.15,56.35,57.63,90329
20150709,000000,57.52,59.5,57.31,58.73,95810
20150710,000000,58.87,59.9,58.15,58.89,73680
20150713,000000,58.59,59.14,57.16,58.14,136700
20150714,000000,58.05,58.98,56.75,58.94,175353
20150715,000000,58.8,58.98,56.92,57.37,148041
20150716,000000,57.36,58,56.86,56.95,160157
20150717,000000,56.94,57.35,56.4,57.01,118060
20150720,000000,57.12,57.44,56.33,56.54,98754
20150721,000000,56.55,57.44,56.33,56.98,112544
20150722,000000,56.88,56.9,55.92,56.09,151204
20150723,000000,56.04,56.53,55.1,55.41,124575
20150724,000000,55.39,55.6,54.3,54.56,112079
20150727,000000,54.45,54.89,52.83,52.96,121481
20150728,000000,53.08,54.08,52.28,52.98,187790
20150729,000000,53,54.33,52.51,53.55,188656
20150730,000000,53.52,54.38,53.02,53.38,123520
20150731,000000,53.43,53.47,51.63,51.85,126229
20150803,000000,51.55,52.01,49.36,49.59,183740
20150804,000000,49.7,50.45,49.58,50.28,129985
20150805,000000,50.14,50.99,49.02,49.72,182646
20150806,000000,49.72,49.83,48.88,49.59,150400
20150807,000000,49.62,50.06,48.42,48.49,117598
20150810,000000,48.43,50.49,48.24,50.3,141123
20150811,000000,50.22,51.69,49.18,49.87,113974
20150812,000000,49.9,50.53,49.28,50.21,167527
20150813,000000,50.38,50.83,49.25,49.65,169793
20150814,000000,49.48,49.83,48.65,48.77,172438
20150817,000000,48.72,49.44,48.35,48.57,135678
20150818,000000,48.55,49.04,48.25,48.65,119664
20150819,000000,48.5,49.11,46.78,46.88,170610
20150820,000000,47.03,47.38,46.03,46.25,140080
20150821,000000,46.34,46.51,45.07,45.43,165505
20150824,000000,45.35,45.46,42.23,42.45,235691
20150825,000000,42.79,44.5,42.68,43.5,198068
20150826,000000,43.32,43.76,42.81,43.64,200254
20150827,000000,43.75,47.75,43.7,47.4,252338
20150828,000000,47.4,50.98,46.61,49.93,415577
20150831,000000,50.05,54.32,48.25,53.12,343891
20150901,000000,52.92,53.47,48.47,48.64,338156
20150902,000000,48.59,51,47.74,50.47,262486
20150903,000000,50.58,52.46,49.82,50.6,230840
20150904,000000,50.69,51.05,49.25,49.29,161860
20150907,000000,49.27,49.44,47.5,47.76,59741
20150908,000000,47.76,49.85,47.64,49.31,177109
20150909,000000,49.39,50.04,47.32,47.44,128120
20150910,000000,47.46,49.9,46.76,49.72,74543
20150911,000000,49.6,49.94,48.11,49.08,128409
20150914,000000,49,49.25,47.25,47.41,114924
20150915,000000,47.6,48.25,47.01,48.12,133222
20150916,000000,48.06,50.34,47.71,49.98,191536
20150917,000000,49.98,50.14,48.32,49.35,180291
20150918,000000,49.26,49.75,47.16,47.78,165119
20150921,000000,47.64,48.99,47.48,48.73,122803
20150922,000000,48.5,49.21,47.7,49.2,137669
20150923,000000,49.08,50.25,47.68,47.8,180587
20150924,000000,47.88,48.47,47.4,48.33,127392
20150925,000000,48.17,49.1,47.86,48.34,145183
20150928,000000,48.34,48.44,47.25,47.4,151624
20150929,000000,47.45,48.65,47.25,47.94,133424
20150930,000000,47.97,49,47.79,48.44,155963
20151001,000000,48.4,49.83,47.62,48.06,203872
20151002,000000,47.99,48.5,46.93,48.22,168210
20151005,000000,48.08,49.87,47.84,49.22,122798
20151006,000000,49.37,52.26,48.87,52.15,188969
20151007,000000,52.15,53.15,51.21,51.75,133502
20151008,000000,51.76,53.52,51.28,53.3,116912
20151009,000000,53.35,54.05,52.21,52.43,111437
20151012,000000,52.59,53.62,50.16,50.63,113573
20151013,000000,50.75,51.14,49.34,49.66,155811
20151014,000000,49.4,50.02,49.21,49.58,137821
20151015,000000,49.6,50.35,48.7,50.33,196420
20151016,000000,50.21,50.7,49.31,50.5,117065
20151019,000000,50.38,50.68,48.57,48.91,148317
20151020,000000,48.83,49.2,48.22,48.56,133175
20151021,000000,48.58,48.65,47.5,47.89,157590
20151022,000000,47.96,48.73,47.65,48.22,121196
20151023,000000,48.32,48.65,47.45,48.08,130286
20151026,000000,48,48.33,47.3,47.46,109620
20151027,000000,47.43,47.57,46.41,47.03,142338
20151028,000000,46.91,49.23,46.61,49.12,167425
20151029,000000,49.15,49.38,48.17,48.61,146932
20151030,000000,48.66,50,48.28,49.5,144549
20151102,000000,49.42,49.69,48.61,48.77,106477
20151103,000000,48.9,50.91,48.46,50.25,185989
20151104,000000,50.25,50.87,48.49,48.92,195640
20151105,000000,48.84,49,47.93,48.12,115557
20151106,000000,48.05,48.58,47.27,47.66,100661
20151109,000000,47.46,48.41,47.01,47.3,114133
20151110,000000,47.32,47.86,46.96,47.05,98203
20151111,000000,47.08,48.37,46.42,46.59,128280
20151112,000000,46.74,47.07,45,45.2,205446
20151113,000000,45.16,45.95,44.16,44.6,200300
20151116,000000,44.7,45.18,43.16,44.86,188336
20151117,000000,44.7,45.1,43.5,43.99,152565
20151118,000000,43.97,44.74,43.34,44.27,167112
20151119,000000,44.3,44.76,43.7,44.26,115790
20151120,000000,44.25,45.5,44.07,44.48,159930
20151123,000000,44.36,45.73,43.57,45.11,213034
20151124,000000,45.11,46.5,44.92,45.91,168879
20151125,000000,46.04,46.5,45.03,46.28,139556
20151126,000000,46.23,46.32,45,45.62,69638
20151127,000000,45.57,45.63,44.79,44.87,106395
20151130,000000,44.86,45.75,44.44,44.5,167973
20151201,000000,44.62,45.18,44.03,44.28,139160
20151202,000000,44.32,44.64,42.43,42.68,228353
20151203,000000,42.77,44.69,42.61,44.06,166712
20151204,000000,43.98,44.82,42.67,43.22,199656
20151207,000000,43.26,43.26,40.6,40.66,174869
20151208,000000,40.82,41.45,39.81,40.46,209254
20151209,000000,40.63,41.59,39.57,40.33,194423
20151210,000000,40.43,40.7,39.46,39.55,122999
20151211,000000,39.57,40.13,37.73,38.27,172688
20151214,000000,38.39,38.68,36.75,37.99,213978
20151215,000000,38.1,39.69,37.81,38.45,225112
20151216,000000,38.45,38.74,37.17,37.57,196582
20151217,000000,37.6,37.93,36.75,36.95,151892
20151218,000000,36.81,37.73,36.41,36.55,181428
20151221,000000,36.55,36.75,36.04,36.23,115075
20151222,000000,36.36,36.72,35.98,36.38,127226
20151223,000000,36.37,37.88,36.28,37.79,147350
20151224,000000,37.77,38.1,36.91,37.93,92536
20151228,000000,37.84,37.95,36.41,36.6,71816
20151229,000000,36.59,37.98,36.56,37.39,101566
20151230,000000,37.29,37.55,36.35,36.68,91546
20151231,000000,36.57,37.95,36.1,37.6,113998
20160104,000000,37.85,38.99,36.77,37.33,180444
20160105,000000,37.27,37.57,36.24,36.59,164418
20160106,000000,36.64,36.67,34.13,34.38,221868
20160107,000000,34.52,34.74,32.16,33.77,180185
20160108,000000,34.02,34.72,32.78,33.26,141595
20160111,000000,33.34,33.73,31.52,31.6,155414
20160112,000000,31.77,32.69,30.5,30.83,202482
20160113,000000,31.25,31.83,29.94,30.24,250587
20160114,000000,30.23,31.19,29.7,31.1,219672
20160115,000000,31,31.02,28.82,29.11,223796
20160118,000000,28.73,29.57,27.67,28.74,130375
20160119,000000,28.7,30.24,28.6,28.73,201737
20160120,000000,28.66,28.75,27.1,27.79,203500
20160121,000000,27.99,29.84,27.29,29.72,273127
20160122,000000,29.62,32.3,29.29,32.08,240280
20160125,000000,32.69,32.81,30,30.09,160814
20160126,000000,30.01,32.72,29.27,31.09,213508
20160127,000000,31.2,33.49,30.84,33.01,175106
20160128,000000,32.84,35.84,32.56,34.55,114752
20160129,000000,34,36.17,34,35.87,297336
20160201,000000,35.91,36.25,33.92,34.13,257907
20160202,000000,34.12,34.13,32.23,32.57,253893
20160203,000000,32.41,35.53,32.3,35.47,320545
20160204,000000,35.32,35.84,34.15,34.39,223450
20160205,000000,34.39,35.14,33.81,34.13,185373
20160208,000000,33.99,34.68,32.77,33.21,164638
20160209,000000,33.17,33.56,30.28,30.81,256841
20160210,000000,30.94,31.9,30.35,30.97,232561
20160211,000000,30.83,31.35,29.92,31.13,243327
20160212,000000,31.31,33.44,30.85,32.65,259589
20160215,000000,32.77,34.09,32.67,34.03,108450
20160216,000000,34.51,35.54,31.92,32.3,356911
20160217,000000,32.54,34.99,31.82,34.87,240093
20160218,000000,34.91,35.73,33.79,33.99,263401
20160219,000000,33.88,34.46,32.68,33.12,160221
20160222,000000,33.15,34.97,32.85,34.67,150330
20160223,000000,34.54,35.11,32.9,32.9,167116
20160224,000000,32.98,34.67,32.37,34.41,207785
20160225,000000,34.39,35.74,33.3,35.06,84741
20160226,000000,35.1,37,34.74,35.13,52956
20160229,000000,35.43,36.74,35.08,36.64,212851
20160301,000000,36.6,37.25,35.95,36.6,243786
20160302,000000,36.62,37.4,36.1,37.06,249721
20160303,000000,36.93,37.37,36.35,37.06,160324
20160304,000000,37.04,38.95,36.82,38.93,271423
20160307,000000,38.88,41.04,38.87,40.83,277221
20160308,000000,40.71,41.48,39.31,39.54,292559
20160309,000000,39.65,41.18,39.39,40.84,228222
20160310,000000,40.89,41,39.63,40.16,226081
20160311,000000,40.33,41.03,40.02,40.38,182795
20160314,000000,40.25,40.5,38.82,39.73,199198
20160315,000000,39.66,39.74,38.33,38.95,165610
20160316,000000,39.14,40.44,38.83,40.21,155152
20160317,000000,40.45,41.6,40.41,41.43,143609
20160318,000000,41.38,42.54,41.07,41.46,172701
20160321,000000,41.31,41.88,40.48,41.41,113766
20160322,000000,41.47,41.96,40.97,41.58,111392
20160323,000000,41.56,41.82,40.42,40.54,128755
20160324,000000,40.4,40.64,39.22,40.45,125515
20160328,000000,41.16,41.62,40.23,40.76,40717
20160329,000000,40.8,40.85,39.46,40.03,127714
20160330,000000,40.13,41.34,39.88,39.94,148676
20160331,000000,39.84,40.85,39.5,40.14,206268
20160401,000000,40.14,40.43,38.55,38.75,197216
20160404,000000,38.69,38.92,37.5,37.58,167767
20160405,000000,37.5,38.44,37.27,38.33,161100
20160406,000000,38.4,39.94,38.34,39.75,176812
20160407,000000,39.9,40.29,38.7,39.66,172463
20160408,000000,39.68,42.01,39.62,41.89,212185
20160411,000000,42,43.06,41.41,42.81,178152
20160412,000000,42.7,44.81,42.56,44.28,231417
20160413,000000,44.44,44.94,43.76,43.9,205669
20160414,000000,44.01,44.62,43.29,43.78,143910
20160415,000000,43.8,44.05,42.28,42.85,182748
20160425,000000,45.13,45.59,44.26,44.76,132162
20160426,000000,44.69,46.49,44.36,46.42,113871
20160427,000000,46.09,47.2,45.44,47,167720
20160428,000000,46.87,47.82,46.51,47.68,147701
20160429,000000,47.58,48.29,46.76,47.32,205986
20160502,000000,47.37,47.39,45.72,45.91,122326
20160503,000000,45.8,46.4,44.62,45.23,196285
20160504,000000,45.21,46.01,44.19,44.92,205079
20160505,000000,45.08,46.77,44.65,45.22,197070
20160506,000000,45.16,46.12,44.19,45.28,191619
20160509,000000,45.86,46.27,43.43,43.45,206905
20160510,000000,43.49,45.7,43.33,45.44,193316
20160511,000000,45.59,47.75,44.8,47.4,229060
20160512,000000,47.32,48.19,46.8,47.91,193843
20160513,000000,47.85,48.12,47.26,47.85,144927
20160517,000000,49.03,49.75,48.57,49.36,155085
20160518,000000,49.36,49.85,48.45,48.54,195401
20160519,000000,48.67,48.88,47.38,48.88,191986
20160520,000000,48.9,49.39,48.07,48.74,150873
20160523,000000,48.72,48.84,47.58,48.39,114015
20160524,000000,48.35,49.24,47.8,49.04,128133
20160525,000000,49.16,49.96,48.91,49.78,135533
20160526,000000,49.76,50.51,49.25,49.33,95972
20160527,000000,49.97,50.13,49.34,50.03,107284
20160530,000000,50.23,50.43,49.55,50.28,34852
20160531,000000,50.3,50.87,49.5,49.52,149012
20160601,000000,49.65,50,48.65,49.74,171913
20160602,000000,49.63,50.3,48.84,49.95,177493
20160603,000000,49.95,50.33,49.3,49.84,142199
20160606,000000,49.83,50.83,49.72,50.48,142678
20160607,000000,50.46,51.54,50.28,51.49,151508
20160608,000000,51.41,52.8,51.32,52.7,194655
20160609,000000,52.74,52.86,51.53,51.86,152392
20160610,000000,51.91,52.1,50.33,50.48,152407
20160613,000000,50.42,50.79,49.61,50,143972
20160614,000000,49.89,50.05,49.2,49.25,138261
20160615,000000,49.22,49.8,48.39,48.62,182634
20160616,000000,48.56,48.77,46.94,47.03,218837
20160617,000000,47.28,49.4,47.25,49.25,182082
20160620,000000,49.42,50.68,49.36,50.41,164109
20160621,000000,50.43,51.1,49.46,50.95,158992
20160622,000000,51.06,51.24,49.18,49.89,188149
20160623,000000,50.14,51.18,49.89,51.14,146431
20160624,000000,50.69,50.74,47.54,48.41,263393
20160627,000000,48.43,49.48,47.3,48.11,134632
20160628,000000,47.61,48.79,47.47,48.66,67389
20160629,000000,49.49,51.44,49.33,50.96,183939
20160630,000000,50.94,51.02,49.53,49.74,188659
20160701,000000,49.9,50.66,49.25,50.55,156808
20160704,000000,50.6,50.68,50.03,50.04,50961
20160705,000000,49.02,49.18,47.54,48.18,184528
20160706,000000,48.06,49.31,47.17,49.25,212782
20160707,000000,49.12,49.59,46.15,46.45,232117
20160708,000000,46.6,47.23,46.15,46.44,161127
20160711,000000,46.49,47.1,45.9,46.07,128993
20160712,000000,46.17,48.57,46.09,48.19,188430
20160713,000000,48.13,48.2,46.09,46.56,192750
20160714,000000,46.59,47.47,46.34,47.13,145999
20160715,000000,47.03,47.33,46.77,46.93,5529
20160718,000000,46.64,47.19,46.61,47.03,38359
20160719,000000,46.93,47.49,46.53,46.71,120497
20160720,000000,46.76,47.49,45.9,47.13,187566
20160721,000000,47.17,47.56,47.11,47.48,6588
20160728,000000,43.23,43.24,43.13,43.16,1331
20160729,000000,43.14,43.6,42.52,43.21,180953
20160801,000000,43.11,43.85,41.87,42.22,165232
20160802,000000,42.23,43.18,41.51,41.97,184153
20160803,000000,41.94,43.47,41.56,43.44,200589
20160804,000000,43.36,44.34,42.51,44.22,167013
20160805,000000,44.18,44.49,43.51,44.42,153206
20160808,000000,44.34,45.71,44.24,45.18,149174
20160809,000000,45.25,45.76,44.76,44.99,136402
20160810,000000,44.92,45.68,43.81,43.84,186870
20160811,000000,43.78,46.3,43.46,45.96,210586
20160812,000000,46.18,47.25,45.74,47.08,149162
20160815,000000,47.14,48.54,46.84,48.1,170280
20160816,000000,48.22,49.36,47.9,48.9,171834
20160817,000000,48.88,49.48,48.55,49.14,82178
20160819,000000,50.9,51.22,50.32,50.79,87161
20160822,000000,50.7,50.7,49.07,49.1,154786
20160823,000000,49.04,50.21,48.48,49.58,186990
20160824,000000,49.57,49.87,48.68,49.03,151206
20160825,000000,49.03,49.93,48.84,49.93,78835
20160826,000000,49.91,50.99,49.38,49.79,98474
20160829,000000,49.58,49.58,49.39,49.41,5871
20160830,000000,49.45,49.9,48.52,48.68,120583
20160831,000000,48.65,48.77,46.77,46.97,204364
20160901,000000,46.98,47.24,45.32,45.82,205243
20160902,000000,45.79,47.02,45.41,46.68,216490
20160905,000000,46.7,49.4,46.4,47.4,236186
20160906,000000,47.43,47.99,46.29,47.36,162964
20160907,000000,47.2,48.56,46.97,48.55,159172
20160908,000000,48.55,50.14,48.21,49.69,207325
20160909,000000,49.63,49.7,47.76,47.88,162500
20160912,000000,47.81,48.63,46.9,48.15,179569
20160913,000000,48.17,48.22,46.96,47.19,172978
20160914,000000,47.33,47.48,45.7,45.97,218323
20160915,000000,46.06,47,45.67,46.41,175363
20160916,000000,46.31,46.41,45.48,46.05,149663
20160919,000000,46.01,46.93,45.85,45.92,138228
20160920,000000,45.91,46.3,45.09,46.2,189908
20160921,000000,46.45,47.14,46.38,47.05,151958
20160922,000000,46.99,47.83,46.99,47.46,129060
20160923,000000,47.42,48.26,45.65,46.07,188515
20160926,000000,46.62,48.24,46.3,47.54,117052
20160927,000000,47.71,47.89,46.17,46.75,153982
20160928,000000,46.75,49.5,46.26,49.43,330427
20160929,000000,49.46,50.39,48.55,49.62,254838
20160930,000000,49.76,50.27,48.9,49.99,181819
20161003,000000,50.02,51.14,49.74,50.8,181270
20161004,000000,50.93,51.55,50.34,51.31,179854
20161005,000000,51.22,52.09,51.22,51.61,183458
20161006,000000,51.76,52.75,51.32,52.59,177411
20161007,000000,52.72,52.84,51.33,51.69,185690
20161010,000000,51.63,53.73,51.3,52.92,193415
20161011,000000,53.11,53.32,52.12,52.53,189218
20161012,000000,52.48,52.87,51.61,51.66,159869
20161013,000000,51.6,52.15,50.92,51.96,171390
20161014,000000,52.06,52.55,51.5,52,125865
20161017,000000,51.93,52.29,51.16,51.68,136420
20161018,000000,51.72,52.15,51.25,52.15,128940
20161019,000000,52.13,53.14,52.09,52.54,167973
20161020,000000,52.6,52.72,51.17,51.39,140359
20161021,000000,51.4,51.94,51.12,51.92,121505
20161024,000000,51.89,52.01,50.5,51.48,136726
20161025,000000,51.44,51.83,50.22,51.29,135021
20161026,000000,51.26,51.8,50.75,51.07,131587
20161027,000000,51.1,51.98,50.94,51.43,149029
20161028,000000,51.51,51.66,50.34,50.57,153982
20161031,000000,50.34,50.76,48.45,48.51,238382
20161101,000000,48.72,49.26,47.72,47.9,249773
20161102,000000,47.9,48.02,46.46,47.08,229932
20161103,000000,47.15,47.52,45.99,46.28,175097
20161104,000000,46.43,46.56,45.08,45.6,240693
20161107,000000,45.7,46.38,45.38,46.33,157407
20161108,000000,46.3,46.69,45.6,45.82,177014
20161109,000000,46.04,46.95,44.4,46.5,249298
20161110,000000,46.36,46.92,45.56,45.66,160190
20161111,000000,45.8,45.89,44.19,44.52,169250
20161114,000000,44.54,44.99,43.57,44.76,168759
20161115,000000,44.7,47.25,44.67,46.91,201565
20161116,000000,46.88,47.56,46.25,46.34,198559
20161117,000000,46.44,47.62,45.97,46,159824
20161118,000000,46.05,46.99,45.75,46.89,161771
20161121,000000,46.92,49.15,46.92,49.04,180341
20161122,000000,49.25,49.96,48.14,49.05,234256
20161123,000000,49.2,49.5,48.56,48.88,141563
20161124,000000,49.03,49.21,48.76,48.86,46313
20161125,000000,48.96,49.02,46.85,47.12,117615
20161128,000000,47.97,49.76,47.3,48.99,203196
20161129,000000,49.06,49.07,46.91,47.26,249501
20161130,000000,47.51,52.37,47.4,51.52,522564
20161201,000000,51.72,54.53,51.51,53.7,280322
20161202,000000,53.88,54.5,52.84,54.49,199141
20161205,000000,54.4,55.33,53.77,54.19,180867
20161206,000000,54.5,54.94,53.51,53.89,163506
20161207,000000,53.94,54.23,52.92,53.02,165864
20161208,000000,53.15,54.05,52.81,53.98,163775
20161209,000000,53.97,54.46,53.77,54.36,128000
20161212,000000,55.88,57.89,55.11,55.45,216704
20161213,000000,55.7,56.44,55.13,55.23,124631
20161214,000000,55.16,55.81,53.52,53.72,193300
20161215,000000,53.76,54.5,53.15,54.23,152316
20161216,000000,54.11,55.38,53.71,55.33,141092
20161219,000000,55.4,55.8,54.69,55.07,96068
20161220,000000,55.02,55.92,54.75,55.54,108707
20161221,000000,55.52,55.87,54.32,54.53,114468
20161222,000000,54.55,55.23,54.05,54.9,103725
20161223,000000,54.84,55.25,54.26,55.08,64113
20161227,000000,55.96,57.82,55.77,56.95,62165
20161228,000000,56.71,57.27,56.61,56.63,89783
20161229,000000,56.73,57.33,56.66,56.95,120840
20161230,000000,57,57.2,56.46,56.75,86858
20170102,000000,56.82,56.82,56.82,56.82,1
20170103,000000,57.05,58.37,55.3,55.56,226241
20170104,000000,55.73,56.55,55.33,56.47,155502
20170105,000000,56.35,57.35,56.01,56.9,159774
20170106,000000,56.88,57.47,56.28,56.75,130683
20170109,000000,56.81,57,54.74,54.82,163180
20170110,000000,54.95,55.36,53.58,53.63,191122
20170111,000000,53.8,55.67,53.7,55.33,222942
20170112,000000,55.19,56.43,55.01,56.11,168457
20170113,000000,56,56.21,55.28,55.59,131593
20170116,000000,55.64,55.92,55.19,55.68,60334
20170117,000000,55.74,56.95,55.4,55.47,167421
20170118,000000,55.48,55.9,53.77,54.25,211623
20170119,000000,54.29,54.77,53.9,54.21,150344
20170120,000000,54.33,55.8,54.18,55.49,159750
20170123,000000,55.7,55.75,54.65,55.37,139762
20170124,000000,55.42,55.86,55.07,55.16,110995
20170125,000000,55.24,55.75,54.75,55.65,132397
20170126,000000,55.73,56.78,55.48,56.45,117416
20170127,000000,56.33,56.72,55.09,55.65,134761
20170130,000000,55.66,55.86,55.04,55.32,127357
20170131,000000,55.34,56.44,54.96,55.49,203539
20170201,000000,55.55,56.83,55.36,56.59,187248
20170202,000000,56.53,57.45,56.33,56.74,178081
20170203,000000,56.92,57.29,56.39,56.72,136945
20170206,000000,56.85,57.13,55.65,55.89,136957
20170207,000000,55.91,55.98,54.58,54.66,176448
20170208,000000,54.5,55.68,54.44,55.16,178002
20170209,000000,55.3,55.92,55.23,55.74,117740
20170210,000000,55.66,56.88,55.59,56.61,154834
20170213,000000,56.68,56.81,55.41,55.66,140707
20170214,000000,55.75,56.46,55.53,55.8,120613
20170215,000000,55.82,56.25,55.56,55.69,118155
20170216,000000,55.74,56.24,55.13,55.81,158140
20170217,000000,55.73,55.88,55.1,55.72,108992
20170220,000000,55.9,56.42,55.7,56.15,58058
20170221,000000,56.17,57.31,56.1,56.67,129579
20170222,000000,56.74,57.01,55.64,56.19,115118
20170223,000000,56.2,57.26,56.18,56.47,120633
20170224,000000,56.4,56.66,55.74,56.04,48023
20170227,000000,56.32,57.06,56.28,56.43,120186
20170228,000000,56.52,56.64,55.62,56.45,220262
20170301,000000,56.45,57.05,56.24,56.28,156679
20170302,000000,56.31,56.44,55.03,55.03,203790
20170303,000000,55.18,55.95,55.09,55.71,144251
20170306,000000,55.8,56.25,55.32,55.94,132639
20170307,000000,55.95,56.65,55.56,55.6,144079
20170308,000000,55.63,55.77,52.93,53.16,282244
20170309,000000,53.49,53.86,51.5,52.38,336458
20170310,000000,52.48,52.98,51.14,51.27,193208
20170313,000000,51.49,51.7,50.85,51.33,165937
20170314,000000,51.34,51.86,50.25,51.84,242944
20170315,000000,51.5,52.15,51.36,52,180170
20170316,000000,52.08,52.65,51.5,51.74,157291
20170317,000000,51.74,52.18,51.53,51.67,99138
20170320,000000,51.8,51.94,51.01,51.72,138326
20170321,000000,51.7,52.22,50.73,50.85,156322
20170322,000000,50.86,50.98,49.71,50.68,189809
20170323,000000,50.83,51.1,50.25,50.51,114896
20170324,000000,50.64,51.06,50.4,50.97,77801
20170327,000000,51.15,51.19,50.13,50.94,90631
20170328,000000,50.98,52,50.92,51.42,120853
20170329,000000,51.49,52.61,51.45,52.55,158279
20170330,000000,52.53,53.27,52.17,53.07,171946
20170331,000000,53.04,53.77,52.6,53.62,211716
20170403,000000,53.62,53.74,53.03,53.1,124226
20170404,000000,53.18,54.38,52.73,54.26,158286
20170405,000000,54.22,55.09,53.97,54.01,185600
20170406,000000,54.13,55,54.02,54.9,122858
20170407,000000,54.88,56.08,54.57,55.26,193376
20170410,000000,55.19,56.05,55.19,56,132372
20170411,000000,56.08,56.3,55.45,56.29,155798
20170412,000000,56.28,56.65,55.5,55.62,165107
20170413,000000,55.66,56.06,55.56,55.64,112860
20170417,000000,55.55,55.98,55.29,55.48,72986
20170418,000000,55.39,55.48,54.61,54.82,155422
20170419,000000,54.78,55.2,52.58,53.08,217130
20170420,000000,53.09,53.55,52.68,52.99,173541
20170421,000000,53,53.29,51.57,52.05,175770
20170424,000000,52.11,52.57,51.42,51.61,118185
20170425,000000,51.6,52.45,51.3,52.42,119055
20170426,000000,52.32,52.95,51.85,52.07,169679
20170427,000000,52.11,52.28,51.01,52.07,226586
20170428,000000,51.95,52.6,51.62,51.89,187574
20170501,000000,51.88,51.97,51.22,51.46,77863
20170502,000000,51.39,52.16,50.14,51.13,216774
20170503,000000,50.99,51.14,50.2,50.62,201916
20170504,000000,50.59,50.73,48.16,48.35,319351
20170505,000000,48.45,49.63,46.64,49.6,307728
20170508,000000,49.27,49.92,48.48,49.45,205977
20170509,000000,49.44,49.72,48.39,48.99,179665
20170510,000000,48.95,50.63,48.81,50.28,205586
20170511,000000,50.28,51.16,50.25,50.77,163310
20170512,000000,50.76,51.09,50.33,50.91,139073
20170515,000000,50.84,52.63,50.74,51.8,191428
20170516,000000,51.88,52.36,51.1,51.23,154080
20170517,000000,51.2,52.61,51.04,52.09,191560
20170518,000000,52.19,52.74,51.11,52.5,196000
20170519,000000,52.57,53.82,52.55,53.8,166740
20170522,000000,53.85,54.37,53.66,53.74,161450
20170523,000000,53.87,54.43,53.2,54.16,148916
20170524,000000,54.14,54.62,53.66,53.86,164903
20170525,000000,54.15,54.67,51.03,51.64,298877
20170526,000000,51.79,52.65,51.05,52.58,159617
20170529,000000,52.5,52.96,52.21,52.56,39297
20170530,000000,52.59,52.69,51.6,52.19,141096
20170531,000000,52.18,52.32,50.21,50.98,229161
20170601,000000,51.17,51.45,50.23,50.4,233568
20170602,000000,50.23,50.52,48.95,49.95,239811
20170605,000000,49.87,50.74,49.04,49.48,170340
20170606,000000,49.57,50.3,49,49.97,179520
20170607,000000,49.97,50.14,47.96,48.2,256361
20170608,000000,48.26,48.6,47.56,47.87,201137
20170609,000000,47.79,48.56,47.4,48.3,159642
20170612,000000,48.06,49.15,48.01,48.27,162713
20170613,000000,48.32,48.82,47.87,48.23,148570
20170614,000000,48.18,48.69,46.74,46.9,245841
20170615,000000,46.8,47.2,46.7,46.79,145329
20170616,000000,46.82,47.61,46.81,47.27,115065
20170619,000000,47.21,47.76,46.77,46.81,125004
20170620,000000,46.96,47.23,45.42,45.84,195463
20170621,000000,45.89,46.63,44.35,44.78,206285
20170622,000000,44.81,45.79,44.53,45.29,140597
20170623,000000,45.28,45.75,45.03,45.61,82797
20170626,000000,45.71,46.42,45.26,46.14,80118
20170627,000000,46.1,47.3,46,46.46,115491
20170628,000000,46.54,47.7,46.54,47.66,148517
20170629,000000,47.61,48.27,47.34,47.5,172035
20170630,000000,47.6,49,47.6,48.94,174586
20170703,000000,48.95,49.71,48.54,49.6,145803
20170704,000000,49.63,49.9,49.29,49.68,68406
20170705,000000,49.67,49.84,47,48.34,240145
20170706,000000,48.28,49.18,47.77,47.97,201141
20170707,000000,47.76,47.76,46.28,46.9,222222
20170710,000000,47.04,47.38,46.11,46.99,147069
20170711,000000,46.99,48.21,46.29,48.1,172128
20170712,000000,48.21,48.79,47.35,47.71,195274
20170713,000000,47.7,48.53,47.18,48.37,139758
20170714,000000,48.37,49.11,48.15,49.09,147488
20170717,000000,49.14,49.26,48.31,48.37,113141
20170718,000000,48.4,49.41,48.24,48.7,143354
20170719,000000,48.71,49.81,48.58,49.57,165111
20170720,000000,49.65,50.19,49.19,49.28,155467
20170721,000000,49.33,49.65,47.81,47.96,164512
20170724,000000,47.93,48.77,47.68,48.71,133889
20170725,000000,48.64,51.03,48.63,50.84,151370
20170726,000000,50.74,51.2,50.23,51.01,106689
20170727,000000,51,51.67,50.58,51.63,126726
20170728,000000,51.58,52.35,51.33,52.32,153377
20170731,000000,52.38,52.9,51.78,52.68,183125
20170801,000000,52.7,52.93,50.88,51.47,200989
20170802,000000,51.38,52.43,51.18,52.29,184741
20170803,000000,52.24,52.89,51.77,51.93,160434
20170804,000000,51.97,52.52,51.43,52.46,150963
20170807,000000,52.39,52.53,51.37,52.3,157392
20170808,000000,52.24,52.73,51.82,51.99,140942
20170809,000000,51.99,52.85,51.81,52.82,141519
20170810,000000,52.72,53.64,51.67,51.82,215117
20170811,000000,51.94,52.28,51.3,52.05,146353
20170814,000000,52.02,52.38,50.55,50.62,160969
20170815,000000,50.65,51.15,50.02,51,164529
20170816,000000,50.98,51.35,50.15,50.4,149534
20170817,000000,50.4,51.12,50,50.8,165677
20170818,000000,50.89,52.96,50.78,52.86,190850
20170821,000000,52.9,52.9,51.3,51.7,165898
20170822,000000,51.78,52.28,51.39,51.67,147615
20170823,000000,51.68,52.63,51.45,52.52,142490
20170824,000000,52.55,52.71,51.61,52.13,123758
20170825,000000,52.3,52.68,51.91,51.91,108861
20170828,000000,52.29,52.44,51.07,51.61,97741
20170829,000000,51.54,51.79,50.98,51.6,135093
20170830,000000,51.65,51.69,50.52,50.67,197737
20170831,000000,50.53,52.9,50.49,52.77,258069
20170901,000000,52.84,52.95,52.24,52.69,152091
20170904,000000,52.85,52.85,51.99,52.2,74885
20170905,000000,52.3,53.66,52.09,53.19,181364
20170906,000000,53.16,54.31,53.09,54.17,168636
20170907,000000,54.13,54.67,53.89,54.5,161601
20170908,000000,54.54,54.87,53.57,53.75,166923
20170911,000000,53.82,54.14,53.05,53.93,139902
20170912,000000,53.77,54.44,53.42,54.28,122652
20170913,000000,54.18,55.21,54.03,55.08,140928
20170914,000000,55.02,55.99,54.93,55.28,147177
20170915,000000,55.29,55.85,54.86,55.48,123136
20170918,000000,55.59,55.95,54.82,55.44,136172
20170919,000000,55.48,55.89,54.89,55.4,116737
20170920,000000,55.35,56.48,55.26,56.18,156430
20170921,000000,56.17,56.53,55.76,56.45,102271
20170922,000000,56.5,56.91,56.22,56.9,92354
20170925,000000,56.87,59.25,56.7,58.52,123891
20170926,000000,58.55,58.88,57.22,58.03,166717
20170927,000000,58.11,58.34,57.25,57.32,165989
20170928,000000,57.39,58.28,56.56,57.27,221078
20170929,000000,57.29,57.43,56.44,56.53,175320
20171002,000000,56.73,56.76,55.5,56.07,193923
20171003,000000,56.1,56.4,55.7,55.72,144072
20171004,000000,55.67,56.2,55.38,55.74,178069
20171005,000000,55.77,57.24,55.7,56.99,172050
20171006,000000,56.99,57.28,55.13,55.68,220832
20171009,000000,55.5,55.98,55.06,55.77,142734
20171010,000000,55.78,56.91,55.73,56.55,144595
20171011,000000,56.56,57.09,56.14,56.67,149342
20171012,000000,56.74,56.83,55.88,56.4,168657
20171013,000000,56.44,57.57,56.34,57.2,165931
20171016,000000,57.28,58.47,57.12,57.92,173276
20171017,000000,57.78,58.35,57.18,58.11,182415
20171018,000000,58.16,58.54,57.74,58.2,146167
20171019,000000,58.24,58.3,57.02,57.33,176187
20171020,000000,57.32,57.94,56.6,57.94,171989
20171023,000000,57.95,58.05,57.27,57.33,136292
20171024,000000,57.41,58.57,57.04,58.53,155478
20171025,000000,58.44,58.74,57.85,58.24,136368
20171026,000000,58.22,59.29,57.84,59.22,90870
20171027,000000,59.14,60.35,58.58,60.21,164241
20171030,000000,60.23,60.7,59.91,60.53,145749
20171031,000000,60.55,61.19,60.25,61.18,166949
20171101,000000,61.07,61.7,60,60.49,202877
20171102,000000,60.5,60.86,60.02,60.62,155453
20171103,000000,60.88,62.23,60.6,62.07,162340
20171106,000000,62.07,64.44,62.07,64.27,206002
20171107,000000,64.12,64.65,63.5,63.69,194611
20171108,000000,63.69,64.64,62.95,63.49,202792
20171109,000000,63.52,64.25,63.26,63.93,158845
20171110,000000,63.8,64.27,63.35,63.52,140364
20171113,000000,63.52,63.77,62.61,63.16,149523
20171114,000000,63.06,63.17,61.21,62.21,218101
20171115,000000,61.55,62.13,61.3,61.87,139579
20171116,000000,61.88,62.15,61.25,61.36,141244
20171117,000000,61.41,62.92,61.08,62.72,163140
20171120,000000,62.72,62.8,61.44,62.22,140216
20171121,000000,62.1,62.87,62.07,62.57,137198
20171122,000000,62.78,63.43,62.62,63.32,134864
20171123,000000,63.24,63.57,62.88,63.55,52332
20171124,000000,63.35,63.95,63.28,63.86,77461
20171127,000000,63.47,63.58,62.7,63.38,86313
20171128,000000,63.33,63.44,62.71,63.24,124358
20171129,000000,63.02,63.59,61.93,62.53,218992
20171130,000000,62.52,63.41,62.15,62.63,261489
20171201,000000,62.74,64.32,62.59,63.73,193680
20171204,000000,63.5,63.68,62.31,62.45,140513
20171205,000000,62.45,63.15,62.12,62.86,131239
20171206,000000,62.64,62.93,61.13,61.22,177150
20171207,000000,61.3,62.26,61.15,62.2,124787
20171208,000000,62.08,63.64,62.01,63.4,171238
20171211,000000,63.29,64.93,62.99,64.69,176516
20171212,000000,64.66,65.83,63.07,63.34,249573
20171213,000000,63.8,64.32,62.36,62.44,173048
20171214,000000,62.81,63.5,62.01,63.31,153499
20171215,000000,63.39,63.68,63.08,63.23,101689
20171218,000000,63.36,63.91,63,63.41,108664
20171219,000000,63.41,63.91,63.3,63.8,81627
20171220,000000,63.83,64.6,63.67,64.56,102981
20171221,000000,64.49,64.93,64.2,64.9,84076
20171222,000000,64.63,65.28,64.38,65.25,57332
20171226,000000,64.74,66.54,64.48,66.46,75186
20171227,000000,66.19,66.38,65.46,65.99,107957
20171228,000000,66.01,66.32,65.71,66.16,103478
20171229,000000,66.15,66.98,66.15,66.87,107269
20180102,000000,66.55,67.29,66.24,66.57,108456
20180103,000000,66.54,68.03,66.4,67.84,138501
20180104,000000,67.89,68.27,67.62,68.07,135444
20180105,000000,67.97,68.11,67.26,67.62,105373
20180108,000000,67.8,67.99,67.44,67.78,102112
20180109,000000,68,69.29,67.7,68.82,161832
20180110,000000,69.12,69.37,68.75,69.2,142954
20180111,000000,69.15,70.05,69,69.26,171276
20180112,000000,69.15,69.93,68.59,69.87,157369
20180115,000000,69.88,70.37,69.55,70.26,88753
20180116,000000,70.05,70.13,68.83,69.15,171728
20180117,000000,69.35,69.59,68.55,69.38,148728
20180118,000000,69.53,69.63,68.8,69.31,125405
20180119,000000,69.01,69.08,68.28,68.61,160178
20180122,000000,68.8,69.51,68.39,69.03,134639
20180123,000000,69.17,70.24,69.12,69.96,143503
20180124,000000,69.97,70.94,69.54,70.53,139368
20180125,000000,70.95,71.28,69.58,69.97,121353
20180126,000000,69.69,70.44,69.62,70.15,75180
20180129,000000,70.18,70.27,68.75,69.2,126632
20180130,000000,69.01,69.1,68,68.52,169885
20180131,000000,67.99,69,67.81,68.89,155991
20180201,000000,68.96,69.97,68.81,69.65,153737
20180202,000000,70,70.02,67.96,68.58,161574
20180205,000000,68.15,68.46,66.9,67.62,190035
20180206,000000,67.02,67.56,66.53,66.86,173661
20180207,000000,67.2,67.68,65.16,65.51,214917
20180208,000000,65.28,65.6,64.1,64.81,170359
20180209,000000,64.44,64.64,61.77,62.79,221915
20180212,000000,62.5,64.4,62.5,62.59,183342
20180213,000000,62.85,63.1,61.8,62.72,164549
20180214,000000,62.84,64.58,61.95,64.36,162831
20180215,000000,64.44,65.15,63.15,64.33,162730
20180216,000000,64.66,65.22,64.19,64.84,145396
20180219,000000,64.96,65.9,64.84,65.67,65448
20180220,000000,65.64,65.81,64.78,65.25,119577
20180221,000000,65.05,65.5,64.4,65.42,96588
20180222,000000,64.91,66.56,64.62,66.39,139916
20180223,000000,66.3,67.37,65.79,67.31,111730
20180226,000000,67.02,67.67,66.49,67.29,102607
20180227,000000,67.36,67.42,66.22,66.52,120510
20180228,000000,66.29,66.8,64.5,64.73,176282
20180301,000000,64.57,65.04,63.19,63.83,177069
20180302,000000,64.07,64.64,63.2,64.37,126361
20180305,000000,64.65,65.88,64.1,65.54,140965
20180306,000000,65.74,66.16,65.3,65.79,123286
20180307,000000,65.23,65.8,63.83,64.34,151692
20180308,000000,64.51,64.56,63.43,63.61,116711
20180309,000000,63.93,65.63,63.69,65.49,129093
20180312,000000,65.5,65.86,64.18,64.95,118445
20180313,000000,64.92,65.68,64.05,64.64,142991
20180314,000000,64.73,65.21,64.06,64.89,136059
20180315,000000,64.9,65.38,64.61,65.12,105997
20180316,000000,65.07,66.42,64.88,65.99,94121
20180319,000000,66.01,66.39,65.39,66.1,106185
20180320,000000,66.15,67.88,66.15,67.59,160954
20180321,000000,67.61,69.86,67.48,69.82,173515
20180322,000000,69.63,69.7,68.59,68.84,126757
20180323,000000,69.11,70.57,68.87,70.36,140789
20180326,000000,69.95,70.4,69.11,69.52,91137
20180327,000000,69.6,70.4,68.79,68.89,126196
20180328,000000,69.05,69.46,67.97,69,137174
20180329,000000,69.03,69.77,68.22,69.35,149587
20180402,000000,69.32,70.04,67.49,67.57,120901
20180403,000000,67.63,68.46,67.62,68.18,119172
20180404,000000,68.15,68.28,66.69,68.28,190800
20180405,000000,68.36,68.93,67.73,68.5,127612
20180406,000000,68.09,68.62,66.89,66.93,122489
20180409,000000,67.1,68.8,67,68.6,132459
20180410,000000,68.46,71.34,68.46,71.04,210102
20180411,000000,71.03,72.86,70.57,71.95,228668
20180412,000000,72.09,72.49,71.1,72.2,165344
20180413,000000,71.94,72.88,71.56,72.62,168174
20180416,000000,72.7,72.85,71.11,71.57,158203
20180417,000000,71.65,71.89,70.83,71.7,152939
20180418,000000,71.72,73.92,71.66,73.79,178886
20180419,000000,73.72,74.75,73.46,73.6,181982
20180420,000000,73.94,74.2,72.85,73.71,154240
20180423,000000,73.77,75.1,73.13,75.02,150177
20180424,000000,75.09,75.47,73.68,73.86,153119
20180425,000000,74,74.19,73.17,73.28,131914
20180426,000000,73.38,74.16,73.32,73.9,118438
20180427,000000,73.85,74.14,73.45,73.7,114487
20180430,000000,73.74,75.61,72.81,74.7,232245
20180501,000000,74.65,74.98,72.74,73.38,168536
20180502,000000,73.28,73.63,72.38,73.07,175605
20180503,000000,73.07,74.09,72.47,73.68,169967
20180504,000000,73.74,75.08,73.24,75,163289
20180507,000000,75,76.34,74.83,75.56,141951
20180508,000000,75.6,76.18,73.64,75.95,242551
20180509,000000,76.19,77.43,76.08,77.38,206818
20180510,000000,77.44,78,76.52,77.53,156224
20180511,000000,77.55,77.6,76.95,77.18,122997
20180514,000000,77.05,78.53,76.55,78.52,161663
20180515,000000,78.42,79.47,77.9,78.13,206393
20180516,000000,78.1,79.35,77.61,79.33,164807
20180517,000000,79.26,80.5,79.12,79.57,187802
20180518,000000,79.46,79.87,78.33,78.71,147841
20180521,000000,78.61,79.59,78.1,79.41,125763
20180522,000000,79.36,80.49,79.16,79.45,168533
20180523,000000,79.47,79.85,78.21,79.71,173222
20180524,000000,79.65,79.78,78.57,78.82,126040
20180525,000000,78.82,78.88,76.01,76.45,193765
20180528,000000,76.15,76.18,74.53,75.34,73834
20180529,000000,75.82,76.23,74.67,75.54,136305
20180530,000000,75.5,77.96,74.91,77.86,198493
20180531,000000,77.65,79,76.96,77.61,244567
20180601,000000,77.71,77.95,76.35,76.71,166132
20180604,000000,76.66,76.95,75.2,75.37,163156
20180605,000000,75.4,75.74,73.81,74.96,206407
20180606,000000,75.19,76.25,74.46,75.86,190361
20180607,000000,75.88,77.45,75.44,77.44,166670
20180608,000000,77.39,77.61,76.15,76.34,138592
20180611,000000,76.3,76.84,75.52,76.36,128721
20180612,000000,76.5,77.07,75.43,75.43,132564
20180613,000000,75.4,76.87,75.26,76.56,160890
20180614,000000,76.56,76.92,75.76,75.9,131023
20180615,000000,75.98,76.06,73,73,177179
20180618,000000,73.06,75.49,72.45,75.46,186882
20180619,000000,75.24,75.55,74.45,75.07,124017
20180620,000000,75.2,75.86,74.1,74.3,194009
20180621,000000,74.46,74.69,72.93,73.4,185188
20180622,000000,73.24,75.83,73.24,75.53,211578
20180625,000000,74.8,75.13,73.74,74.57,135064
20180626,000000,74.57,76.55,73.97,76.48,164976
20180627,000000,76.41,78,76.11,77.13,182723
20180628,000000,77.35,78.15,77.07,77.55,152172
20180629,000000,77.54,79.56,77.16,79.12,241153
20180702,000000,78.55,78.95,77.16,77.49,159783
20180703,000000,77.4,78.55,76.67,77.88,161105
20180704,000000,77.89,78.28,77.61,78.16,65654
20180705,000000,78.14,78.5,77.3,77.54,147954
20180706,000000,77.57,77.68,76.36,77.29,163239
20180709,000000,77.21,78.31,77.04,78.18,116514
20180710,000000,78.25,79.51,78.15,78.86,162728
20180711,000000,78.78,78.83,73.04,74.17,310153
20180712,000000,74.17,75.1,72.67,74.53,227220
20180713,000000,74.34,75.93,73.22,74.92,167264
20180716,000000,74.92,75.37,71.52,71.87,203349
20180717,000000,72.01,72.78,71.35,71.6,150072
20180718,000000,71.74,73.28,71.19,73.06,168023
20180719,000000,73.06,73.79,71.83,72.62,157158
20180720,000000,72.65,73.47,72.26,73,124332
20180723,000000,73.22,74.5,72.52,72.93,141769
20180724,000000,72.91,74,72.68,73.75,106916
20180725,000000,73.7,75.06,73.07,74.84,108315
20180726,000000,74.81,75.3,74.32,75.06,95001
20180727,000000,75.07,75.39,74.35,74.92,97737
20180730,000000,74.94,75.79,74.64,75.35,113092
20180731,000000,75.45,75.62,73.85,74.19,180172
20180801,000000,74.07,74.12,72.13,72.62,181964
20180802,000000,72.42,73.75,71.84,73.39,141167
20180803,000000,73.37,73.73,72.48,73.42,116271
20180806,000000,73.21,74.47,73.08,73.67,128816
20180807,000000,73.61,74.9,73.57,74.46,122952
20180808,000000,74.64,74.87,71.65,72.23,188854
20180809,000000,72.16,72.89,71.86,72.03,120903
20180810,000000,71.97,73.14,71.4,72.96,141174
20180813,000000,73,73.09,71.04,72.83,137039
20180814,000000,72.82,73.93,72.16,72.16,152018
20180815,000000,72.22,72.44,70.3,70.81,172915
20180816,000000,70.65,71.52,70.4,71.43,115705
20180817,000000,71.37,72.49,71.25,71.86,120045
20180820,000000,71.77,72.75,71.42,72.1,130256
20180821,000000,72.15,72.95,72.05,72.82,104859
20180822,000000,72.76,75,72.7,74.92,172252
20180823,000000,74.72,74.87,74.21,74.71,107096
20180824,000000,74.73,76.42,74.68,75.43,141901
20180827,000000,75.83,76.64,75.71,76.56,41239
20180828,000000,76.64,77.24,76.06,76.27,85675
20180829,000000,76.34,77.75,76.01,77.69,117193
20180830,000000,77.65,78.32,77.51,77.75,126624
20180831,000000,77.81,78.22,77.23,77.71,142139
20180903,000000,77.69,78.44,77.3,78.01,71164
20180904,000000,78.19,79.72,77.44,77.86,192389
20180905,000000,77.82,78.09,76.91,77.12,160931
20180906,000000,77.02,77.77,75.64,76.63,169989
20180907,000000,76.69,77.1,75.88,77.1,140108
20180910,000000,77.08,77.92,76.9,77.36,140769
20180911,000000,77.38,79.54,77.36,79.5,174345
20180912,000000,79.42,80.11,78.75,79.75,186938
20180913,000000,79.6,79.71,77.87,78.43,161809
20180914,000000,78.45,78.94,77.37,78.1,144183
20180917,000000,78.07,78.9,77.73,78,134170
20180918,000000,77.78,79.73,77.46,78.9,180496
20180919,000000,78.97,79.5,78.51,79.34,132027
20180920,000000,79.44,79.83,78.51,78.71,137392
20180921,000000,78.67,80.12,78.23,78.77,172106
20180924,000000,78.97,81.48,78.97,81.39,153194
20180925,000000,81.35,82.55,80.87,80.89,128231
20180926,000000,80.94,81.56,80.52,81.18,135148
20180927,000000,81.25,81.9,80.84,81.3,158894
20180928,000000,81.44,83.41,81.29,82.95,208768
20181001,000000,82.79,85.45,82.55,84.95,221160
20181002,000000,84.95,85.38,84.31,84.64,160173
20181003,000000,84.79,86.74,84.01,86.1,226582
20181004,000000,85.99,86.43,84.14,84.88,221480
20181005,000000,84.89,85.12,83.92,84.11,172679
20181008,000000,84.17,84.31,82.66,83.76,173271
20181009,000000,83.91,85.45,83.73,84.86,204958
20181010,000000,84.98,85.17,82.26,82.6,172409
20181011,000000,82.47,82.63,79.82,80.36,263840
20181012,000000,80.28,81.48,79.23,80.6,216423
20181015,000000,81,81.92,79.85,80.76,175457
20181016,000000,80.88,81.75,79.8,81.56,174290
20181017,000000,81.74,81.85,79.17,80.36,189252
20181018,000000,80.23,80.31,78.69,79.35,198586
20181019,000000,79.44,80.88,79.22,80.02,152223
20181022,000000,80.11,80.41,79.02,79.98,132271
20181023,000000,80.04,80.12,75.88,76.24,276749
20181024,000000,76.35,77.57,75.11,75.68,187317
20181025,000000,75.67,77.08,75.35,76.7,110826
20181026,000000,76.64,77.94,75.8,77.82,101290
20181029,000000,77.64,78,76.59,76.87,121971
20181030,000000,76.94,77.39,75.26,76.18,168302
20181031,000000,76.34,77.13,74.58,74.59,202301
20181101,000000,74.69,74.99,72.56,72.75,234417
20181102,000000,72.75,73.5,72.16,72.62,196420
20181105,000000,72.85,74.13,72.26,72.71,146631
20181106,000000,72.85,73.28,71.18,71.65,178953
20181107,000000,71.66,73.55,71.36,72,221641
20181108,000000,72.1,73.08,70.56,70.96,181316
20181109,000000,70.87,70.99,69.13,69.88,186037
20181112,000000,70.69,71.88,68.87,68.97,194484
20181113,000000,69.13,69.68,64.61,65.35,293371
20181114,000000,65.62,67.63,65.02,65.86,248210
20181115,000000,66.12,67.4,65.77,66.63,176144
20181116,000000,66.68,68.38,66.06,67.1,194572
20181119,000000,66.99,67.64,65.27,67.01,151720
20181120,000000,66.9,66.9,61.71,62.44,221191
20181121,000000,62.6,64.48,62.56,63.46,184053
20181122,000000,63.6,63.81,62.27,62.52,80887
20181123,000000,62.58,62.79,58.41,59.19,183571
20181126,000000,59.19,61.22,58.83,60.55,88510
20181127,000000,60.49,61.51,59.11,61.04,126948
20181128,000000,60.84,61.42,58.86,58.96,185775
20181129,000000,59.45,60.72,57.78,59.7,212258
20181130,000000,59.76,60.42,58.06,59.07,234513
20181203,000000,59.98,62.6,59.85,61.9,191160
20181204,000000,61.9,63.58,61.24,61.31,178379
20181205,000000,61.35,63.29,60.8,61.61,167238
20181206,000000,61.36,61.97,58.36,60.31,262850
20181207,000000,60.25,63.73,59.1,61.4,274778
20181210,000000,61.34,62.33,59.61,59.81,150348
20181211,000000,59.91,61.1,59.58,60.46,133967
20181212,000000,60.67,61.43,59.98,60.18,131683
20181213,000000,60.29,62.02,59.33,61.71,149694
20181214,000000,61.53,61.58,59.92,60.25,126552
20181217,000000,60.25,61.21,58.64,58.66,134981
20181218,000000,59,59.24,55.89,56.08,219767
20181219,000000,56.51,58.08,56.04,56.55,150158
20181220,000000,56.49,56.75,54.28,54.7,151854
20181221,000000,54.97,55.33,52.79,53.5,134363
20181224,000000,53.49,54.66,50.36,50.49,47861
20181226,000000,51.33,55.59,50.22,55.18,122484
20181227,000000,54.99,54.99,52.51,53.58,125981
20181228,000000,53.96,54.41,52,52.8,163811
20181231,000000,53,54.82,52.66,54.15,77187
20190102,000000,54.12,56.56,52.51,54.68,191998
20190103,000000,54.29,56.3,53.93,55.55,144503
20190104,000000,55.67,58.27,55.34,57.42,156816
20190107,000000,57.41,58.93,57.26,57.57,182898
20190108,000000,57.64,58.87,57.13,58.59,163508
20190109,000000,59.15,61.69,59.05,61.34,196658
20190110,000000,61.15,61.91,60.44,61.18,176577
20190111,000000,61.19,62.49,60.08,60.59,182353
20190114,000000,60.62,61.04,58.9,59.32,150558
20190115,000000,59.36,60.86,59.11,60.53,151043
20190116,000000,60.42,61.45,60.03,61.3,174762
20190117,000000,61.05,61.54,60.04,61.15,169961
20190118,000000,61.33,63,61.32,62.58,149827
20190121,000000,62.74,63.15,62.25,62.81,85546
20190122,000000,62.59,62.71,60.57,61.61,167081
20190123,000000,61.37,62.33,60.21,60.99,156371
20190124,000000,61.02,61.51,60.41,61.19,137065
20190125,000000,61.13,61.92,60.7,61.44,112110
20190128,000000,61.48,61.63,59.4,59.95,96634
20190129,000000,59.69,61.69,59.61,61.16,150420
20190130,000000,61.07,62.51,60.96,61.66,157752
20190131,000000,61.7,62.46,60.63,61.22,182289
20190201,000000,61.06,62.97,60.46,62.9,158534
20190204,000000,62.83,63.63,61.28,62.82,171077
20190205,000000,62.64,63.02,61.72,62.11,129073
20190206,000000,62.06,62.8,61.05,62.55,133621
20190207,000000,62.5,62.91,60.6,61.68,153834
20190208,000000,61.66,62.36,61.04,61.97,123738
20190211,000000,62.11,62.34,60.9,61.58,147172
20190212,000000,61.59,63.34,61.59,62.61,168738
20190213,000000,62.7,63.98,62.69,63.6,140288
20190214,000000,63.69,64.81,63.37,64.56,164726
20190215,000000,64.86,66.39,64.42,66.39,163416
20190218,000000,66.39,66.83,65.9,66.5,97925
20190219,000000,66.44,66.65,65.58,66.44,131693
20190220,000000,66.3,67.38,65.63,67.18,130849
20190221,000000,67.05,67.31,66.69,66.94,108055
20190222,000000,66.96,67.73,66.87,66.91,95453
20190225,000000,66.97,67.47,64.54,64.92,141624
20190226,000000,64.92,65.88,64.49,65.79,109026
20190227,000000,65.91,66.88,65.42,66.47,113661
20190228,000000,66.52,66.78,65.9,66.28,116009
20190301,000000,66.48,67.14,64.59,65,169249
20190304,000000,64.97,66.34,64.93,65.55,139156
20190305,000000,65.46,66.23,65.04,65.57,116228
20190306,000000,65.49,66.16,65.22,65.93,137602
20190307,000000,65.88,67,65.76,66.09,140005
20190308,000000,66.08,66.09,64.03,65.81,208054
20190311,000000,65.76,66.75,65.63,66.63,135178
20190312,000000,66.7,67.39,66.34,66.82,160342
20190313,000000,66.91,67.76,66.7,67.64,137517
20190314,000000,67.65,68.14,67.03,67.18,137672
20190315,000000,67.18,67.71,66.13,67.02,138985
20190318,000000,67.14,67.69,66.69,67.43,134538
20190319,000000,67.49,68.2,67.16,67.71,133414
20190320,000000,67.66,68.57,67.19,68.3,153003
20190321,000000,68.38,68.69,67.59,67.74,130406
20190322,000000,67.76,67.98,66.2,67.08,147265
20190325,000000,67,67.65,66.36,66.9,104301
20190326,000000,66.88,67.77,66.85,67.44,93669
20190327,000000,67.35,67.7,66.61,67.3,127929
20190328,000000,67.11,67.32,65.93,67.31,201602
20190329,000000,67.29,68.3,67.15,67.55,206394
20190401,000000,67.58,69.22,67.58,69.16,171151
20190402,000000,69.22,69.58,68.69,69.57,182042
20190403,000000,69.47,69.96,68.8,69.52,138645
20190404,000000,69.44,70.03,68.87,69.31,169533
20190405,000000,69.13,70.48,68.92,70.48,168158
20190408,000000,70.56,71.19,70.43,71.1,149654
20190409,000000,71.19,71.34,70.3,70.83,145453
20190410,000000,70.82,71.78,70.57,71.57,165647
20190411,000000,71.56,71.68,70.57,70.98,158458
20190412,000000,70.95,71.87,70.9,71.55,131831
20190415,000000,71.55,71.6,70.78,71.3,105274
20190416,000000,71.21,71.95,70.74,71.86,149434
20190417,000000,71.83,72.27,71.45,71.64,145320
20190418,000000,71.63,72.04,71.2,72.01,118357
20190422,000000,71.93,74.52,71.86,74.25,181002
20190423,000000,74.38,74.73,73.99,74.36,147745
20190424,000000,74.27,74.73,74.02,74.55,124194
20190425,000000,74.46,75.6,73.55,73.62,157076
20190426,000000,73.55,73.65,70.6,71.13,252503
20190429,000000,71.09,72,70.63,71.42,164004
20190430,000000,71.44,72.79,71.19,71.66,210929
20190501,000000,71.73,72.36,71.3,72.05,133843
20190502,000000,72,72.22,69.68,70.35,233565
20190503,000000,70.48,71.54,69.95,70.78,147472
20190506,000000,70.59,71.79,68.79,70.98,170942
20190507,000000,71.15,71.33,69.38,69.87,203171
20190508,000000,69.88,70.7,69.33,70.32,171224
20190509,000000,70.23,70.65,69.48,70.32,160049
20190510,000000,70.45,71.23,70.18,70.86,158746
20190513,000000,70.83,72.58,69.72,69.95,232163
20190514,000000,70.02,71.65,69.93,70.99,184330
20190515,000000,70.9,72.25,70.42,71.95,157122
20190516,000000,72.05,73.36,71.82,72.77,191902
20190517,000000,72.82,73.23,71.79,72.17,164728
20190520,000000,72.5,73.4,71.6,72.06,160575
20190521,000000,72.15,72.52,71.63,72.04,154034
20190522,000000,71.91,72.04,70.42,70.91,204052
20190523,000000,70.86,70.97,67.02,68,250383
20190524,000000,67.99,69.3,67.33,69.26,178219
20190527,000000,68,68.87,67.28,68.68,38644
20190528,000000,68.78,69.23,68.19,68.69,104254
20190529,000000,68.51,68.62,66.67,68.17,192967
20190530,000000,68,68.34,64.96,65.21,224088
20190531,000000,64.86,64.91,61.39,61.76,312132
20190603,000000,61.64,62.84,60.55,60.9,253182
20190604,000000,61,62.12,60.21,61.4,228145
20190605,000000,61.58,62.27,59.45,60.5,217796
20190606,000000,60.4,62.43,60.22,62.23,102775
20190607,000000,62.4,63.55,61.77,63.24,202955
20190610,000000,63.58,64.1,62.05,62.32,165285
20190611,000000,62.3,62.87,62.01,62.06,165145
20190612,000000,61.79,61.85,59.57,59.78,197685
20190613,000000,59.94,62.64,59.78,61.35,286659
20190614,000000,61.25,62.57,60.74,62.04,167398
20190617,000000,62.07,62.37,60.74,60.93,150088
20190618,000000,60.93,62.84,60.25,62.31,183444
20190619,000000,62.4,62.55,61.4,62.27,165746
20190620,000000,62.45,64.7,62.4,64.7,202174
20190621,000000,64.86,65.76,64,65.35,149310
20190624,000000,65.5,65.79,64.08,64.78,124294
20190625,000000,64.89,65.98,64.17,65.04,119389
20190626,000000,65.1,66.02,64.77,65.53,176714
20190627,000000,65.16,65.96,64.85,65.43,133252
20190628,000000,65.53,65.91,64.02,64.55,186742
20190701,000000,65.05,66.75,64.22,65.22,225761
20190702,000000,64.8,65.51,62.22,62.82,237297
20190703,000000,62.9,64.01,62.09,63.86,179133
20190704,000000,63.88,64.07,62.95,63.18,77830
20190705,000000,63.27,64.52,62.91,64.44,139528
20190708,000000,64.34,65.14,63.79,63.89,158381
20190709,000000,63.81,64.75,63.76,64.54,148004
20190710,000000,64.78,67.12,64.63,66.72,212721
20190711,000000,66.81,67.65,66.43,66.81,174232
20190712,000000,66.83,67.29,66.51,67,132553
20190715,000000,66.87,67.47,66.11,66.19,153405
20190716,000000,66.31,67.09,63.82,64.4,228302
20190717,000000,64.44,65.28,63.22,63.6,189827
20190718,000000,63.52,64.46,61.29,62.59,262416
20190719,000000,62.5,63.37,61.83,62.65,190942
20190722,000000,63.05,64.03,62.77,63.3,162518
20190723,000000,63.26,64.46,62.66,64.21,134131
20190724,000000,64.13,64.66,62.59,63.13,167587
20190725,000000,63.2,64.23,62.95,62.95,97432
20190726,000000,63.17,63.77,62.92,63.27,91343
20190729,000000,63.23,63.33,63.05,63.06,516
20190730,000000,64.12,65.1,63.86,64.97,118225
20190731,000000,64.86,65.43,64.17,64.22,192610
20190801,000000,64.09,64.54,60.02,61.05,260755
20190802,000000,61.16,62.95,60.98,61.3,237141
20190805,000000,61.46,61.56,59.66,60.05,261164
20190806,000000,59.56,60.54,58.55,58.59,216362
20190807,000000,58.68,59.23,55.88,57.46,307840
20190808,000000,57.48,58.01,56.77,57.77,193237
20190809,000000,57.74,59.1,57.11,58.3,182312
20190812,000000,58.3,58.88,57.88,58.35,133550
20190813,000000,58.47,61.5,58,60.98,179607
20190814,000000,61.07,61.08,58.21,58.98,213554
20190815,000000,59.07,59.42,57.67,58.32,172742
20190816,000000,58.41,59.5,58.28,58.71,120814
20190819,000000,58.72,59.92,58.64,59.74,121959
20190820,000000,59.68,60.32,58.95,60.05,145330
20190821,000000,60.11,61.41,60.07,60.38,148186
20190822,000000,60.43,60.89,59.47,60.05,126875
20190823,000000,60.11,60.29,58.3,58.94,171378
20190826,000000,57.96,59.61,57.74,58.26,67548
20190827,000000,58.26,59.7,58.06,59.59,83404
20190828,000000,59.58,60.48,59.32,59.84,135180
20190829,000000,59.89,60.6,59.42,60.37,152097
20190830,000000,60.34,60.62,58.48,58.96,203115
20190902,000000,58.8,59.26,58.1,58.61,81820
20190903,000000,58.54,58.87,57.23,58.15,172649
20190904,000000,58.17,60.96,58.13,60.47,190969
20190905,000000,60.49,62.4,60.25,60.8,176728
20190906,000000,60.81,61.88,59.4,61.78,174720
20190909,000000,61.6,63,61.57,62.71,150015
20190910,000000,62.82,63.78,62.17,62.71,177542
20190911,000000,62.88,63.27,60.52,61.02,188645
20190912,000000,61.16,61.39,58.92,60.49,198001
20190913,000000,60.45,60.81,59.6,60.25,112015
20190916,000000,66.45,71.95,64.75,68.02,492583
20190917,000000,68.15,69.26,63.55,64.16,404612
20190918,000000,64.23,64.99,63.04,63.55,188631
20190919,000000,63.51,65.57,63.46,64.8,173373
20190920,000000,65,65.28,64.05,64.77,125712
20190923,000000,65.23,65.5,63.53,64.38,110430
20190924,000000,64.4,64.6,62.3,62.36,125844
20190925,000000,62.44,62.81,61.24,61.56,112101
20190926,000000,61.56,61.92,60.5,61.61,141199
20190927,000000,61.5,61.82,59.83,61.18,212226
20190930,000000,61.45,61.54,59.19,59.43,156036
20191001,000000,59.38,60.1,58.41,59.2,161939
20191002,000000,59.25,59.5,57.22,57.52,179508
20191003,000000,57.54,57.99,56.16,57.61,188485
20191004,000000,57.69,58.96,57.67,58.43,163837
20191007,000000,58.02,59.68,58.02,58.44,129844
20191008,000000,58.47,58.92,57.38,58.12,162200
20191009,000000,58.02,59.35,57.91,58.32,155568
20191010,000000,58.04,59.6,57.8,59.53,143637
20191011,000000,59.53,60.69,59.21,60.68,198420
20191014,000000,60.69,60.73,58.5,59.16,158852
20191015,000000,59.3,59.68,58,58.9,158381
20191016,000000,58.9,59.75,58.36,59.06,136554
20191017,000000,58.99,60.04,58.69,59.85,135345
20191018,000000,59.78,60.29,59.01,59.3,140426
20191021,000000,59.23,59.55,58.26,59.08,130518
20191022,000000,59.05,60.26,58.75,59.6,142258
20191023,000000,59.48,61.3,58.85,61.12,155995
20191024,000000,60.99,61.9,60.64,61.42,120308
20191025,000000,61.5,62.11,60.93,61.65,111528
20191028,000000,61.76,62.09,60.91,61.27,71559
20191029,000000,61.3,61.65,60.31,61.25,130382
20191030,000000,61.23,61.55,60.02,60.21,153070
20191031,000000,60.22,60.81,59.2,59.5,205054
20191101,000000,59.45,61.82,59.4,61.55,161682
20191104,000000,61.8,62.78,61.28,62.11,155063
20191105,000000,62.04,63.19,61.85,62.97,133518
20191106,000000,62.78,63.32,61.59,61.79,167812
20191107,000000,61.77,62.89,61.65,62.38,145817
20191108,000000,62.29,62.7,60.67,62.61,169368
20191111,000000,62.6,62.76,61.57,62.3,122129
20191112,000000,62.11,62.85,61.82,62,136642
20191113,000000,61.85,62.74,61.22,62.63,153087
20191114,000000,62.61,63.21,62.16,62.41,135519
20191115,000000,62.47,63.65,61.7,63.45,152111
20191118,000000,63.36,63.57,61.94,62.29,137955
20191119,000000,62.28,62.57,60.7,60.81,175218
20191120,000000,60.94,62.8,60.3,62.44,185280
20191121,000000,62.22,64.03,61.92,63.73,147681
20191122,000000,63.62,64.27,62.98,63.5,119758
20191125,000000,63.6,63.8,62.48,62.58,87524
20191126,000000,62.68,63.26,62.42,63.03,105468
20191127,000000,62.96,63.58,62.46,63.09,128473
20191128,000000,62.84,63.35,62.51,63.28,72480
20191129,000000,63.2,63.2,60.35,60.73,184775
20191202,000000,60.73,62.09,60.72,60.89,176188
20191203,000000,61.05,61.51,60.3,61.16,157206
20191204,000000,61.08,63.51,61,63.03,213171
20191205,000000,62.97,63.91,62.75,63.28,187049
20191206,000000,63.41,64.87,62.83,64.27,188273
20191209,000000,64.29,64.5,63.61,64.04,142132
20191210,000000,64.03,64.69,63.78,64.18,129788
20191211,000000,64,64.26,63.01,63.95,137915
20191212,000000,63.9,64.84,63.87,64.48,116876
20191213,000000,64.56,65.78,64.5,64.99,132306
20191216,000000,65.05,65.66,64.88,65.29,104444
20191217,000000,65.31,66.24,65.12,65.79,125215
20191218,000000,65.84,66.43,65.56,66.15,123399
20191219,000000,66.19,66.78,66.03,66.56,92330
20191220,000000,66.56,66.72,65.7,66.1,107167
20191223,000000,66.15,66.62,65.81,66.59,74650
20191224,000000,66.44,67.26,66.36,67.21,51264
20191226,000000,66.29,66.84,66.12,66.81,55782
20191227,000000,66.8,67.08,66.36,66.81,103346
20191230,000000,66.9,67.59,66.07,66.67,161340
20191231,000000,66.65,66.93,65.63,66.03,122536
<DATE>,<TIME>,<OPEN>,<HIGH>,<LOW>,<CLOSE>,<VOL>
20200102,000000,66.41,66.58,65.72,66.34,131465
20200103,000000,66.28,69.5,66.22,68.7,298195
20200106,000000,69.35,70.74,68.21,68.55,218712
20200107,000000,68.62,68.75,67.65,68.51,178779
20200108,000000,71.22,71.75,64.94,65.77,335395
20200109,000000,66,66.1,64.56,65.32,208526
20200110,000000,65.29,65.66,64.86,65.1,162308
20200113,000000,65.13,65.27,63.92,64.23,139751
20200114,000000,64.29,65.05,63.92,64.46,136330
20200115,000000,64.44,64.6,63.55,64.27,127365
20200116,000000,64.26,64.97,63.9,64.67,123352
20200117,000000,64.69,65.6,64.48,65.35,121635
20200120,000000,65.98,66,64.92,65.22,78492
20200121,000000,65.26,65.35,64.06,64.49,143190
20200122,000000,64.57,64.58,62.62,62.66,167880
20200123,000000,62.68,62.69,61.25,62.07,186674
20200124,000000,62.01,62.46,60.25,60.65,147861
20200127,000000,60.16,60.16,57.74,58.15,137891
20200128,000000,58.24,59.39,57.9,59.3,125427
20200129,000000,59.02,59.84,58.38,58.68,168619
20200130,000000,58.71,58.75,56.74,58.09,228830
20200131,000000,58.2,58.58,55.93,56.66,260418
20200203,000000,56.16,56.77,54.08,54.2,270299
20200204,000000,54.33,55.65,53.69,53.83,259434
20200205,000000,54.05,56.46,54.05,55.58,251495
20200206,000000,55.56,56.58,54.25,55.12,222097
20200207,000000,55.14,55.4,54.21,54.5,170539
20200210,000000,54.2,54.71,53.11,53.4,179550
20200211,000000,53.62,54.69,53.6,54.25,162349
20200212,000000,54.41,56.36,54.39,56.36,194996
20200213,000000,55.75,56.83,54.96,56.46,195007
20200214,000000,56.41,57.53,56.15,57.24,153684
20200217,000000,57.29,57.7,56.83,57.54,69451
20200218,000000,57.35,57.83,56.3,57.68,152038
20200219,000000,57.6,59.4,57.51,59.34,145934
20200220,000000,59.31,60,58.9,59.13,136294
20200221,000000,59,59.25,57.73,58.36,148938
20200224,000000,57.85,57.86,55.13,56.21,144897
20200225,000000,56.46,56.98,54.01,54.27,102404
20200226,000000,54.41,54.78,52.39,52.86,211562
20200227,000000,52.54,52.65,50.4,50.95,234562
20200228,000000,51.08,51.14,48.94,50.09,245414
20200302,000000,48.95,53.2,48.4,53.06,238055
20200303,000000,53.47,53.87,51.22,51.6,185851
20200304,000000,52.11,53.03,51.04,51.51,201074
20200305,000000,51.66,52.04,49.7,50.18,217736
20200306,000000,50.25,50.45,45.18,45.5,339322
20200309,000000,38.28,38.34,31.02,33.42,399289
20200310,000000,35.84,38.22,35,37.78,255422
20200311,000000,37.27,39.7,35.36,35.84,187183
20200312,000000,35.99,36.46,32.5,32.76,184776
20200313,000000,32.85,36.13,32.5,34.97,141645
20200316,000000,35.82,35.84,29.45,29.84,184230
20200317,000000,30.14,31.25,28.5,28.85,138508
20200318,000000,28.4,29.21,24.52,26.42,149635
20200319,000000,27.19,29.42,24.96,28.1,158107
20200320,000000,28.1,30.94,26.81,27.21,155058
20200323,000000,26.75,27.54,24.68,27.52,107749
20200324,000000,27.72,28.65,26.69,27.71,91110
20200325,000000,27.8,30.05,25.68,30.05,74492
20200326,000000,29.82,30.19,28.34,29.31,128667
20200327,000000,29.06,29.33,27.18,28.25,154247
20200330,000000,23.85,26.49,21.65,26.45,23553
20200331,000000,26.42,27.91,25.69,25.92,188863
20200401,000000,25.99,26.28,24.56,25.6,193766
20200402,000000,25.61,35.77,25.45,29.69,268397
20200403,000000,29.89,35,28.25,34.65,366378
20200406,000000,31.76,34.24,30.03,33.27,181508
20200407,000000,33.66,34.18,31.74,32.4,173941
20200408,000000,32.63,33.84,31.54,33.64,192695
20200409,000000,33.82,36.39,31.22,32.03,270062
20200413,000000,33.99,33.99,30.63,31.86,127786
20200414,000000,32.25,32.32,29.38,30.09,166174
20200415,000000,30.26,30.33,27.16,28,175743
20200416,000000,28.05,29,27.2,28.5,161376
20200417,000000,28.66,28.93,27.58,28.25,166972
20200420,000000,28.05,28.25,25.37,26.13,238942
20200421,000000,26.33,26.5,17.51,19.5,419669
20200422,000000,20.23,22.45,15.98,20.88,222119
20200423,000000,20.89,23.22,20.07,21.63,142366
20200424,000000,21.93,22.7,20.5,21.8,100976
20200427,000000,24.87,25.12,22.5,23,150053
20200428,000000,22.82,23.79,21.92,23.16,186454
20200429,000000,22.93,25.23,22.73,24.4,196522
20200430,000000,24.53,27,24.41,26.66,233834
20200501,000000,26.95,27.88,25.76,26.6,133649
20200504,000000,26.1,28.08,25.5,27.97,147064
20200505,000000,28.1,32.06,27.77,31.98,184559
20200506,000000,32.27,32.27,28.66,29.84,198577
20200507,000000,29.64,31.84,29.08,29.37,169628
20200508,000000,29.6,31.14,29.43,30.86,97706
20200511,000000,30.7,31.47,29.35,30.18,170002
20200512,000000,30.07,30.7,29.35,29.47,106061
20200513,000000,29.35,30.55,28.86,29.5,148292
20200514,000000,29.52,31.55,28.88,31.45,140969
20200515,000000,31.52,32.91,30.94,32.74,138637
20200518,000000,32.78,35.72,32.69,35.57,157521
20200519,000000,35.66,35.76,34.2,34.55,116349
20200520,000000,34.45,36.46,34.38,35.84,120022
20200521,000000,35.82,36.98,35.75,35.95,106554
20200522,000000,36.18,36.23,33.54,35.12,110189
20200525,000000,34.98,35.97,34.46,35.58,21900
20200526,000000,36.3,37.24,35.83,36.66,94510
20200527,000000,36.49,36.71,34.7,35.01,133386
20200528,000000,34.63,36.63,34.35,36.19,151755
20200529,000000,36.03,38.17,34.84,37.61,161078
20200601,000000,37.56,38.68,37.18,38.61,140520
20200602,000000,38.34,39.75,38.26,39.58,136908
20200603,000000,39.75,40.53,38.76,39.45,175830
20200604,000000,39.6,40.1,39.04,39.89,111320
20200605,000000,39.84,42.48,39.72,42.07,164821
20200608,000000,42.4,43.41,40.68,40.8,161983
20200609,000000,41.1,41.45,39.85,40.87,139450
20200610,000000,40.72,41.99,40.14,41.36,138653
20200611,000000,40.95,41.01,37.82,38.33,195357
20200612,000000,37.88,39.45,37.01,39.04,151828
20200615,000000,38.8,39.9,37.24,39.89,145631
20200616,000000,39.94,41.65,38.95,40.74,169295
20200617,000000,40.61,41.46,40.03,40.54,113705
20200618,000000,40.43,41.64,40.06,41.43,104758
20200619,000000,41.72,42.92,41.03,41.92,134216
20200622,000000,41.74,43.18,41.58,43.02,91122
20200623,000000,43.21,43.93,42.21,42.4,98234
20200624,000000,42.45,42.89,39.63,40.32,107416
20200625,000000,40.35,41.64,39.47,41.4,92625
20200626,000000,41.44,41.81,40.28,40.64,97700
20200629,000000,40.5,42,40.01,41.85,133950
20200630,000000,41.77,41.98,40.99,41.63,151526
20200701,000000,41.58,42.62,41.03,42.09,162821
20200702,000000,41.84,43.23,41.73,42.92,136587
20200703,000000,42.76,42.99,42.32,42.78,58913
20200706,000000,42.79,43.71,42.74,43.12,121534
20200707,000000,43.13,43.45,42.46,43.01,112893
20200708,000000,42.81,43.47,42.75,43.37,104182
20200709,000000,43.3,43.5,41.94,42.35,142120
20200710,000000,42.36,43.42,41.32,43.17,130937
20200713,000000,43.12,43.34,42.14,42.21,116056
20200714,000000,42.24,43.22,41.8,43.11,142594
20200715,000000,43.11,43.85,42.7,43.64,146228
20200716,000000,43.71,43.8,43.14,43.4,90338
20200717,000000,43.4,43.45,42.64,43.1,99868
20200720,000000,43.08,43.45,42.36,43.18,106306
20200721,000000,43.17,44.89,43.16,43.96,137099
20200722,000000,44.03,44.4,43.62,44.28,110862
20200723,000000,44.1,44.77,43.13,43.34,114783
20200724,000000,43.27,43.9,42.79,43.42,95286
20200727,000000,43.8,44.2,42.93,43.95,103325
20200728,000000,44.03,44.34,43.4,43.65,76336
20200729,000000,43.69,44.29,43.56,44.1,96136
20200730,000000,44.02,44.22,41.72,43.6,215357
20200731,000000,43.68,43.79,42.92,43.71,124651
20200803,000000,43.53,44.46,42.89,43.88,138736
20200804,000000,43.84,44.82,43.24,44.36,151739
20200805,000000,44.28,46.23,44.24,45.33,179312
20200806,000000,45.32,45.71,44.85,45.12,117226
20200807,000000,45.15,45.3,44.27,44.69,117208
20200810,000000,44.66,45.26,44.37,44.96,88172
20200811,000000,45.05,45.79,44.39,44.54,116327
20200812,000000,44.62,45.63,44.49,45.32,96279
20200813,000000,45.32,45.58,44.82,45.12,83956
20200814,000000,45.29,45.29,44.47,44.95,97667
20200817,000000,44.86,45.41,44.53,45.31,100279
20200818,000000,45.27,45.55,44.76,45.01,113706
20200819,000000,45.17,45.48,44.81,45.21,99159
20200820,000000,45.14,45.18,44.02,44.85,143731
20200821,000000,45.03,45.08,43.59,44.26,127931
20200824,000000,44.5,45.18,44.29,45.05,97729
20200825,000000,45.12,46.5,45.08,46.5,89677
20200826,000000,46.4,46.54,46.02,46.29,104036
20200827,000000,46.19,46.33,45.05,45.65,143313
20200828,000000,45.63,45.94,45.33,45.94,136134
20200831,000000,45.8,46.53,45.21,45.57,122915
20200901,000000,45.6,46.22,45.47,45.77,124080
20200902,000000,45.83,46.05,44.2,44.39,190224
20200903,000000,44.65,44.65,43.15,44,203419
20200904,000000,43.76,44.54,42.3,42.35,200020
20200907,000000,42.2,42.43,41.51,42.05,91143
20200908,000000,42.08,42.23,39.31,39.78,263657
20200909,000000,39.65,41.2,39.37,40.62,179634
20200910,000000,40.58,40.96,39.71,39.72,117381
20200911,000000,39.96,40.34,39.38,39.92,114897
20200914,000000,39.78,40.09,39.3,39.69,106134
20200915,000000,39.7,40.82,39.39,40.68,121005
20200916,000000,40.72,42.44,40.59,42.33,154487
20200917,000000,42.32,43.5,41.5,43.26,155038
20200918,000000,43.22,43.8,42.53,43.04,130059
20200921,000000,43.01,43.3,40.96,41.69,150416
20200922,000000,41.79,42.2,41.21,41.8,115304
20200923,000000,41.67,42.62,41.21,41.51,104870
20200924,000000,41.36,42.02,41.27,41.77,79540
20200925,000000,41.85,42.38,41.52,42.26,58462
20200928,000000,42.21,43.03,41.95,42.94,118755
20200929,000000,42.91,42.97,40.84,41.37,188331
20200930,000000,41.36,42.49,40.82,42.12,194086
20201001,000000,42.17,42.56,39.92,40.71,226026
20201002,000000,40.65,40.77,38.79,38.9,236216
20201005,000000,39.19,41.78,39.14,41.53,183757
20201006,000000,41.41,42.84,41.22,41.86,181702
20201007,000000,41.85,42.42,41.36,42.15,139345
20201008,000000,42.15,43.47,41.86,43.45,155857
20201009,000000,43.36,43.57,42.61,42.82,141128
20201012,000000,42.6,42.71,41.36,41.81,138065
20201013,000000,41.81,42.68,41.66,42.47,133058
20201014,000000,42.43,43.45,42.13,43.44,157610
20201015,000000,43.45,43.48,41.56,43,194356
20201016,000000,43.1,43.21,42.27,42.85,123819
20201019,000000,42.69,43.23,42.36,42.46,121845
20201020,000000,42.45,43.3,42.19,42.8,147982
20201021,000000,42.91,43.04,41.45,41.71,165903
20201022,000000,41.59,42.79,41.46,42.44,132522
20201023,000000,42.4,42.8,41.5,41.59,105848
20201026,000000,41.83,41.92,40.59,40.81,123066
20201027,000000,40.83,41.88,40.79,41.1,108148
20201028,000000,41.04,41.11,39.23,39.54,220462
20201029,000000,39.71,39.97,37.26,38.11,275653
20201030,000000,38.22,38.71,37.4,37.86,209890
20201102,000000,37.37,39.36,35.74,39.24,216280
20201103,000000,39.26,40.45,38.65,40.16,178891
20201104,000000,40.13,41.33,39.42,41.2,173059
20201105,000000,40.96,41.53,40.33,40.8,135610
20201106,000000,40.63,40.69,39.34,39.6,166268
20201109,000000,39.65,43.48,39.46,42.02,186097
20201110,000000,41.75,44.11,41.71,44.05,170229
20201111,000000,43.77,45.3,43.6,43.77,200125
20201112,000000,43.73,44.5,43.26,43.27,165339
20201113,000000,43.2,43.34,42.63,42.63,131178
20201116,000000,42.71,44.67,42.71,43.89,156076
20201117,000000,43.89,44.25,43.08,43.78,130931
20201118,000000,43.75,44.89,43.48,44.13,147721
20201119,000000,43.96,44.57,43.79,44.17,116508
20201120,000000,44.15,45.24,44.05,45.24,120020
20201123,000000,45.08,46.56,44.89,46.45,131419
20201124,000000,46.47,48.6,45.89,48.25,143460
20201125,000000,48.25,49.06,47.72,48.81,124572
20201126,000000,48.8,49,47.49,47.85,92858
20201127,000000,47.85,48.46,47.34,48.3,115137
20201130,000000,47.98,48.29,47.07,47.61,201378
20201201,000000,47.62,48.3,46.84,47.03,174020
20201202,000000,47.03,48.76,46.82,48.12,197762
20201203,000000,48.12,49.56,47.67,49.45,179651
20201204,000000,49.49,49.92,48.84,49.03,163759
20201207,000000,49.1,49.43,48.39,48.42,124464
20201208,000000,48.43,49,48.09,48.65,130273
20201209,000000,48.66,49.55,48.4,49.01,173825
20201210,000000,49,51.06,48.86,50.18,184923
20201211,000000,50.18,50.74,49.74,50.07,132056
20201214,000000,49.96,50.8,49.13,49.89,152574
20201215,000000,49.87,50.89,49.78,50.62,117814
20201216,000000,50.62,51.65,50.34,51.5,128755
20201217,000000,51.51,51.9,51.08,51.38,113808
20201218,000000,51.38,52.48,51.13,52.37,127382
20201221,000000,52.34,52.34,49.21,50.7,164256
20201222,000000,50.69,50.86,49.35,49.38,102679
20201223,000000,49.39,51.78,49.2,51.68,110632
20201224,000000,51.67,51.77,50.62,51.3,58197
20201228,000000,51.32,52.05,50.59,51.12,93374
20201229,000000,51.12,51.69,50.96,51.41,100734
20201230,000000,51.4,51.92,50.94,51.56,154269
20201231,000000,51.55,51.84,50.9,51.72,88731
20210104,000000,51.5,53.33,50.56,50.67,267461
20210105,000000,50.95,53.9,50.7,53.57,296062
20210106,000000,53.52,54.73,53.02,54.15,231283
20210107,000000,54.13,54.9,53.94,54.52,144086
20210108,000000,54.56,56.36,54.34,56.36,192380
20210111,000000,56.24,56.39,54.99,55.62,158698
20210112,000000,55.66,56.79,55.51,56.78,165314
20210113,000000,56.83,57.42,55.77,55.91,168698
20210114,000000,55.93,56.57,55.24,56.46,145705
20210115,000000,56.41,56.5,54.64,55,182592
20210118,000000,54.75,55.21,54.49,54.79,79135
20210119,000000,55.01,56.08,54.89,55.93,144672
20210120,000000,56.07,56.64,55.66,55.69,144678
20210121,000000,55.82,56.24,55.49,56.17,109025
20210122,000000,56,56.03,54.48,55.21,164957
20210125,000000,55.26,56.02,55.07,55.91,110928
20210126,000000,55.93,56.34,55.39,55.87,85113
20210127,000000,55.84,56.19,54.94,55.3,164586
20210128,000000,55.18,56.22,54.91,55.03,187567
20210129,000000,55.04,56.02,54.9,55.1,197528
20210201,000000,54.91,56.53,54.6,56.21,189734
20210202,000000,56.35,58.05,56.33,57.82,196174
20210203,000000,57.85,58.94,57.5,58.67,174328
20210204,000000,58.59,59.12,58.04,59.11,152979
20210205,000000,59.17,59.78,59.08,59.62,117936
20210208,000000,59.43,60.72,59.43,60.66,157289
20210209,000000,60.8,61.34,60.05,61.29,167657
20210210,000000,61.21,61.69,60.87,61.1,147101
20210211,000000,61.01,61.5,60.72,60.86,106883
20210212,000000,60.82,62.83,60.35,62.71,166393
20210213,000000,62.43,62.43,62.43,62.43,1
20210215,000000,62.83,63.76,62.82,63.33,119736
20210216,000000,63.47,63.7,62.69,63.56,168745
20210217,000000,63.15,64.96,62.73,64.89,204702
20210218,000000,65.02,65.52,63.22,63.53,193223
20210219,000000,63.3,63.94,62.09,62.84,161564
20210220,000000,62.91,62.91,62.91,62.91,1
20210222,000000,62.68,65.85,62.55,65.8,131402
20210223,000000,65.51,66.79,64.47,65.09,121591
20210224,000000,65.06,67.31,64.8,67.31,49030
20210225,000000,67.2,67.7,66.48,67.08,31444
20210226,000000,66.89,66.9,64.25,64.63,167246
20210227,000000,64.42,64.42,64.42,64.42,1
20210301,000000,64.85,65.93,63.17,63.31,189063
20210302,000000,63.12,64.13,62.38,62.62,210927
20210303,000000,62.38,64.7,62.38,63.99,209282
20210304,000000,64.1,67.75,63.33,67.26,319496
20210305,000000,67.16,69.69,66.67,69.69,219360
20210306,000000,69.36,69.36,69.36,69.36,1
20210308,000000,69.97,71.38,67.8,68.12,217894
20210309,000000,68.13,69.33,67.12,67.3,174218
20210310,000000,67.46,68.42,66.5,68.18,214312
20210311,000000,68.45,69.84,67.99,69.62,163237
20210312,000000,69.59,69.9,69.03,69.23,133248
20210315,000000,69.08,70.03,67.82,68.79,168742
20210316,000000,68.81,68.94,67.36,68.47,149275
20210317,000000,68.39,68.89,66.96,67.74,180678
20210318,000000,67.77,68.15,61.45,62.87,334604
20210319,000000,62.99,64.95,62.07,64.46,263030
20210322,000000,64.53,65.12,63.45,64.29,132641
20210323,000000,64.3,64.3,60.27,60.38,218034
20210324,000000,60.5,64.57,60.47,64.22,160551
20210325,000000,63.99,64.19,60.98,61.84,141197
20210326,000000,62.01,64.75,61.85,64.22,134804
20210329,000000,64.43,65.34,63.01,65.19,185469
20210330,000000,65.39,65.39,63.5,64.02,174893
20210331,000000,63.95,64.83,62.53,63.07,198324
20210401,000000,63.12,65.17,62.38,64.65,304764
20210405,000000,64.57,64.81,61.25,62.3,148583
20210406,000000,62.32,64.28,62.08,62.65,190633
20210407,000000,62.6,63.55,61.6,62.9,219071
20210408,000000,63.02,63.43,62.38,63.37,153244
20210409,000000,63.28,63.49,62.57,63.05,117831
20210412,000000,63.06,64.31,62.41,63.2,164082
20210413,000000,63.24,64.19,63.18,63.96,139573
20210414,000000,64.01,66.9,63.88,66.28,201361
20210415,000000,66.38,67.03,65.95,66.84,136336
20210416,000000,66.86,67.38,66.44,66.72,114344
20210419,000000,66.7,67.23,66.17,67.16,113227
20210420,000000,67.2,68.08,65.51,66.31,196607
20210421,000000,66.22,66.52,64.96,65.08,169683
20210422,000000,65.13,65.83,64.58,65.75,124541
20210423,000000,65.8,66.3,65.16,66.12,106086
20210426,000000,66.1,66.26,63.93,65.17,126683
20210427,000000,65.3,66.22,65.08,66.09,126115
20210428,000000,66.05,67.37,65.54,66.52,190337
20210429,000000,66.67,68.44,66.64,68.02,181769
20210430,000000,67.9,67.97,66.25,66.44,187712
20210503,000000,66.7,67.82,66.1,67.66,94050
20210504,000000,67.75,69.5,67.37,69.49,179461
20210505,000000,69.35,69.95,68.35,68.55,198774
20210506,000000,68.47,69.37,67.93,68.28,177697
20210507,000000,68.26,68.65,67.39,68.27,148711
20210510,000000,68.74,69.2,67.41,68.22,150748
20210511,000000,68.29,68.75,67.13,68.65,191496
20210512,000000,68.78,69.9,68.18,69,188210
20210513,000000,68.88,69.04,66.48,67.05,203145
20210514,000000,67,68.89,66.5,68.83,166670
20210517,000000,68.92,69.62,68.18,69.6,133206
20210518,000000,69.61,70.24,67.28,68.59,216751
20210519,000000,68.41,68.46,65.3,66.69,235152
20210520,000000,66.63,67.17,64.8,65.05,180066
20210521,000000,65.22,66.94,64.57,66.73,154474
20210524,000000,66.44,68.64,66.44,68.45,119046
20210525,000000,68.47,68.9,67.83,68.63,93896
20210526,000000,68.55,69.17,67.88,68.69,113171
20210527,000000,68.66,69.26,67.96,69.21,139223
20210528,000000,69.47,69.74,68.57,69.02,183080
20210531,000000,68.98,69.82,68.75,69.46,59915
20210601,000000,69.39,71.34,69.29,70.63,213854
20210602,000000,70.55,71.48,70.35,71.2,135464
20210603,000000,71.27,71.99,70.66,71.39,145411
20210604,000000,71.25,72.17,70.73,71.82,129108
20210607,000000,71.82,72.27,71.1,71.5,121997
20210608,000000,71.42,72.42,70.71,72.05,164520
20210609,000000,72.17,72.87,71.82,72.02,137944
20210610,000000,72.03,72.93,70.95,72.4,191185
20210611,000000,72.41,73.09,71.88,72.62,144041
20210614,000000,72.7,73.64,72.59,73.07,114230
20210615,000000,73.03,74.33,72.79,74.27,139179
20210616,000000,74.26,74.96,73.86,73.87,169164
20210617,000000,73.8,74.5,72.01,72.99,214819
20210618,000000,73,73.76,72.18,73.22,144117
20210621,000000,73.33,74.95,72.98,74.84,153943
20210622,000000,74.88,75.3,74.32,74.74,131164
20210623,000000,74.75,76.02,74.7,75.41,118862
20210624,000000,75.3,75.78,74.51,75.6,88034
20210625,000000,75.54,76.21,74.95,76.01,86426
20210628,000000,75.41,75.77,73.93,74.01,150686
20210629,000000,74.08,74.99,73.36,74.67,150024
20210630,000000,74.6,75.35,73.93,74.67,181915
20210701,000000,74.69,76.74,74.55,75.61,254159
20210702,000000,75.64,76.43,75.21,75.97,154138
20210705,000000,76.23,77.26,75.7,77.1,110869
20210706,000000,77.06,77.84,74.13,74.93,292609
20210707,000000,74.69,75.99,72.6,73.34,271291
20210708,000000,73.35,74.4,72.11,74.35,195716
20210709,000000,74.39,75.8,73.8,75.58,141159
20210712,000000,75.79,75.84,74.23,75.2,143414
20210713,000000,75.25,76.6,74.93,76.35,144505
20210714,000000,76.28,76.72,73.79,74.54,225340
20210715,000000,74.5,74.59,73.19,73.29,187423
20210716,000000,73.18,74.09,72.34,73.3,180288
20210719,000000,72.86,73.34,67.75,68.75,343518
20210720,000000,68.99,69.73,67.44,68.63,204484
20210721,000000,68.92,72.38,68.63,72.25,176327
20210722,000000,72.24,73.9,71.74,73.67,138872
20210723,000000,73.56,74.22,73.32,74.19,94299
20210726,000000,74.12,74.5,72.75,73.97,100131
20210727,000000,73.88,74.19,73.08,73.79,108246
20210728,000000,73.8,74.34,73.52,73.9,123829
20210729,000000,73.89,75.15,73.7,74.84,131954
20210730,000000,74.81,75.65,74.39,75.22,169817
20210802,000000,75.39,75.39,72.31,73.24,219390
20210803,000000,73.08,73.55,71.05,72.28,204978
20210804,000000,72.35,72.83,70.11,70.31,242580
20210805,000000,70.27,71.5,69.75,71.18,169572
20210806,000000,71.2,72.43,70.28,70.49,176436
20210809,000000,70.26,70.26,67.6,69.2,228389
20210810,000000,69.35,71.24,68.94,70.86,154731
20210811,000000,70.83,71.72,69.07,71.62,200295
20210812,000000,71.57,71.9,70.67,71.15,131417
20210813,000000,71.12,71.38,70,70.25,122040
20210816,000000,70.05,70.45,68.14,69.57,203814
20210817,000000,69.77,70,68.82,69.11,150846
20210818,000000,68.96,70.04,67.23,67.5,201722
20210819,000000,67.57,67.64,65.57,66.56,237901
20210820,000000,66.54,66.93,64.94,65,153178
20210823,000000,64.97,68.9,64.6,68.78,167185
20210824,000000,68.66,71.27,68.53,71.2,149514
20210825,000000,71,72.42,70.5,71.93,130857
20210826,000000,71.94,72.13,69.77,70.52,128996
20210827,000000,70.61,71.75,70.23,71.67,130871
20210830,000000,71.98,72.69,71.02,72.11,138229
20210831,000000,72.16,72.36,71.37,71.7,170433
20210901,000000,71.68,72.38,70.42,71.31,175260
20210902,000000,71.31,73.47,70.92,72.84,175535
20210903,000000,72.86,73.69,72.4,72.48,137889
20210906,000000,72.57,72.78,71.51,72.1,88061
20210907,000000,72.29,72.81,71.1,71.53,176238
20210908,000000,71.64,72.95,71.55,72.66,167542
20210909,000000,72.61,73.2,70.88,71.37,224905
20210910,000000,71.37,73.15,70.94,72.95,153331
20210913,000000,72.88,73.92,72.69,73.67,160137
20210914,000000,73.62,74.28,73.08,73.91,157444
20210915,000000,73.92,76.13,73.78,75.5,188411
20210916,000000,75.46,75.87,74.48,75.67,151513
20210917,000000,75.68,75.78,74.6,75.49,143868
20210920,000000,75.33,75.4,73.52,74.25,189597
20210921,000000,74.33,75.18,73.26,74.68,151821
20210922,000000,74.56,76.26,74.49,75.85,147426
20210923,000000,75.9,77.35,75.6,77.26,122975
20210924,000000,77.26,78.24,76.85,78.07,95755
20210927,000000,77.61,79.05,77.35,78.63,160065
20210928,000000,78.61,79.95,77.35,77.43,227563
20210929,000000,77.51,78.73,76.77,77.9,199390
20210930,000000,77.82,79.3,76.51,78.36,299170
20211001,000000,78.49,79.41,77.55,79.24,175206
20211004,000000,79.49,82,78.75,81.27,238850
20211005,000000,81.27,83.13,81.19,82.56,188516
20211006,000000,82.57,83.47,80.6,80.83,267479
20211007,000000,80.98,82.5,79.08,82.48,250042
20211008,000000,82.38,83.43,81.96,82.58,209177
20211011,000000,82.65,84.6,82.54,83.69,194312
20211012,000000,83.49,84.23,82.72,83.38,205681
20211013,000000,83.1,83.69,82.2,83.37,191230
20211014,000000,83.45,84.5,83.18,84.07,200560
20211015,000000,84.3,85.1,84.16,84.92,167613
20211018,000000,84.95,86.04,83.95,84.15,202646
20211019,000000,84.21,85.4,83.7,85.15,222891
20211020,000000,85.19,85.89,83.61,85.89,205197
20211021,000000,85.9,86.1,83.36,84.75,217113
20211022,000000,84.52,85.93,83.82,85.77,155036
20211025,000000,85.65,86.7,85.43,85.99,147897
20211026,000000,86.03,86.43,84.89,85.42,129145
20211027,000000,85.31,85.56,83.35,83.5,250936
20211028,000000,83.51,83.98,81.61,83.9,245137
20211029,000000,83.67,84.26,82.57,83.53,228508
20211101,000000,83.63,85.12,83.03,84.55,172474
20211102,000000,84.45,85.23,83.76,84.09,194380
20211103,000000,84.07,84.2,81.1,81.38,237580
20211104,000000,81.58,84.49,80.2,80.95,326794
20211105,000000,81.25,83.16,80.26,82.55,223633
20211108,000000,82.58,84,82.53,83.68,157234
20211109,000000,83.47,85.3,83.16,85.2,201840
20211110,000000,84.99,85.5,82.08,82.72,237978
20211111,000000,82.85,83.44,81.66,82.64,202740
20211112,000000,82.83,82.87,81.26,81.95,191670
20211115,000000,81.92,82.49,80.67,82.17,177209
20211116,000000,82,83.14,81.52,82.27,192281
20211117,000000,82.05,82.22,79.78,80.21,228811
20211118,000000,80.1,81.41,79.28,81.05,183373
20211119,000000,81,82.24,78.05,78.66,309245
20211122,000000,78.58,80.07,77.58,78.59,207293
20211123,000000,78.59,82.6,77.98,81.14,214455
20211124,000000,81.14,83,80.84,81.07,127343
20211125,000000,81.06,82.58,78.86,79.03,69656
20211126,000000,79.02,81.66,70.99,71.8,335110
20211129,000000,72.65,75.94,72.15,73.65,363546
20211130,000000,73.64,74.35,67.45,71.15,441434
20211201,000000,71.17,72.87,68.14,69.6,306786
20211202,000000,69.59,71.02,65.72,70.87,390380
20211203,000000,70.85,72.62,69.24,70.14,236295
20211206,000000,70.24,73.8,70.24,73.66,191406
20211207,000000,73.67,76.27,73.2,75.29,203076
20211208,000000,75.28,76.66,74.38,76.44,208464
20211209,000000,76.44,76.7,73.84,74.22,172427
20211210,000000,74.23,75.71,73.8,75.27,147183
20211213,000000,75.37,76.39,73.85,74.08,171885
20211214,000000,74.07,75.16,72.57,72.92,177759
20211215,000000,72.91,74.72,72.5,74.43,167782
20211216,000000,74.44,75.61,74,74.37,149719
20211217,000000,74.37,74.98,72.65,72.87,157388
20211220,000000,72.82,72.87,69.28,72.04,220890
20211221,000000,72.05,74.6,71.24,74.11,131161
20211222,000000,74.11,75.79,73.62,75.51,101708
20211223,000000,75.52,77,74.78,76.37,102864
20211224,000000,76.37,76.79,75.75,75.86,16782
20211227,000000,76.07,78.68,75.38,78.62,87898
20211228,000000,78.32,79.48,78.06,78.82,98146
20211229,000000,78.93,80.03,78.1,79.2,151383
20211230,000000,79.06,80.02,78.41,79.14,126433
20211231,000000,78.81,79.68,77.55,77.94,107480
20220103,000000,78.11,79.28,77.04,78.91,128552
20220104,000000,78.91,80.55,78.62,80.16,166250
20220105,000000,80.07,81.5,79.51,80.24,169933
20220106,000000,80.22,82.83,79.61,81.98,197269
20220107,000000,82,83,81.42,81.93,172330
20220110,000000,81.76,82.3,80.5,81,170420
20220111,000000,81.08,83.98,80.89,83.75,189869
20220112,000000,83.78,85.21,83.52,84.84,174378
20220113,000000,84.87,85.1,83.79,84.11,147392
20220114,000000,84.12,86.5,83.99,86.47,186941
20220117,000000,86.15,86.71,85.54,86.53,90974
20220118,000000,86.47,88.66,86.44,88.57,196581
20220119,000000,88.65,89.17,87.61,87.72,189459
20220120,000000,87.89,89.5,87.05,87.48,171278
20220121,000000,86.75,88.23,85.71,87.9,184708
20220124,000000,87.93,88.9,85.04,87.17,212847
20220125,000000,86.76,88.37,86.2,88.08,146202
20220126,000000,87.95,89.27,87.65,88.53,149103
20220127,000000,88.5,89.74,87.79,88.88,198602
20220128,000000,88.81,90.27,88.15,88.88,231813
20220131,000000,89.2,89.8,88.09,89.31,170017
20220201,000000,89.62,89.96,87.72,89.29,169124
20220202,000000,89.48,90.52,88.28,89.34,204574
20220203,000000,89.07,91.3,88.02,91.07,192107
20220204,000000,91.3,93.7,91.2,92.52,200655
20220207,000000,92.75,94,92.13,92.95,181802
20220208,000000,92.63,92.93,89.93,91.32,237602
20220209,000000,91.08,92.09,90.05,91.8,182654
20220210,000000,91.75,93.1,90.88,91.45,225173
20220211,000000,91.17,95.66,90.51,95.1,258599
20220214,000000,95.2,96.78,93.44,95.85,258817
20220215,000000,95.81,96.26,92.06,93.5,266815
20220216,000000,93.49,96.07,91.11,92.1,260706
20220217,000000,92.2,94.5,92.14,92.94,235073
20220218,000000,92.73,94.15,90.12,93.61,234629
20220221,000000,94.29,97.4,92.57,97.35,152685
20220222,000000,96.55,99.5,95.8,96.5,207858
20220223,000000,96.65,98.71,95.81,97.54,143194
20220224,000000,98.08,105.79,97.56,99.41,92935
20220225,000000,100.69,101.99,96,98.57,27890
20220228,000000,96.34,101.28,96.34,98.12,268225
20220301,000000,98.43,107.67,98.3,107.65,332679
20220302,000000,107.34,115.11,106.83,114.54,340139
20220303,000000,115.27,119.84,109.4,110.44,320519
20220304,000000,114.23,118.98,109.62,118.05,220128
20220307,000000,122.79,139.13,119.04,124.37,284185
20220308,000000,124.56,133.15,121.31,129.47,321357
20220309,000000,130.28,131.64,105.6,112.51,347012
20220310,000000,112.65,118.36,109,109.18,224964
20220311,000000,110.26,113.91,107.13,112.12,181933
20220314,000000,113.15,113.15,103.49,106,180462
20220315,000000,105.34,105.71,97.44,98.75,215286
20220316,000000,99.14,103.7,96.93,98.04,173717
20220317,000000,98.61,107.5,97.75,107.01,133238
20220318,000000,106.8,109.59,105.78,108.2,110259
20220321,000000,107.5,116.8,107.06,116.4,123186
20220322,000000,117.04,119.48,112.64,114.58,131400
20220323,000000,114.7,122.34,114.45,121.52,131957
20220324,000000,121.56,123.74,116.93,118.2,105582
20220325,000000,118.88,120.92,115.16,119.98,73408
20220328,000000,115.79,116.03,106.06,106.6,187204
20220329,000000,107.21,111.8,102.19,108.56,230507
20220330,000000,109.6,112.28,107.93,111,136387
20220331,000000,110.99,111.16,104.06,105.65,212910
20220401,000000,105.25,106.24,102.35,104.75,137968
20220404,000000,104.08,108.68,102.89,107.98,128823
20220405,000000,108.51,109.9,104.53,105.68,131302
20220406,000000,105.7,108.67,100.54,101.65,181454
20220407,000000,101.78,103.59,98.41,101.41,172293
20220408,000000,101.42,103.3,99.65,102.4,129545
20220411,000000,103.21,103.3,97.57,99.35,124281
20220412,000000,99.35,105.6,98.9,104.93,162778
20220413,000000,105.44,109,104.06,108.88,134100
20220414,000000,108.29,112.39,106.63,111.66,133803
20220418,000000,112.32,114.84,110.71,112.84,79573
20220419,000000,112.85,114.21,106.74,107.6,146196
20220420,000000,108.1,109,104.65,107.23,128139
20220421,000000,107.07,109.8,106.76,108.83,104002
20220422,000000,108.26,108.76,105.54,106.2,67142
20220425,000000,105.49,105.85,99.48,102.63,78645
20220426,000000,102.53,105.81,101.08,104.87,128158
20220427,000000,105.06,105.98,103,104.94,133511
20220428,000000,104.77,107.71,102.9,107.12,171863
20220429,000000,107.07,110,106.08,106.08,173634
20220502,000000,106.3,108.46,103.1,107.64,106284
20220503,000000,107.61,108.32,104.62,105.94,113028
20220504,000000,105.91,111,105.46,110.22,146625
20220505,000000,110.55,114,109.2,111.06,163520
20220506,000000,111.27,113.5,109.87,113.22,138031
20220509,000000,112.94,113.2,105,105.25,183514
20220510,000000,105.5,106.96,101.54,101.6,189260
20220511,000000,101.51,108.29,101.3,107.51,170929
20220512,000000,107.67,108.71,104.69,107.92,150968
20220513,000000,108.25,111.69,107.79,111.22,127967
20220516,000000,111.67,114.79,108.84,114.03,135674
20220517,000000,114.42,115.69,111.09,112.83,161268
20220518,000000,112.91,114.15,108.35,109.25,162611
20220519,000000,108.22,112.31,105.7,111.5,178920
20220520,000000,111.45,113.23,110.52,112.91,94536
20220523,000000,112.85,114.34,111.86,113.47,99943
20220524,000000,112.79,114.63,111.7,113.84,103290
20220525,000000,114.12,115.3,113.01,114.5,76601
20220526,000000,114.35,114.99,111.2,114.46,110592
20220527,000000,114.37,115.8,113.12,115.32,136064
20220530,000000,115.47,117.94,115.32,117.7,80694
20220531,000000,118.2,120.8,115.15,116.27,241109
20220601,000000,116.08,118.57,115.4,115.9,143773
20220602,000000,115.02,118.46,112.45,118.29,141318
20220603,000000,118.22,121.45,116.02,121.08,94619
20220606,000000,121.55,121.95,118.77,119.99,129038
20220607,000000,119.94,121.37,118.55,121,160053
20220608,000000,120.65,124.4,120.45,123.94,161152
20220609,000000,123.6,124.34,122.5,122.93,133115
20220610,000000,122.89,124.33,119.81,121.93,180008
20220613,000000,121.94,123.7,118.93,122.36,165649
20220614,000000,121.88,125.19,118.91,121.09,174500
20220615,000000,120.79,121.88,117.75,118.98,142637
20220616,000000,119.65,120.29,115.56,119.03,163422
20220617,000000,119.13,121.25,111.72,113.61,220010
20220620,000000,113.88,114.5,111.52,114.21,98580
20220621,000000,114.21,116.25,114.02,114.89,117103
20220622,000000,114.4,114.45,107.03,110.03,184541
20220623,000000,109.58,112.7,108.04,109.83,106153
20220624,000000,110.04,114,109.24,113.19,73948
20220627,000000,109,111.89,107.15,111.21,137160
20220628,000000,111.57,114.1,111.48,114,125576
20220629,000000,113.93,116.24,111.74,112.3,160109
20220630,000000,112.45,113.25,108.19,109.2,197737
20220701,000000,109.49,112.45,108.03,111.48,151289
20220704,000000,111.65,114,110.4,113.83,70603
20220705,000000,113.54,114.75,101.1,104.8,306858
20220706,000000,104.88,105.85,98.5,99.8,240657
20220707,000000,100.14,106.35,98.5,104.1,192940
20220708,000000,104.65,107.47,103.67,107.15,151819
20220711,000000,107,107.7,103.64,106.41,123109
20220712,000000,106.25,106.56,98.9,99.22,174875
20220713,000000,98.5,101.21,98.28,99.85,156779
20220714,000000,99.43,100.39,94.5,99.71,185569
20220715,000000,99.91,102.64,98.17,101.13,134325
20220718,000000,100.82,106.48,99.46,105.69,134030
20220719,000000,105.74,107.61,103.6,107.27,124619
20220720,000000,107.07,107.45,105.08,106.61,99135
20220721,000000,106.49,106.78,101.5,103.89,132533
20220722,000000,103.86,105.72,101.9,103.61,74365
20220725,000000,103.42,105.38,101.64,104.89,52493
20220726,000000,104.8,107.34,99.05,99.72,99935
20220727,000000,99.83,102.88,98.85,102.33,136228
20220728,000000,102.35,104.2,100.97,102.4,164858
20220729,000000,102.69,106.5,101.64,104,167292
20220801,000000,103.92,104.43,99.09,99.93,173810
20220802,000000,99.87,102.41,98.49,99.92,148906
20220803,000000,99.73,102.41,96.5,97.1,193318
20220804,000000,97.1,97.66,93.2,93.6,178822
20220805,000000,93.65,96.4,92.78,94.66,133860
20220808,000000,94.51,96.82,93.01,96.52,132206
20220809,000000,96.36,98.4,94.9,96.53,136339
20220810,000000,96.34,97.97,93.63,97.06,145889
20220811,000000,97.04,100.17,96.63,99.42,122173
20220812,000000,99.33,100.38,96.94,98.01,114415
20220815,000000,97.72,98.17,92.78,93.47,146667
20220816,000000,94.01,95.95,91.71,92.76,144498
20220817,000000,92.67,94.48,91.51,93.05,126399
20220818,000000,93.29,97.42,93.05,96.58,119380
20220819,000000,96.68,97.88,94.25,96.09,111886
20220822,000000,95.95,97.28,92.36,96.69,132438
20220823,000000,96.78,100.45,96.53,100.15,130534
20220824,000000,100.19,101.9,99.1,101.73,120618
20220825,000000,101.73,102.47,99.12,99.83,94881
20220826,000000,99.83,100.94,96.96,98.9,113798
20220829,000000,98.96,103.22,98.25,102.95,131948
20220830,000000,102.88,103.48,96.63,98.47,216406
20220831,000000,98.33,99,94.4,94.96,185550
20220901,000000,95.18,95.68,91.81,92.17,190815
20220902,000000,92.66,95.32,92.65,93.28,146356
20220905,000000,93.02,96.99,93.02,95.23,97942
20220906,000000,95.19,95.94,92.3,92.85,155123
20220907,000000,92.81,93.8,87.4,87.71,206587
20220908,000000,87.7,89.83,87.24,88.61,131529
20220909,000000,88.62,93.12,88.6,92.42,123239
20220912,000000,92.54,95.17,91.21,94.26,120492
20220913,000000,94.31,95.53,91.05,93.55,162847
20220914,000000,93.4,95.8,91.93,94.64,153832
20220915,000000,94.65,94.66,90.03,90.8,156656
20220916,000000,90.51,92.66,90.25,91.57,120084
20220919,000000,91.43,92.57,88.5,91.73,97618
20220920,000000,92.15,93.05,89.8,90.87,113394
20220921,000000,90.74,93.5,89.3,90,148704
20220922,000000,89.99,92.81,89.3,90.33,107260
20220923,000000,90.46,90.84,85.5,86.65,102613
20220926,000000,86.62,87.42,82.44,82.72,127347
20220927,000000,82.84,85.84,82.81,84.43,128739
20220928,000000,84.83,88.22,82.94,87.93,159345
20220929,000000,87.62,88.74,86.15,87.46,147988
20220930,000000,87.55,88.64,85,85.57,163812
20221003,000000,86.35,89.82,86.35,88.7,167685
20221004,000000,88.81,92.4,88.78,91.76,166744
20221005,000000,91.89,93.96,90.76,93.79,175178
20221006,000000,93.71,94.98,92.72,94.92,130293
20221007,000000,94.71,98.58,93.94,98.45,153172
20221010,000000,98.75,98.75,95.6,96.07,125935
20221011,000000,95.93,96.46,93.11,93.8,156273
20221012,000000,93.72,95.07,91.58,92.41,61434
20221013,000000,92.49,94.92,91.08,94.69,154181
20221014,000000,94.53,95.11,91.28,91.46,124906
20221017,000000,91.71,93.21,90.83,91.98,112214
20221018,000000,91.99,92.66,88.77,90.64,171795
20221019,000000,90.79,92.85,89.32,92.57,139106
20221020,000000,92.4,94.77,91.91,92.73,127208
20221021,000000,92.45,93.8,91,93.6,114260
20221024,000000,93.59,94.4,91.22,93.45,90879
20221025,000000,93.47,94.38,91.62,93.06,84085
20221026,000000,92.91,94.3,91.71,94.15,121208
20221027,000000,94.15,95.3,93.18,94.73,137237
20221028,000000,94.61,94.9,93.02,94.16,143715
20221031,000000,94.43,94.48,91.46,92.85,192728
20221101,000000,92.67,95.55,92.33,94.77,160858
20221102,000000,94.85,96.5,93.84,95.52,167441
20221103,000000,95.36,95.98,93.56,94.55,132210
20221104,000000,94.58,98.81,92.73,98.75,192170
20221107,000000,97.31,99.56,95.8,97.93,142672
20221108,000000,98.24,98.3,95,95.05,147238
20221109,000000,95.17,95.65,92.33,92.47,183000
20221110,000000,92.53,94.32,91.07,93.34,163758
20221111,000000,93.84,96.92,92.21,95.76,147760
20221114,000000,95.87,96.95,91.28,92.5,148525
20221115,000000,92.59,95.77,91.53,93.77,178576
20221116,000000,94.11,94.79,91.67,92.61,150640
20221117,000000,92.73,92.91,89.11,90.02,173274
20221118,000000,90.1,90.63,85.8,87.74,206661
20221121,000000,87.74,87.98,82.31,87.79,220287
20221122,000000,87.76,89.9,87.05,88.35,100521
20221123,000000,88.47,89.56,84.12,84.65,118804
20221124,000000,85.04,85.54,83.9,85.12,40936
20221125,000000,85.5,86.87,83.59,83.91,44706
20221128,000000,84,84.67,80.81,83.24,172727
20221129,000000,83.21,86.72,83.19,84.94,182869
20221130,000000,84.9,87.39,84.45,86.64,155369
20221201,000000,86.78,89.37,86.26,87.26,140934
20221202,000000,86.9,87.91,85.16,85.42,123075
20221205,000000,85.73,88.44,82.52,83,155996
20221206,000000,83.28,83.69,78.7,79.72,205189
20221207,000000,79.76,80.49,76.91,77.39,185126
20221208,000000,77.46,79.17,75.74,76.51,163525
20221209,000000,76.63,77.48,75.11,76.82,107792
20221212,000000,76.88,78.59,75.26,78.02,131956
20221213,000000,78.13,81.28,78.1,80.89,130810
20221214,000000,80.57,83.15,80.38,82.8,126243
20221215,000000,82.76,83.18,80.83,81.45,122136
20221216,000000,81.32,81.78,78.29,79.26,144880
20221219,000000,79.21,80.87,78.6,80.1,103197
20221220,000000,80.25,80.89,78.28,79.68,100531
20221221,000000,79.94,82.52,79.55,82.28,86064
20221222,000000,82.52,83.85,80.67,81.69,84692
20221223,000000,81.69,84.12,81.29,83.97,43715
20221227,000000,85,86.1,84.19,85.16,91826
20221228,000000,84.92,85.15,82.51,83.77,119495
20221229,000000,83.63,83.84,81.85,83.73,128873
20221230,000000,83.71,86,82.88,85.99,110463
20230102,000000,85.91,85.91,85.91,85.91,1
20230103,000000,85.96,87,81.78,82.46,191881
20230104,000000,82.31,82.72,77.72,78.1,212437
20230105,000000,78.16,79.97,77.61,78.88,170048
20230106,000000,78.8,80.59,78.05,78.6,141159
20230109,000000,78.42,81.37,78.42,79.8,155330
20230110,000000,79.54,80.89,78.81,79.62,141924
20230111,000000,79.52,83,79.31,82.91,168908
20230112,000000,82.88,84.62,82.37,83.82,157011
20230113,000000,83.91,85.5,83.5,85.43,123652
20230116,000000,85.36,85.59,83.83,84.12,80141
20230117,000000,84.2,86.82,84.04,86.7,156571
20230118,000000,86.45,87.85,84.36,84.64,185214
20230119,000000,84.34,86.85,83.76,86.38,150866
20230120,000000,86.42,87.79,85.58,87.66,126170
20230123,000000,87.7,89.09,86.92,88.15,109751
20230124,000000,88.07,88.71,85.8,86.42,108260
20230125,000000,86.28,87,85.41,86.18,83750
20230126,000000,86.35,87.99,85.74,87.49,109696
20230127,000000,87.49,88.63,85.52,86.21,168677
20230130,000000,86.81,87.28,84.26,84.64,193774
20230131,000000,84.62,85.79,83.16,85.53,200073
20230201,000000,85.56,86.21,82.37,83.06,212562
20230202,000000,83.34,83.61,81.25,82.1,186251
20230203,000000,82.27,84.2,79.48,79.82,223680
20230206,000000,79.61,81.43,79.1,81.4,205694
20230207,000000,81.26,84.13,81.19,84.09,172864
20230208,000000,84.11,85.15,83.27,85.02,156766
20230209,000000,84.96,85.5,83.05,84.08,151206
20230210,000000,84.22,86.9,83.76,86.06,182866
20230213,000000,86.51,86.95,85.1,85.78,129430
20230214,000000,85.83,86.42,84.13,85.25,142495
20230215,000000,85.2,85.85,83.9,85.28,123328
20230216,000000,85.27,86.21,84.32,84.82,113760
20230217,000000,84.6,84.87,81.8,83.15,204940
20230220,000000,83.15,84.3,82.65,83.81,77388
20230221,000000,83.86,84.2,82.45,82.73,120147
20230222,000000,82.78,83.25,80.3,80.47,125256
20230223,000000,80.48,82.77,80.4,82.43,82407
20230224,000000,82.49,83.39,81.07,82.85,44779
20230227,000000,82.85,83.25,81.4,82.06,144952
20230228,000000,82,83.99,81.46,83.11,156403
20230301,000000,83.05,84.49,82.61,84.43,172260
20230302,000000,84.31,85.1,83.61,84.35,137622
20230303,000000,84.61,86,82.36,86,216882
20230306,000000,85.83,86.35,84.34,86.25,160272
20230307,000000,86.23,86.75,82.46,83.08,193396
20230308,000000,83.03,83.59,81.93,82.52,177444
20230309,000000,82.55,84,81,81.56,170879
20230310,000000,81.47,83.11,80.73,82.64,200370
20230313,000000,82.6,83.48,78.34,80.74,282295
20230314,000000,80.54,80.92,76.89,77.61,236153
20230315,000000,77.82,78.73,71.67,74.27,315692
20230316,000000,74.3,75.54,71.86,74.71,232347
20230317,000000,74.7,75.92,71.4,72.47,223392
20230320,000000,73.01,73.87,70.12,73.77,188182
20230321,000000,73.64,75.42,72.76,75.07,143712
20230322,000000,75.15,77.12,74.46,75.47,121414
20230323,000000,75.87,77.44,74.79,75.15,110687
20230324,000000,75.53,76.32,72.68,74.61,92793
20230327,000000,74.62,78,74.39,77.76,182692
20230328,000000,77.83,78.7,77.09,78.42,170379
20230329,000000,78.47,79,77.31,77.53,182981
20230330,000000,77.48,78.85,77.18,78.56,149919
20230331,000000,78.47,79.95,77.84,79.93,187909
20230403,000000,86,86.44,83.5,84.78,295896
20230404,000000,84.89,86.04,83.82,85.26,198452
20230405,000000,85.22,85.54,84.01,84.88,153786
20230406,000000,84.89,85.45,84.05,84.94,151885
20230410,000000,85.1,85.66,84.09,84.31,87747
20230411,000000,84.24,85.67,83.75,85.62,158833
20230412,000000,85.59,87.49,85.39,87.23,195967
20230413,000000,87.19,87.47,86.05,86.31,154593
20230414,000000,86.18,86.87,85.53,86.63,153507
20230417,000000,86.63,86.63,84.34,84.83,164015
20230418,000000,84.83,85.41,83.81,84.87,188890
20230419,000000,84.87,85.15,82.39,82.88,430240
20230420,000000,82.88,82.92,80.77,80.86,387409
20230421,000000,80.86,82.05,80.45,81.88,249309
20230424,000000,81.88,82.99,80.48,82.54,255794
20230425,000000,82.54,83.06,80.45,80.76,253832
20230426,000000,80.76,81.47,77.46,77.77,247336
20230427,000000,77.77,78.61,77.64,78.28,114829
20230428,000000,78.28,80.53,77.51,80.34,189811
20230501,000000,80.26,80.26,78.13,79.4,151747
20230502,000000,79.4,79.78,75.07,75.23,387399
20230503,000000,75.23,75.58,71.7,71.93,471288
20230504,000000,71.93,73.72,71.28,72.54,373266
20230505,000000,72.54,75.75,72.41,75.31,271896
20230508,000000,75.37,77.43,74.95,76.61,195968
20230509,000000,76.61,77.5,75.07,77.28,303882
20230510,000000,77.28,77.6,75.68,76.59,325089
20230511,000000,76.59,77.41,74.61,75.43,363622
20230512,000000,75.43,75.85,74.03,74.22,265898
20230515,000000,74.17,75.75,73.49,75.56,255454
20230516,000000,75.56,75.95,74.5,74.75,222529
20230517,000000,74.75,77.31,74.1,76.78,302080
20230518,000000,76.78,76.99,75.5,75.95,244281
20230519,000000,75.95,77.5,75.12,75.79,254723
20230522,000000,75.61,76.46,74.55,75.94,197873
20230523,000000,75.94,77.74,75.65,77.5,283489
20230524,000000,77.5,78.66,77.03,78.34,292777
20230525,000000,78.34,78.5,75.1,76.23,251350
20230526,000000,76.23,77.35,75.73,77.09,154920
20230529,000000,77.12,77.75,76.15,77.03,32980
20230530,000000,77.03,77.57,73.2,73.69,104473
20230531,000000,73.84,73.95,71.5,72.13,442869
20230601,000000,72.13,75.25,72.03,74.32,367511
20230602,000000,74.32,76.5,74.18,76.29,282637
20230605,000000,76.4,78.73,76.31,76.6,405809
20230606,000000,76.6,76.75,74.72,76.12,310246
20230607,000000,76.12,77.64,75.51,76.8,333977
20230608,000000,76.8,77.68,73.58,75.52,635025
20230609,000000,75.52,76.57,74.71,74.97,270329
20230612,000000,74.97,75.04,71.58,72.11,369941
20230613,000000,72.11,74.66,71.94,74.19,471662
20230614,000000,74.19,75.49,73.03,73.61,332144
20230615,000000,73.61,75.97,72.91,75.63,269780
20230616,000000,75.63,76.74,75.08,76.56,268782
20230619,000000,76.26,76.93,75.34,76.13,143146
20230620,000000,76.13,77.15,74.51,75.42,273988
20230621,000000,75.42,77.24,75.42,77.03,230596
20230622,000000,77.03,77.2,73.59,74.23,334961
20230623,000000,74.23,74.25,72.11,74.14,165826
20230626,000000,74.44,74.85,73.42,74.39,141333
20230627,000000,74.39,74.9,72.08,72.69,155655
20230628,000000,72.69,74.2,71.57,73.57,95255
20230629,000000,73.57,74.98,73.39,74.31,66162
20230630,000000,74.97,75.84,74.3,75.19,243911
20230703,000000,75.19,76.6,74.56,74.96,342896
20230704,000000,74.96,76.29,74.74,76.12,158913
20230705,000000,76.12,76.95,75.3,76.53,302856
20230706,000000,76.53,77.09,75.03,76.51,347152
20230707,000000,76.51,78.54,76.03,78.3,341827
20230710,000000,78.17,78.77,77.36,77.79,301508
20230711,000000,77.79,79.5,77.63,79.35,346050
20230712,000000,79.35,80.55,79.21,80.2,391341
20230713,000000,80.2,81.75,79.88,81.54,363887
20230714,000000,81.54,81.7,79.63,79.66,322508
20230717,000000,79.63,80.64,78.25,78.56,363648
20230718,000000,78.56,79.99,78.19,79.82,391271
20230719,000000,79.82,80.93,79.17,79.54,322063
20230720,000000,79.54,80.27,78.66,79.62,289603
20230721,000000,79.62,81.24,79.62,80.86,295300
20230724,000000,80.89,83.16,80.42,82.75,299197
20230725,000000,82.75,83.87,82.22,83.2,236304
20230726,000000,83.2,83.85,82.58,82.95,178754
20230727,000000,82.95,84.5,82.93,83.86,112007
20230728,000000,83.86,85.09,83.22,84.92,105115
20230731,000000,84.29,85.58,83.91,85.33,320495
20230801,000000,85.01,85.78,84.21,85.68,234157
20230802,000000,85.68,85.99,82.74,83.38,418619
20230803,000000,83.38,85.41,82.36,85.25,418158
20230804,000000,85.25,86.65,85.06,86,282740
20230807,000000,86.15,86.73,85.03,85.91,275127
20230808,000000,85.91,86.34,83.32,86.18,396142
20230809,000000,86.18,87.65,85.91,87.51,408013
20230810,000000,87.51,88.1,86.2,86.33,363990
20230811,000000,86.33,87.35,85.84,86.6,343492
20230814,000000,86.73,86.73,85.5,86.19,270025
20230815,000000,86.45,86.48,84.29,85.08,308651
20230816,000000,85.08,85.36,83.13,83.37,350887
20230817,000000,83.37,84.05,83.05,83.72,84044
20230818,000000,83.83,85.08,83.33,84.72,227620
20230821,000000,84.83,85.86,84.31,84.59,306272
20230822,000000,84.59,84.66,83.85,83.89,295906
20230823,000000,83.89,84.26,81.94,83.07,375452
20230824,000000,83.07,83.62,81.97,83.23,255059
20230825,000000,83.23,84.97,82.67,84.62,227204
20230828,000000,84.85,85.23,84.11,84.42,97151
20230829,000000,84.42,85.65,83.8,85.53,117834
20230830,000000,85.53,86.23,85.11,85.95,89128
20230831,000000,85.54,86.88,85.45,86.82,353965
20230901,000000,86.82,88.84,86.74,88.77,393130
20230904,000000,88.99,89.22,88.26,89,144061
20230905,000000,89,91.15,88.06,90.05,458245
20230906,000000,90.05,91.1,89.25,90.63,298643
20230907,000000,90.63,90.89,89.46,89.76,217684
20230908,000000,89.76,91.02,89.3,90.46,302229
20230911,000000,90.44,91.45,90.11,90.61,316123
20230912,000000,90.61,92.4,90.52,91.96,354762
20230913,000000,91.96,92.84,91.63,92.19,315830
20230914,000000,92.19,94.21,92.02,94.14,321379
20230915,000000,94.14,94.63,92.67,94.21,352012
20230918,000000,94.27,94.95,93.79,94.57,358322
20230919,000000,94.57,95.96,94.16,94.4,415269
20230920,000000,94.4,94.72,92.76,93.2,345462
20230921,000000,93.2,94.6,92.2,93.24,326321
20230922,000000,93.24,94.64,92.8,93.63,251967
20230925,000000,93.83,94.25,92.54,93.41,180979
20230926,000000,93.41,94.21,91.8,94.07,175788
20230927,000000,94.07,97.06,94.07,96.71,143492
20230928,000000,96.71,97.69,94.76,95.14,90942
20230929,000000,95.14,95.14,91.96,92.29,443015
20231002,000000,92.11,93.33,90.35,90.48,435223
20231003,000000,90.48,91.56,89.5,91.1,466930
20231004,000000,91.1,91.21,85.75,86.09,539022
20231005,000000,86.09,86.52,83.84,84.18,532832
20231006,000000,84.18,84.95,83.44,84.47,428515
20231009,000000,84.43,89,84.43,88.25,434269
20231010,000000,88.25,88.49,86.91,87.72,371988
20231011,000000,87.72,88.26,85.21,85.54,428562
20231012,000000,85.54,87.64,85.18,86.26,399623
20231013,000000,86.26,91,86.26,90.94,452106
20231016,000000,90.8,91.39,89.5,90.16,295335
20231017,000000,90.16,90.93,88.88,90.91,267818
20231018,000000,90.91,93,90.6,91.41,368341
20231019,000000,91.41,93.48,89.57,93.05,320820
20231020,000000,93.05,93.79,91.66,92.19,282331
20231023,000000,92.51,92.51,89.62,90.5,284977
20231024,000000,90.5,90.68,87.35,88.08,295094
20231025,000000,88.08,90.35,86.68,90.13,276132
20231026,000000,90.13,90.4,87.53,88.16,202359
20231027,000000,88.16,90.75,87.83,90.02,110246
20231030,000000,90.44,90.44,87.2,87.91,102731
20231031,000000,87.91,87.91,84.77,85.62,401645
20231101,000000,85.62,87.24,84.58,84.9,329846
20231102,000000,84.9,87.05,84.64,86.96,322930
20231103,000000,86.96,87.8,84.56,85.17,371234
20231106,000000,85.23,86.46,84.88,85.21,251051
20231107,000000,85.21,85.21,81.4,81.41,414755
20231108,000000,81.41,81.96,79.2,79.71,434217
20231109,000000,79.71,81.48,79.44,79.87,321728
20231110,000000,79.87,82.06,79.79,81.55,260454
20231113,000000,81.7,82.8,80.41,82.7,249674
20231114,000000,82.7,83.97,82.06,82.37,246144
20231115,000000,82.37,83.04,80.79,81.07,305688
20231116,000000,81.07,81.17,76.6,77.45,463603
20231117,000000,77.45,80.81,77.28,80.52,355587
20231120,000000,80.62,82.94,79.58,82.03,263188
20231121,000000,82.03,82.54,81.43,82.39,247936
20231122,000000,82.39,82.65,78.41,81.66,374798
20231123,000000,81.66,81.66,80.19,81.28,103836
20231124,000000,81.28,82.2,80.13,80.23,108292
20231127,000000,80.23,81.17,79.13,80.08,161129
20231128,000000,80.08,82.16,79.8,81.66,105898
20231129,000000,81.66,83.25,80.96,82.9,93733
20231130,000000,82.9,84.61,80.02,80.35,638295
20231201,000000,80.35,81.54,78.75,79.07,361953
20231204,000000,79.56,79.72,77.52,78.2,393871
20231205,000000,78.2,79.09,77,77,346893
20231206,000000,77,77.65,74.11,74.28,390461
20231207,000000,74.28,75.48,73.6,74.56,306587
20231208,000000,74.56,76.36,74.2,75.8,229107
20231211,000000,75.65,76.5,75.01,76.11,215223
20231212,000000,76.11,76.66,72.86,73.32,307491
20231213,000000,73.32,74.65,72.29,74.62,266942
20231214,000000,74.62,77.35,74.44,76.6,256227
20231215,000000,76.6,77.23,75.29,76.64,226569
20231218,000000,76.95,79.51,75.76,78.04,284099
20231219,000000,78.04,79.67,77.41,79.27,210619
20231220,000000,79.27,80.6,79.07,79.15,243038
20231221,000000,79.15,80.13,77.81,79.34,194752
20231222,000000,79.34,80.37,78.88,79.19,115197
20231225,000000,79.19,79.19,79.19,79.19,3
20231226,000000,79.19,81.72,78.76,81.01,64244
20231227,000000,81.01,81.33,79.34,79.34,71681
20231228,000000,79.34,79.87,77.1,77.48,289450
20231229,000000,77.48,77.98,76.73,77.08,200079
20240101,000000,77.08,77.08,77.08,77.08,3
20240102,000000,77.08,79.06,75.6,76.04,341057
20240103,000000,76.04,78.66,74.79,78.44,371976
20240104,000000,78.44,79.41,76.5,77.74,370958
20240105,000000,77.74,79.2,77.66,78.75,292305
20240108,000000,78.9,78.95,75.26,76.27,358302
20240109,000000,76.27,78.19,75.95,77.49,350355
20240110,000000,77.49,78.73,76.38,76.78,365162
20240111,000000,76.78,79.1,76.66,78.48,402643
20240112,000000,78.48,80.75,77.96,78.45,410949
20240115,000000,78.32,78.9,76.85,78.64,182734
20240116,000000,78.64,79.4,77.6,77.9,314733
20240117,000000,77.9,78.14,76.5,78.11,371606
20240118,000000,78.11,79.3,77.33,78.96,348298
20240119,000000,78.96,79.73,78.32,78.85,292742
20240122,000000,78.63,80.55,77.81,79.89,334044
20240123,000000,79.89,80.43,78.7,79.73,343350
20240124,000000,79.73,80.73,79.05,80.23,238517
20240125,000000,80.23,82.57,80.06,82.36,250442
20240126,000000,82.36,83.6,81.31,83.58,243209
20240129,000000,83.69,84.8,82.03,82.46,127847
20240130,000000,82.46,83.3,81.34,82.75,80677
20240131,000000,82.75,82.75,80.27,80.69,408135
20240201,000000,80.69,81.55,78.57,78.82,553594
20240202,000000,78.82,79.44,76.85,77.24,430352
20240205,000000,77.67,78.33,76.62,77.93,308707
20240206,000000,77.93,79.08,77.63,78.77,316899
20240207,000000,78.77,79.5,78.49,79.43,307590
20240208,000000,79.43,81.9,79.03,81.75,459002
20240209,000000,81.75,82.45,81.21,81.93,330936
20240212,000000,81.86,82.19,80.77,82.08,259540
20240213,000000,82.08,83.24,81.96,82.66,337701
20240214,000000,82.66,83.6,81.39,81.44,357818
20240215,000000,81.44,83.25,80.72,82.85,338979
20240216,000000,82.85,83.66,81.89,83.37,359072
20240219,000000,83.58,83.6,82.55,83.35,190763
20240220,000000,83.35,83.63,82.05,82.56,301033
20240221,000000,82.56,83.16,81.66,83.16,312259
20240222,000000,83.16,83.96,82.33,83.42,284819
20240223,000000,83.42,83.48,81.43,81.71,232534
20240226,000000,81.58,83.07,81,82.58,186766
20240227,000000,82.58,83.7,82.1,83.13,80080
20240228,000000,83.13,84.31,82.6,83.4,110937
20240229,000000,83.4,83.4,81.51,82.02,417420
20240301,000000,82.02,84.34,81.81,83.49,417849
20240304,000000,83.46,84.08,82.57,82.84,387280
20240305,000000,82.84,83.14,81.72,82.08,474680
20240306,000000,82.08,84.05,81.85,82.91,394807
20240307,000000,82.91,83.53,82.07,83.36,385941
20240308,000000,83.36,83.84,81.71,81.94,326534
20240311,000000,82,82.75,81.08,82.45,204142
20240312,000000,82.45,83.01,81.69,82.36,192439
20240313,000000,82.45,84.24,81.96,83.95,230278
20240314,000000,84.04,85.69,83.98,85.13,226410
20240315,000000,85.15,85.55,84.6,85.35,161239
20240318,000000,85.32,87.18,85.25,86.89,210059
20240319,000000,86.94,87.7,86.48,87.23,192052
20240320,000000,87.15,87.35,85.59,86.15,181409
20240321,000000,86.24,86.64,85.06,85.58,129344
20240322,000000,85.66,86.15,85.11,85.56,87475
20240325,000000,85.5,87.17,85.4,86.68,85308
20240326,000000,86.81,87.06,85.8,85.86,38532
20240327,000000,85.86,86.39,85.17,86.34,28767
20240328,000000,85.69,87.07,85.5,87.07,225911
20240329,000000,87.07,87.07,87.07,87.07,12
20240401,000000,86.98,87.98,86.4,87.81,167880
20240402,000000,87.62,89.32,87.62,89.27,243971
20240403,000000,89.22,89.99,88.67,89.56,209443
20240404,000000,89.48,91.3,88.72,91.09,220355
20240405,000000,91.21,91.91,90.57,90.86,221860
20240408,000000,90.09,91.1,88.78,90.62,259010
20240409,000000,90.63,90.94,89.25,89.59,187869
20240410,000000,89.55,90.71,88.83,90.65,219976
20240411,000000,90.52,90.92,89.38,90.2,226023
20240412,000000,90.13,92.18,90.01,90.15,260768
20240415,000000,90.95,91.05,88.73,90.41,274384
20240416,000000,90.43,90.84,89.41,90.09,190994
20240417,000000,90.11,90.17,87.13,87.42,283043
20240418,000000,87.42,87.8,86.09,86.9,244046
20240419,000000,87.04,90.75,86.19,87.39,330675
20240422,000000,87.07,87.26,85.79,87.15,190180
20240423,000000,87.2,88.51,86.03,88.45,181913
20240424,000000,88.45,88.86,87.65,88.08,127773
20240425,000000,87.89,89.31,87.31,89.3,111298
20240426,000000,89.23,89.83,88.78,89.33,35289
20240429,000000,89.22,89.29,88.11,88.52,30963
20240430,000000,87.1,87.8,85.45,85.92,263036
20240501,000000,85.8,85.89,83.29,83.58,284689
20240502,000000,83.59,84.44,83.05,83.7,238114
20240503,000000,83.9,84.39,82.78,82.78,191311
20240506,000000,82.99,83.83,82.77,83.63,156607
20240507,000000,83.72,83.88,82.41,82.98,208754
20240508,000000,83.02,83.82,81.71,83.77,234969
20240509,000000,83.79,84.33,83.45,84.1,161831
20240510,000000,84.21,84.53,82.7,82.78,174495
20240513,000000,82.78,83.84,82.26,83.45,177277
20240514,000000,83.41,83.62,82.1,82.79,201202
20240515,000000,82.76,83.07,81.05,82.9,245488
20240516,000000,83.03,83.78,82.31,83.44,182901
20240517,000000,83.43,84.04,83.08,84,161532
20240520,000000,83.98,84.49,83.11,83.71,177625
20240521,000000,83.75,83.76,82.04,82.53,214545
20240522,000000,82.58,82.63,81.57,81.74,175415
20240523,000000,81.59,82.97,80.93,81.51,179431
20240524,000000,81.4,82.46,80.65,82.09,104647
20240527,000000,82.2,83.2,82.08,83.04,34677
20240528,000000,83,84.62,83,84.6,88176
20240529,000000,84.61,85.02,83.29,83.53,39761
20240530,000000,83.51,83.77,81.8,81.93,22310
20240531,000000,81.83,82.69,80.75,81.37,231309
20240603,000000,81.15,81.65,78.09,78.15,294751
20240604,000000,78.14,78.22,76.76,77.13,286254
20240605,000000,77.29,78.66,77.18,78.66,191229
20240606,000000,78.7,80.08,78.38,80.02,202266
20240607,000000,80.05,80.38,79.32,79.47,160690
20240610,000000,79.38,82.17,79.34,81.96,201904
20240611,000000,81.97,82.36,81.19,82.23,182820
20240612,000000,82.08,83.34,81.96,82.52,195762
20240613,000000,82.42,83.05,81.8,82.19,187178
20240614,000000,82.05,83.39,81.92,82.67,176131
20240617,000000,82.61,84.55,82.1,84.41,189125
20240618,000000,84.31,85.49,83.67,85.35,208502
20240619,000000,85.4,85.84,84.9,85.27,116331
20240620,000000,85.19,85.96,84.95,85.71,131620
20240621,000000,85.66,86.24,84.84,85.02,109538
20240624,000000,84.99,86.16,84.71,86.12,80373
20240625,000000,86.06,86.23,84.74,84.93,80932
20240626,000000,84.89,85.81,84.47,85.25,47220
20240627,000000,85.01,86.5,84.88,86.33,35388
20240628,000000,85.37,86.18,84.52,84.84,220675
20240701,000000,84.9,86.88,84.85,86.64,213097
20240702,000000,86.71,87.46,86.16,86.6,227348
20240703,000000,86.44,87.39,85.89,87.07,184290
20240704,000000,87.09,87.59,86.51,87.55,109646
20240705,000000,87.45,87.95,86.49,86.86,151685
20240708,000000,86.86,86.92,85.56,85.69,166376
20240709,000000,85.67,85.85,84.53,84.94,198513
20240710,000000,84.92,85.66,84,85.41,202437
20240711,000000,85.45,85.89,84.64,85.6,169778
20240712,000000,85.69,86.35,84.95,85.27,179648
20240715,000000,85.03,85.37,84.42,84.78,142177
20240716,000000,84.78,84.88,83.3,83.66,207788
20240717,000000,83.66,85.24,83.43,85.24,180252
20240718,000000,85.23,85.81,84.22,84.78,190097
20240719,000000,84.72,85.35,82.56,82.56,221210
20240722,000000,82.63,83.22,81.6,82.26,195208
20240723,000000,82.25,82.79,80.51,81.51,202710
20240724,000000,81.46,82.3,80.93,81.6,160575
20240725,000000,81.58,82.53,80.09,82.38,181538
20240726,000000,82.4,82.71,80.33,80.55,109672
20240729,000000,81.13,81.74,79.36,79.65,49002
20240730,000000,79.64,79.99,78.43,78.58,24282
20240731,000000,78.56,81.59,78.46,81.48,296759
20240801,000000,81.44,81.8,79.43,79.94,221964
20240802,000000,79.98,80.46,76.42,77.56,320329
20240805,000000,76.81,77.74,75.05,77.45,324066
20240806,000000,77.45,77.85,75.58,76.11,238699
20240807,000000,76.16,78.87,75.95,78.55,240685
20240808,000000,78.55,79.37,77.63,78.94,174323
20240809,000000,79.03,79.83,78.77,79.46,136154
20240812,000000,79.56,82.4,79.46,82.04,197793
20240813,000000,81.88,82.3,80.55,80.97,210946
20240814,000000,81,81.44,79.6,80.03,194186
20240815,000000,79.96,81.43,79.61,80.97,159089
20240816,000000,80.86,81.02,78.62,79.58,213326
20240819,000000,79.6,79.81,77.48,77.73,219321
20240820,000000,77.66,78.35,76.55,77.16,200815
20240821,000000,77.13,78.21,75.65,76.07,190469
20240822,000000,75.96,77.7,75.77,77.11,152880
20240823,000000,77.25,79.27,77.03,79.02,105245
20240826,000000,79.35,81.58,79.24,81.3,124094
20240827,000000,81.26,81.59,79.47,79.85,113976
20240828,000000,79.87,80.01,77.95,78.46,41456
20240829,000000,78.52,80.78,78.12,79.96,28556
20240830,000000,78.66,79.52,76.7,77.05,269806
20240902,000000,76.95,77.63,76.21,77.28,109574
20240903,000000,77.16,77.55,73.51,73.72,343231
20240904,000000,73.67,74.8,72.35,72.78,332460
20240905,000000,72.76,74.2,72.37,72.86,236974
20240906,000000,72.81,73.53,70.61,71.47,250798
20240909,000000,71.66,72.21,70.65,71.91,185173
20240910,000000,71.92,72.28,68.68,69.71,239985
20240911,000000,69.68,71.09,69,70.72,220155
20240912,000000,70.6,72.87,70.59,72.23,186411
20240913,000000,72.3,73.24,71.46,72.18,142260
20240916,000000,72.09,73.39,71.52,73,140329
20240917,000000,72.91,74.28,72.17,73.78,144482
20240918,000000,73.69,74.1,72.31,72.8,164526
20240919,000000,73.13,75.18,72.91,74.9,172271
20240920,000000,74.77,75,74,74.72,109382
20240923,000000,74.71,75.17,73.1,74.33,141128
20240924,000000,74.13,75.87,73.95,75.13,129929
20240925,000000,75.18,75.35,73.06,73.67,136280
20240926,000000,73.4,73.8,70.72,71.42,85193
20240927,000000,71.42,72.45,70.91,72.45,22485
20240930,000000,71.88,72.79,71.03,72,264751
20241001,000000,71.85,75.45,69.91,74.47,563426
20241002,000000,74.47,76.14,73.59,74.66,338768
20241003,000000,74.59,77.99,74.31,77.88,375107
20241004,000000,77.79,79.3,77.39,78.14,328297
20241007,000000,78.07,81.16,77.23,81.14,302013
20241008,000000,80.96,81.14,76.36,77.44,405709
20241009,000000,77.49,78.02,75.15,76.76,304235
20241010,000000,76.76,79.72,76.72,79.3,251004
20241011,000000,79.14,79.5,78.04,78.79,208814
20241014,000000,78.55,78.55,74.86,75.19,211460
20241015,000000,75.22,75.57,73.34,74.65,296545
20241016,000000,74.71,74.93,73.42,74.45,165233
20241017,000000,74.47,74.92,73.26,74.46,161555
20241018,000000,74.59,74.95,72.5,73.17,196017
20241021,000000,73.11,74.57,72.8,74.07,148848
20241022,000000,74.23,76.32,73.57,75.64,205364
20241023,000000,75.73,76.05,74.42,75.16,151785
20241024,000000,75.35,76.54,74,74.54,154800
20241025,000000,74.66,76.14,74.17,75.9,109490
20241028,000000,72.77,73.28,71.18,72.07,169355
20241029,000000,72,72.6,70.72,71.42,47991
20241030,000000,71.39,73.12,71.08,73.03,28818
20241031,000000,72.52,74.28,71.82,74.06,232045
20241101,000000,74.11,74.94,72.89,72.94,214835
20241104,000000,74,75.4,73.88,75.2,193529
20241105,000000,75,76.24,74.9,75.54,184229
20241106,000000,75.3,75.98,73.34,75.16,292927
20241107,000000,74.99,76.08,74.02,75.57,221837
20241108,000000,75.55,75.61,73.44,73.9,181989
20241111,000000,73.85,74.13,71.57,71.9,219874
20241112,000000,71.97,72.82,71.55,71.79,182267
20241113,000000,71.78,72.63,70.72,72.03,231055
20241114,000000,72.12,73.22,71.79,72.41,162736
20241115,000000,72.28,72.49,70.83,71.05,194943
20241118,000000,70.8,73.47,70.7,73.14,209621
20241119,000000,73.15,73.87,72.61,73.3,199522
20241120,000000,73.38,73.94,72.7,73.1,136366
20241121,000000,73.1,74.4,72.91,74.37,140788
20241122,000000,74.29,75.41,73.43,75.28,156158
20241125,000000,75.38,75.38,72.84,73.1,147789
20241126,000000,72.85,74.36,72.09,72.92,94240
20241127,000000,72.88,73.37,72.27,72.96,29328
20241128,000000,72.87,73.49,72.38,73.17,11007
20241129,000000,72.46,73.34,71.75,72.09,191771
20241202,000000,72,72.89,71.52,71.93,175090
20241203,000000,71.93,73.93,71.68,73.69,209588
20241204,000000,73.62,74.28,72.25,72.5,206571
20241205,000000,72.52,72.92,71.8,72.17,194819
20241206,000000,72.12,72.19,70.85,71.05,178011
20241209,000000,70.92,72.65,70.92,71.9,149411
20241210,000000,71.94,72.72,71.53,72.06,154762
20241211,000000,72.15,73.75,72.15,73.64,185971
20241212,000000,73.6,74,72.42,73.41,191861
20241213,000000,73.33,74.59,73.3,74.35,155730
20241216,000000,74.6,74.6,73.7,73.91,136137
20241217,000000,73.91,74.18,72.48,73.32,154150
20241218,000000,73.26,74.2,72.8,72.99,147200
20241219,000000,72.91,73.86,72.53,72.67,149022
20241220,000000,72.57,73.29,72,72.98,125130
20241223,000000,72.86,73.38,71.98,72.96,96393
20241224,000000,72.96,73.81,72.79,73.65,38248
20241226,000000,73.77,74.17,72.99,73.29,17736
20241227,000000,73.16,74.29,73.05,74,19742
20241230,000000,73.59,74.5,73.35,74.13,178920
20241231,000000,74.25,74.89,73.84,74.83,118980
<DATE>;<TIME>;<OPEN>;<HIGH>;<LOW>;<CLOSE>;<VOL>
20250102;000000;74.93;76.55;74.72;75.95;216897
20250103;000000;75.98;76.73;75.53;76.69;166545
20250106;000000;76.58;77.5;75.94;76.26;217449
20250107;000000;76.18;77.3;75.91;77.25;202382
20250108;000000;77.3;77.89;76.04;76.22;233646
20250109;000000;76.18;77.27;75.68;77.2;148224
20250110;000000;77.26;80.75;77.03;79.79;417550
20250113;000000;79.76;81.68;79.76;80.9;311830
20250114;000000;80.92;81.15;79.87;80.32;241218
20250115;000000;80.29;82.63;79.62;82.49;271978
20250116;000000;82.42;82.57;80.39;81.36;273656
20250117;000000;81.44;81.93;80.5;80.73;173231
20250120;000000;80.98;81.23;79.42;79.79;152621
20250121;000000;79.78;80.46;78.45;79.35;198194
20250122;000000;79.39;79.9;78.81;78.97;158994
20250123;000000;78.85;79.6;77.8;77.86;175362
20250124;000000;77.86;78.99;77.6;78.43;104336
20250127;000000;78.34;79;76.3;77.11;114347
20250128;000000;77.01;78.18;76.85;77.63;85280
20250129;000000;77.62;77.7;76.31;76.94;33579
20250130;000000;76.77;77.63;76;77.05;27060
20250131;000000;76.12;76.5;75.16;76.5;243334
20250203;000000;76.79;77.34;75.04;75.5;296702
20250204;000000;75.4;76.66;74.15;76.05;334630
20250205;000000;76.21;76.34;74.56;74.69;205965
20250206;000000;74.71;75.4;74.1;74.27;215893
20250207;000000;74.31;75.12;74.26;74.69;155917
20250210;000000;74.59;76.23;74.51;76.13;147772
20250211;000000;75.94;77.29;75.9;76.82;191117
20250212;000000;76.82;76.91;74.92;74.94;206696
20250213;000000;74.97;75.37;74.06;75.32;185923
20250214;000000;75;75.85;74.53;74.64;160310
20250217;000000;74.67;75.38;74.19;75.32;113745
20250218;000000;75.27;76.07;74.9;75.77;172997
20250219;000000;75.85;76.84;75.8;76.13;141282
20250220;000000;76.04;77.15;75.72;76.62;122183
20250221;000000;76.66;76.75;74.21;74.25;138315
20250224;000000;74.2;74.94;74.11;74.92;70443
20250225;000000;74.74;75.26;72.7;73.09;89981
20250226;000000;73.16;73.34;72.39;72.81;41884
20250227;000000;72.7;74.26;72.49;73.88;22266
20250228;000000;73.33;73.37;72.32;73.08;183341
20250303;000000;73.04;73.67;71.17;71.49;253082
20250304;000000;71.3;71.36;69.75;71.13;301683
20250305;000000;71.02;71.18;68.33;69.36;295932
20250306;000000;69.43;69.9;68.74;69.42;243874
20250307;000000;69.43;71.4;69.3;70.45;263724
20250310;000000;70.49;70.88;69.05;69.14;172214
20250311;000000;69.05;70.44;68.63;69.92;175629
20250312;000000;69.95;71.1;69.48;70.91;163685
20250313;000000;70.95;71.25;69.66;70.15;185160
20250314;000000;70.16;70.75;69.93;70.65;126364
20250317;000000;70.7;71.8;70.68;70.93;154984
20250318;000000;70.91;72.19;70.27;70.42;194274
20250319;000000;70.47;71.25;69.9;70.86;141780
20250320;000000;70.95;72.3;70.53;72.26;150159
20250321;000000;72.39;72.51;71.51;72.11;98684
20250324;000000;72.21;73.17;71.8;73.03;114685
20250325;000000;73.08;73.57;72.5;73.17;113437
20250326;000000;73.27;74.17;73.09;74;78896
20250327;000000;73.9;74.07;73.23;74.05;27553
20250328;000000;74.03;74.2;73.22;73.38;26841
20250331;000000;72.94;75.04;72.28;74.71;246657
20250401;000000;74.67;75.29;74.33;74.51;210294
20250402;000000;74.52;75.47;73.1;73.37;232652
20250403;000000;72.7;73.4;69.48;69.81;440988
20250404;000000;70;70.11;64.03;66.06;616784
20250407;000000;64.9;67.43;62.51;64.36;552245
20250408;000000;64.59;65.21;61.34;61.62;393639
20250409;000000;61.13;66.02;58.4;65.72;610099
20250410;000000;65.9;66.08;62;63.4;326442
20250411;000000;63.16;65.08;62.77;64.59;232287
20250414;000000;65;65.9;64.02;64.82;161303
20250415;000000;64.96;65.4;64.21;64.85;131465
20250416;000000;64.82;66.36;63.79;66.06;179364
20250417;000000;66.25;68.14;65.95;67.85;170101
20250421;000000;67.51;67.72;65.67;66.47;109832
20250422;000000;66.77;68.04;66.54;67.82;149743
20250423;000000;68;68.65;65.29;66.14;219271
20250424;000000;66.11;67.02;65.8;66.5;95494
20250425;000000;66.57;67.18;65.55;66.91;77905
20250428;000000;67.25;67.57;65.25;65.65;41498
20250429;000000;65.79;65.83;63.9;64.05;29261
20250430;000000;63.16;63.34;60.76;61.04;330160
20250501;000000;61.23;62.4;59.3;61.87;268561
20250502;000000;61.82;62.72;60.69;61.45;216817
20250505;000000;59.5;60.82;58.5;60.25;182717
20250506;000000;60.28;62.8;60.18;62.04;218485
20250507;000000;62.5;63.25;60.83;60.95;190284
20250508;000000;61.06;63.38;61;63.12;193737
20250509;000000;63.07;64.27;62.84;63.88;170077
20250512;000000;64.05;66.4;63.88;64.99;250340
20250513;000000;64.93;66.81;64.63;66.6;179217
20250514;000000;66.56;66.59;65.68;65.85;156773
20250515;000000;65.42;65.42;63.44;64.62;238809
20250516;000000;64.7;65.54;64.18;65.33;135614
20250519;000000;65.42;66.01;64.43;65.48;167200
20250520;000000;65.61;66;64.85;65.6;139127
20250521;000000;66.25;66.63;64.58;64.58;174841
20250522;000000;64.66;65.03;63.54;64.03;156907
20250523;000000;64.02;65.25;63.32;65.03;117783
20250526;000000;65.02;65.4;64.51;64.81;26527
20250527;000000;64.75;65.14;63.5;64.29;84628
20250528;000000;64.41;65.63;64.02;64.98;40683
20250529;000000;65.03;66.13;63.79;64.13;33117
20250530;000000;63.27;64.09;62.09;62.61;255863
20250602;000000;63.2;65.76;63;65.12;261689
20250603;000000;65.16;65.95;64.51;65.61;176376
20250604;000000;65.52;65.95;64.27;64.91;210617
20250605;000000;64.77;65.85;64.6;65.29;144901
20250606;000000;65.26;66.67;64.8;66.65;178945
20250609;000000;66.59;67.19;66.07;67.13;151567
20250610;000000;67.12;68;66.48;66.6;187112
20250611;000000;66.6;70.83;66.47;70.78;287988
20250612;000000;70.23;70.4;68.36;70.34;270295
20250613;000000;70.5;78.5;70.41;75.18;700899
20250616;000000;78.31;78.32;70.56;72.5;418451
20250617;000000;74.16;77.33;72.66;77.19;371346
20250618;000000;76.88;77.44;74.41;76.08;369027
20250619;000000;76.5;79.04;75.67;78.74;198487
20250620;000000;77.5;77.67;75.51;77.32;229670
20250623;000000;80.29;81.4;69.54;70.65;376173
20250624;000000;68.37;70.2;66.82;67.82;266627
20250625;000000;67.88;68.78;67.32;67.61;90198
20250626;000000;67.77;69.05;67.38;67.82;32973
20250627;000000;67.91;68.42;67.2;67.31;15676
20250630;000000;66.48;67.2;65.92;66.63;135826
20250701;000000;66.58;67.5;66.34;67.28;123355
20250702;000000;67.11;69.21;66.94;69.15;173954
20250703;000000;68.86;69.14;68.32;68.85;132135
20250704;000000;68.85;68.89;67.75;68.51;78873
20250707;000000;67.64;69.94;67.22;69.6;158983
20250708;000000;69.5;70.68;69.03;70.03;136371
20250709;000000;69.92;70.71;69.61;70.18;126405
20250710;000000;70.06;70.48;68.54;68.88;150100
20250711;000000;68.84;70.71;68.55;70.63;145640
20250714;000000;70.5;71.53;69.02;69.14;166885
20250715;000000;69.15;69.41;68.6;68.86;130078
20250716;000000;68.98;69.09;67.71;68.71;149440
20250717;000000;68.79;69.67;68.27;69.65;125384
20250718;000000;69.55;70.77;69.14;69.23;172713
20250721;000000;69.21;69.63;68.43;69.09;111085
20250722;000000;69.08;69.12;68.12;68.67;116000
20250723;000000;68.92;69.1;68;68.67;99341
20250724;000000;68.74;69.54;68.49;69.36;123411
20250725;000000;69.36;69.86;68.31;68.39;67489
20250728;000000;68.54;70.45;68.35;70.4;83724
20250729;000000;70.28;73.08;69.86;72.76;45324
20250730;000000;72.57;73.63;71.75;73.47;22208
20250731;000000;72.78;72.82;71;71.78;167732
20250801;000000;71.83;72;69.4;69.52;201931
20250804;000000;69.11;69.98;68;68.68;182620
20250805;000000;68.75;68.87;67.52;67.68;176729
20250806;000000;67.75;69.18;66.22;66.96;254201
20250807;000000;66.88;67.68;66.27;66.41;176955
20250808;000000;66.42;67.22;65.53;66.32;205224
20250811;000000;66.25;67.13;65.81;66.71;117967
20250812;000000;66.8;67.06;65.98;66.11;114540
20250813;000000;66.14;66.33;65.01;65.74;162411
20250814;000000;65.76;66.99;65.55;66.89;135238
20250815;000000;66.87;67.06;65.73;66.13;120070
20250818;000000;65.85;66.82;65.3;66.46;144072
20250819;000000;66.57;66.58;65.61;65.95;124197
20250820;000000;66.05;67.1;65.81;67.04;141935
20250821;000000;66.98;67.8;66.74;67.67;118794
20250822;000000;67.59;68;67.42;67.79;81136
20250825;000000;67.89;69.07;67.57;68.74;66233
20250826;000000;68.73;68.73;67.11;67.25;69731
20250827;000000;67.39;68.12;66.91;67.8;34521
20250828;000000;67.71;68.71;67.39;68.27;21277
20250829;000000;67.59;67.94;67.29;67.46;125180
20250901;000000;67.42;68.36;67.12;68.16;88045
20250902;000000;68.19;69.53;68.05;69.07;202233
20250903;000000;69.1;69.24;67.36;67.39;218298
20250904;000000;67.41;67.41;66.35;66.88;174801
20250905;000000;66.82;67.05;65.07;65.67;206721
20250908;000000;65.55;67.04;65.51;66.24;159013
20250909;000000;66.23;67.38;66.12;66.53;167443
20250910;000000;66.69;67.78;66.66;67.6;167947
20250911;000000;67.58;67.62;66.15;66.31;138981
20250912;000000;66.24;68.17;65.71;66.88;222582
20250915;000000;67.33;67.85;66.78;67.47;111290
20250916;000000;67.47;68.69;67.01;68.49;164921
20250917;000000;68.53;68.59;67.62;67.91;121489
20250918;000000;68;68.42;67.19;67.52;138362
20250919;000000;67.46;67.57;66.44;66.66;121841
20250922;000000;66.62;67.31;65.94;66.56;114934
20250923;000000;66.59;68.09;66.1;67.79;128260
20250924;000000;67.88;69.37;67.51;69.07;108083
20250925;000000;69.04;69.68;68.42;69.64;78047
20250926;000000;69.54;70.76;69.11;69.75;44136
20250929;000000;69.5;69.91;67.52;67.65;31362
20250930;000000;66.74;66.84;65.64;66.15;283714
20251001;000000;66.18;66.57;65.05;65.42;232659
20251002;000000;65.45;66.15;64;64.32;258278
20251003;000000;64.38;65.02;64.2;64.36;177250
20251006;000000;64.9;65.77;64.76;65.52;165623
20251007;000000;65.48;65.84;64.53;65.73;159577
20251008;000000;65.8;66.54;65.76;66.08;161950
20251009;000000;65.82;66.58;64.96;65.23;180162
20251010;000000;65.27;65.36;62;62.09;312226
20251013;000000;62.9;63.95;62.9;63.39;194671
20251014;000000;63.49;63.63;61.5;62.28;243588
20251015;000000;62.33;63.04;61.79;62.47;161656
20251016;000000;62.4;62.75;60.84;61.02;213004
20251017;000000;61;61.47;60.14;61.34;196411
20251020;000000;61.25;61.55;60.07;60.94;130531
20251021;000000;60.9;62.1;60.35;61.66;189801
20251022;000000;61.61;64.5;61.38;64.35;230467
20251023;000000;64.35;66.36;63.86;65.96;363413
20251024;000000;65.83;66.78;65.41;65.69;137656
20251027;000000;66.16;66.64;65.06;65.75;94595
20251028;000000;65.54;65.76;64;64.46;98619
20251029;000000;64.52;65.37;63.92;64.9;36177
20251030;000000;64.69;65.15;64.06;64.72;23196
20251031;000000;64.05;65.15;63.81;64.58;224339
20251103;000000;65.12;65.32;64.33;64.84;166565
20251104;000000;64.73;64.8;63.82;64.35;159658
20251105;000000;64.18;64.95;63.44;63.55;182716
20251106;000000;63.58;64.34;62.84;63.57;212382
20251107;000000;63.63;64.39;63.23;63.7;181399
20251110;000000;63.8;64.34;63.32;63.94;143228
20251111;000000;63.94;65.31;63.6;65.09;166613
20251112;000000;65.15;65.15;62.56;62.68;235627
20251113;000000;62.56;63.45;62.34;63.11;159698
20251114;000000;63.36;64.87;63.36;64.29;243464
20251117;000000;64.03;64.72;63.67;64.03;131578
20251118;000000;64.01;65.1;63.62;64.82;192420
20251119;000000;64.73;64.85;62.86;63.66;200828
20251120;000000;63.74;64.4;62.94;63.19;167132
20251121;000000;62.99;63.1;61.87;62.51;170977
20251124;000000;62.7;63.56;61.94;63.37;88155
20251125;000000;63.36;63.36;61.6;62.64;106328
20251126;000000;62.64;63.2;62.11;63.07;31574
20251127;000000;63.01;63.45;62.75;63.39;8366
20251128;000000;62.88;63.39;62.12;62.32;125677
20251201;000000;62.69;63.82;62.69;63.33;167715
20251202;000000;63.33;63.35;62.17;62.39;177184
20251203;000000;62.56;63.37;62.18;62.75;156325
20251204;000000;62.72;63.62;62.53;63.37;145883
20251205;000000;63.26;64.09;63.06;63.86;152231
20251208;000000;63.75;63.96;62.34;62.53;169326
20251209;000000;62.54;62.78;61.83;62.12;136318
20251210;000000;62.11;62.73;61.35;62.52;168944
20251211;000000;62.42;62.63;60.77;61.55;192865
20251212;000000;61.6;61.86;60.81;61.22;137365
20251215;000000;61.09;61.5;60.13;60.36;178496
20251216;000000;60.39;60.4;58.72;58.84;207631
20251217;000000;59.3;60.74;59.25;60.66;199674
20251218;000000;60.61;60.67;59.54;59.71;123890
20251219;000000;59.72;60.65;59.4;60.55;102567
20251222;000000;60.6;62.17;60.53;62.05;105387
20251223;000000;61.95;62.57;61.72;62.45;71567
20251224;000000;62.5;62.73;62.02;62.28;28609
20251226;000000;62.3;62.67;60.56;60.8;20041
20251229;000000;60.91;62.19;60.87;61.75;18823
20251230;000000;61.17;61.88;60.95;61.28;126575
20251231;000000;61.33;61.92;60.63;60.91;100164
20260102;000000;60.86;61.38;60.01;60.8;144405
20260105;000000;60.99;61.89;59.75;61.77;219309
20260106;000000;61.7;62.33;60.4;60.51;221239
20260107;000000;60.1;60.93;59.81;60.39;256049
20260108;000000;60.29;63.02;59.96;62.7;243177
20260109;000000;62.6;63.92;61.83;63.02;277506
20260112;000000;63.34;64.34;62.76;64.3;216429
20260113;000000;64.11;65.92;63.84;65.46;343452
20260114;000000;65.44;66.82;63.45;65.39;411296
20260115;000000;65.35;65.36;63.27;63.87;273586
20260116;000000;63.74;64.77;63.44;64.2;181632
20260119;000000;63.63;64.39;63.26;64.18;123325
20260120;000000;64.15;65.15;63.38;64;194447
20260121;000000;64.12;65.45;63.61;65.32;198825
20260122;000000;65.15;65.38;63.56;64.4;185180
20260123;000000;64.38;66.3;64.29;66.29;151407
20260126;000000;66.03;66.54;65.29;65.69;119266
20260127;000000;65.75;67.78;65;67.7;129291
20260128;000000;67.6;68.77;67.12;68.74;65847
20260129;000000;68.69;71.89;68.61;70.86;38173
20260130;000000;69.51;70.21;67.79;69.83;369750
20260202;000000;68.6;68.83;65.45;66.31;348215
20260203;000000;66.06;68.27;65.19;67.82;284845
20260204;000000;67.89;69.76;66.98;68.95;321133
20260205;000000;68.52;68.95;66.89;67.32;216938
20260206;000000;67.2;68.83;66.56;68.1;298952
20260209;000000;67.25;69.45;67.02;69.14;171207
20260210;000000;69.04;69.49;68.44;69.08;154474
20260211;000000;69.1;70.72;69;69.63;191143
20260212;000000;69.68;69.85;67.09;67.55;198289
20260213;000000;67.58;68.05;66.89;67.73;158536
20260216;000000;68.13;68.76;67.32;68.58;83677
20260217;000000;68.54;69.04;66.82;67.36;210882
20260218;000000;67.39;70.7;67.36;70.32;229836
20260219;000000;70.33;72.12;70.19;71.94;242553
20260220;000000;71.72;72.34;71.06;71.68;129802
20260223;000000;71.1;72.5;70.69;71.5;104213
20260224;000000;71.49;72.24;70.71;71.21;108145
20260225;000000;71.25;71.76;70.44;70.97;48182
20260226;000000;71.1;72.61;69.16;70.91;41992
20260227;000000;70.78;73.54;70.42;73.21;373826
20260302;000000;81.57;82.37;75.75;78.07;669801
20260303;000000;79;85.12;78.38;81.96;702580
20260304;000000;82;84.48;80.3;82.58;473634
20260305;000000;82.24;86.28;81.5;84.31;574491
20260306;000000;83.54;94.64;83.16;93.32;616518
20260309;000000;99.75;119.5;83.66;89.79;818955
20260310;000000;92.49;95.04;81.16;91.4;597717
20260311;000000;90.4;93.8;86.24;93.63;438890
20260312;000000;96.84;101.85;95.2;101.75;432644
20260313;000000;101.68;103.95;97.6;103.89;306847
20260316;000000;106.5;106.5;99.54;101.02;330712
20260317;000000;101.44;104.98;100.86;103.5;242321
20260318;000000;103.66;111.9;100.34;109.65;356163
20260319;000000;109.78;119.13;103.76;107.59;429516
20260320;000000;107.17;113.11;105.05;109.55;248208
20260323;000000;113.76;114.43;96;100.06;404645
20260324;000000;100.88;105;98.15;99.91;182017
20260325;000000;100.32;103.37;97.15;103.2;137248
20260326;000000;102.93;109.05;102.75;105.95;94378
20260327;000000;106.6;114.88;105.09;114.57;46159
20260330;000000;114.5;116.89;111.41;114.39;35717
20260331;000000;109.25;109.99;102.65;103.53;398474
20260401;000000;103.63;105.94;98.35;100.24;368161
20260402;000000;100.7;109.74;99.08;109.24;351766
20260406;000000;110;111.89;106.85;109.7;197049
20260407;000000;110.25;111.8;102.71;103.42;430922
20260408;000000;95;97.22;90.4;96.7;503320
20260409;000000;97.1;99.5;94.22;96.41;329062
20260410;000000;96.6;98.26;94.2;94.26;231391
20260413;000000;100.94;103.87;97.59;98;286491
20260414;000000;97.5;99.45;94.42;95.34;222979
20260415;000000;94.33;96.9;93.93;94.87;202349
20260416;000000;94.62;99.8;94.43;98.21;197695
20260417;000000;98.45;98.98;86.09;92.42;405911
20260420;000000;96.12;97.5;92.75;93.8;243545
20260421;000000;94.48;101.15;93.86;99.06;288511
20260422;000000;99.35;102.31;96.54;101.55;215818
20260423;000000;101.73;107.4;101.25;106.01;243005
20260424;000000;106.02;107.48;103.41;105.88;176508
20260427;000000;106.44;109.79;105.82;108.3;133268
20260428;000000;107.82;112.7;107.81;111.22;67424
20260429;000000;110.7;122.53;110.26;121.68;64555
20260430;000000;111.59;114.7;107.07;110.86;344716
20260501;000000;111.34;112.45;106.23;109.2;214624
20260504;000000;106.6;115.3;105.55;114.06;306228
20260505;000000;114.03;114.44;109.6;110.31;221201
20260506;000000;107.92;109.02;96.75;101.96;420637
20260507;000000;101.92;103.88;96.03;103.37;339511
20260508;000000;102.52;102.92;99.55;100.25;188868
20260511;000000;104;105.99;102.81;104.58;200265
20260512;000000;104.23;108.45;104.23;107.69;165311
20260513;000000;107.56;108.28;105.31;105.72;150156
20260514;000000;105.78;107.13;103.88;106.59;155429
20260515;000000;106.58;109.75;106.26;109.26;180761
20260518;000000;109.75;112.72;106.87;112.1;279466
20260519;000000;109.1;111.79;109.01;111.28;154377
20260520;000000;110.99;111.49;103.24;105.02;280771
20260521;000000;105.25;109.3;103.68;106.87;203993
20260522;030000;104.62;106.36;101.34;103.54;159322
20260525;030000;100.73;100.73;95.95;96.14;87861