Gold;D;20160101;000000;1061.25;0
Gold;D;20160102;000000;1061;0
Gold;D;20160103;000000;1061;0
Gold;D;20160104;000000;1075.14;0
Gold;D;20160105;000000;1078.29;0
Gold;D;20160106;000000;1093.78;0
Gold;D;20160107;000000;1109.21;0
Gold;D;20160108;000000;1104;0
Gold;D;20160109;000000;1103.72;0
Gold;D;20160110;000000;1103.92;0
Gold;D;20160111;000000;1095.03;0
Gold;D;20160112;000000;1089.38;0
Gold;D;20160113;000000;1094.53;0
Gold;D;20160114;000000;1076.85;0
Gold;D;20160115;000000;1088.03;0
Gold;D;20160116;000000;1088.57;0
Gold;D;20160117;000000;1088.32;0
Gold;D;20160118;000000;1088.94;0
Gold;D;20160119;000000;1087.19;0
Gold;D;20160120;000000;1101.53;0
Gold;D;20160121;000000;1102.51;0
Gold;D;20160122;000000;1097.59;0
Gold;D;20160123;000000;1097.6;0
Gold;D;20160124;000000;1097.1;0
Gold;D;20160125;000000;1108.7;0
Gold;D;20160126;000000;1121.52;0
Gold;D;20160127;000000;1125.88;0
Gold;D;20160128;000000;1113.83;0
Gold;D;20160129;000000;1117.7;0
Gold;D;20160130;000000;1117.69;0
Gold;D;20160131;000000;1117.68;0
Gold;D;20160201;000000;1129.51;0
Gold;D;20160202;000000;1129.59;0
Gold;D;20160203;000000;1142.31;0
Gold;D;20160204;000000;1155.74;0
Gold;D;20160205;000000;1174.19;0
Gold;D;20160206;000000;1173.05;0
Gold;D;20160207;000000;1173.05;0
Gold;D;20160208;000000;1190.21;0
Gold;D;20160209;000000;1187.82;0
Gold;D;20160210;000000;1196.5;0
Gold;D;20160211;000000;1244.68;0
Gold;D;20160212;000000;1237.87;0
Gold;D;20160213;000000;1237.36;0
Gold;D;20160214;000000;1237.51;0
Gold;D;20160215;000000;1209.41;0
Gold;D;20160216;000000;1199.78;0
Gold;D;20160217;000000;1207.54;0
Gold;D;20160218;000000;1237.01;0
Gold;D;20160219;000000;1229.03;0
Gold;D;20160220;000000;1225.83;0
Gold;D;20160221;000000;1225.99;0
Gold;D;20160222;000000;1207.31;0
Gold;D;20160223;000000;1225.56;0
Gold;D;20160224;000000;1229.2;0
Gold;D;20160225;000000;1232.51;0
Gold;D;20160226;000000;1224.29;0
Gold;D;20160227;000000;1222.15;0
Gold;D;20160228;000000;1222.37;0
Gold;D;20160229;000000;1240.27;0
Gold;D;20160301;000000;1231.62;0
Gold;D;20160302;000000;1240.86;0
Gold;D;20160303;000000;1262.43;0
Gold;D;20160304;000000;1260.9;0
Gold;D;20160305;000000;1258.59;0
Gold;D;20160306;000000;1259.11;0
Gold;D;20160307;000000;1266.77;0
Gold;D;20160308;000000;1261.33;0
Gold;D;20160309;000000;1250.78;0
Gold;D;20160310;000000;1270.6;0
Gold;D;20160311;000000;1249.26;0
Gold;D;20160312;000000;1250.13;0
Gold;D;20160313;000000;1248;0
Gold;D;20160314;000000;1234.9;0
Gold;D;20160315;000000;1232.38;0
Gold;D;20160316;000000;1262.31;0
Gold;D;20160317;000000;1257.76;0
Gold;D;20160318;000000;1254.88;0
Gold;D;20160319;000000;1254.82;0
Gold;D;20160320;000000;1254.82;0
Gold;D;20160321;000000;1243.59;0
Gold;D;20160322;000000;1248.06;0
Gold;D;20160323;000000;1219.89;0
Gold;D;20160324;000000;1216.81;0
Gold;D;20160325;000000;1216.72;0
Gold;D;20160326;000000;1216.72;0
Gold;D;20160327;000000;1216.58;0
Gold;D;20160328;000000;1221.22;0
Gold;D;20160329;000000;1241.8;0
Gold;D;20160330;000000;1224.77;0
Gold;D;20160331;000000;1232.38;0
Gold;D;20160401;000000;1221.84;0
Gold;D;20160402;000000;1221.74;0
Gold;D;20160403;000000;1221.74;0
Gold;D;20160404;000000;1215.39;0
Gold;D;20160405;000000;1231.04;0
Gold;D;20160406;000000;1222.06;0
Gold;D;20160407;000000;1240.21;0
Gold;D;20160408;000000;1239.35;0
Gold;D;20160409;000000;1239.12;0
Gold;D;20160410;000000;1239.12;0
Gold;D;20160411;000000;1257.74;0
Gold;D;20160412;000000;1255.26;0
Gold;D;20160413;000000;1242.29;0
Gold;D;20160414;000000;1227.63;0
Gold;D;20160415;000000;1233.89;0
Gold;D;20160416;000000;1233.74;0
Gold;D;20160417;000000;1233.74;0
Gold;D;20160418;000000;1232.07;0
Gold;D;20160419;000000;1249.98;0
Gold;D;20160420;000000;1244.06;0
Gold;D;20160421;000000;1247.7;0
Gold;D;20160422;000000;1232.26;0
Gold;D;20160423;000000;1232.01;0
Gold;D;20160424;000000;1231.82;0
Gold;D;20160425;000000;1237.54;0
Gold;D;20160426;000000;1243.21;0
Gold;D;20160427;000000;1245.22;0
Gold;D;20160428;000000;1265.65;0
Gold;D;20160429;000000;1292.84;0
Gold;D;20160430;000000;1292.52;0
Gold;D;20160501;000000;1292.78;0
Gold;D;20160502;000000;1291.43;0
Gold;D;20160503;000000;1286.27;0
Gold;D;20160504;000000;1279.4;0
Gold;D;20160505;000000;1277.5;0
Gold;D;20160506;000000;1287.49;0
Gold;D;20160507;000000;1288.03;0
Gold;D;20160508;000000;1288.07;0
Gold;D;20160509;000000;1263.6;0
Gold;D;20160510;000000;1265.4;0
Gold;D;20160511;000000;1276.94;0
Gold;D;20160512;000000;1263.3;0
Gold;D;20160513;000000;1272.7;0
Gold;D;20160514;000000;1272.45;0
Gold;D;20160515;000000;1272.84;0
Gold;D;20160516;000000;1274.01;0
Gold;D;20160517;000000;1278.72;0
Gold;D;20160518;000000;1258.3;0
Gold;D;20160519;000000;1254.5;0
Gold;D;20160520;000000;1251.89;0
Gold;D;20160521;000000;1251.9;0
Gold;D;20160522;000000;1251.74;0
Gold;D;20160523;000000;1248.7;0
Gold;D;20160524;000000;1227.06;0
Gold;D;20160525;000000;1224.07;0
Gold;D;20160526;000000;1219.38;0
Gold;D;20160527;000000;1212.67;0
Gold;D;20160528;000000;1212.5;0
Gold;D;20160529;000000;1212.55;0
Gold;D;20160530;000000;1204.99;0
Gold;D;20160531;000000;1215;0
Gold;D;20160601;000000;1212.8;0
Gold;D;20160602;000000;1210.86;0
Gold;D;20160603;000000;1244;0
Gold;D;20160604;000000;1243.82;0
Gold;D;20160605;000000;1244.06;0
Gold;D;20160606;000000;1245;0
Gold;D;20160607;000000;1243.64;0
Gold;D;20160608;000000;1262.5;0
Gold;D;20160609;000000;1269.5;0
Gold;D;20160610;000000;1273.55;0
Gold;D;20160611;000000;1273.38;0
Gold;D;20160612;000000;1273.43;0
Gold;D;20160613;000000;1284;0
Gold;D;20160614;000000;1285.39;0
Gold;D;20160615;000000;1291.36;0
Gold;D;20160616;000000;1278.08;0
Gold;D;20160617;000000;1298.33;0
Gold;D;20160618;000000;1298.18;0
Gold;D;20160619;000000;1298.32;0
Gold;D;20160620;000000;1289.57;0
Gold;D;20160621;000000;1267.7;0
Gold;D;20160622;000000;1265.9;0
Gold;D;20160623;000000;1256.32;0
Gold;D;20160624;000000;1315.18;0
Gold;D;20160625;000000;1315.13;0
Gold;D;20160626;000000;1315.13;0
Gold;D;20160627;000000;1324.3;0
Gold;D;20160628;000000;1311.22;0
Gold;D;20160629;000000;1318.8;0
Gold;D;20160630;000000;1321.75;0
Gold;D;20160701;000000;1340.67;0
Gold;D;20160702;000000;1340.62;0
Gold;D;20160703;000000;1341.24;0
Gold;D;20160704;000000;1350.36;0
Gold;D;20160705;000000;1356;0
Gold;D;20160706;000000;1363.5;0
Gold;D;20160707;000000;1360;0
Gold;D;20160708;000000;1366;0
Gold;D;20160709;000000;1365.85;0
Gold;D;20160710;000000;1366.06;0
Gold;D;20160711;000000;1355.1;0
Gold;D;20160712;000000;1332.8;0
Gold;D;20160713;000000;1342.19;0
Gold;D;20160714;000000;1335.1;0
Gold;D;20160715;000000;1337.2;0
Gold;D;20160716;000000;1337.29;0
Gold;D;20160717;000000;1337.29;0
Gold;D;20160718;000000;1328.72;0
Gold;D;20160719;000000;1331.7;0
Gold;D;20160720;000000;1315.6;0
Gold;D;20160721;000000;1330.74;0
Gold;D;20160722;000000;1321.76;0
Gold;D;20160723;000000;1321.9;0
Gold;D;20160724;000000;1321.74;0
Gold;D;20160725;000000;1315.3;0
Gold;D;20160726;000000;1320.06;0
Gold;D;20160727;000000;1339.78;0
Gold;D;20160728;000000;1335.3;0
Gold;D;20160729;000000;1350.34;0
Gold;D;20160730;000000;1350.57;0
Gold;D;20160731;000000;1350.8;0
Gold;D;20160801;000000;1352.52;0
Gold;D;20160802;000000;1363.6;0
Gold;D;20160803;000000;1357.9;0
Gold;D;20160804;000000;1360.9;0
Gold;D;20160805;000000;1335.5;0
Gold;D;20160806;000000;1335.35;0
Gold;D;20160807;000000;1335.93;0
Gold;D;20160808;000000;1335.1;0
Gold;D;20160809;000000;1340.5;0
Gold;D;20160810;000000;1346.4;0
Gold;D;20160811;000000;1338.3;0
Gold;D;20160812;000000;1335.27;0
Gold;D;20160813;000000;1335.49;0
Gold;D;20160814;000000;1335.49;0
Gold;D;20160815;000000;1339.1;0
Gold;D;20160816;000000;1345.8;0
Gold;D;20160817;000000;1348.4;0
Gold;D;20160818;000000;1351.9;0
Gold;D;20160819;000000;1341.52;0
Gold;D;20160820;000000;1340.9;0
Gold;D;20160821;000000;1340.9;0
Gold;D;20160822;000000;1339;0
Gold;D;20160823;000000;1337.11;0
Gold;D;20160824;000000;1323.8;0
Gold;D;20160825;000000;1321.8;0
Gold;D;20160826;000000;1320.62;0
Gold;D;20160827;000000;1320.59;0
Gold;D;20160828;000000;1320.74;0
Gold;D;20160829;000000;1323.33;0
Gold;D;20160830;000000;1310.9;0
Gold;D;20160831;000000;1308.72;0
Gold;D;20160901;000000;1313.6;0
Gold;D;20160902;000000;1324.73;0
Gold;D;20160903;000000;1327.2;0
Gold;D;20160904;000000;1324.61;0
Gold;D;20160905;000000;1327.4;0
Gold;D;20160906;000000;1349.8;0
Gold;D;20160907;000000;1344.9;0
Gold;D;20160908;000000;1337.77;0
Gold;D;20160909;000000;1327.51;0
Gold;D;20160910;000000;1327.51;0
Gold;D;20160911;000000;1327.74;0
Gold;D;20160912;000000;1327.5;0
Gold;D;20160913;000000;1318.8;0
Gold;D;20160914;000000;1322.7;0
Gold;D;20160915;000000;1314.4;0
Gold;D;20160916;000000;1309.88;0
Gold;D;20160917;000000;1309.85;0
Gold;D;20160918;000000;1309.87;0
Gold;D;20160919;000000;1312.9;0
Gold;D;20160920;000000;1314.6;0
Gold;D;20160921;000000;1334.8;0
Gold;D;20160922;000000;1336.7;0
Gold;D;20160923;000000;1337.34;0
Gold;D;20160924;000000;1337.19;0
Gold;D;20160925;000000;1337.08;0
Gold;D;20160926;000000;1337.6;0
Gold;D;20160927;000000;1325.74;0
Gold;D;20160928;000000;1321.13;0
Gold;D;20160929;000000;1320.13;0
Gold;D;20160930;000000;1315.64;0
Gold;D;20161001;000000;1315.5;0
Gold;D;20161002;000000;1315.56;0
Gold;D;20161003;000000;1311.53;0
Gold;D;20161004;000000;1268.3;0
Gold;D;20161005;000000;1266.53;0
Gold;D;20161006;000000;1253.85;0
Gold;D;20161007;000000;1257.39;0
Gold;D;20161008;000000;1257.29;0
Gold;D;20161009;000000;1256.54;0
Gold;D;20161010;000000;1259.3;0
Gold;D;20161011;000000;1252.3;0
Gold;D;20161012;000000;1255;0
Gold;D;20161013;000000;1257.8;0
Gold;D;20161014;000000;1249.7;0
Gold;D;20161015;000000;1250;0
Gold;D;20161016;000000;1250.36;0
Gold;D;20161017;000000;1255.7;0
Gold;D;20161018;000000;1262.1;0
Gold;D;20161019;000000;1268.9;0
Gold;D;20161020;000000;1265.3;0
Gold;D;20161021;000000;1266.2;0
Gold;D;20161022;000000;1265.71;0
Gold;D;20161023;000000;1265.71;0
Gold;D;20161024;000000;1263.95;0
Gold;D;20161025;000000;1273.5;0
Gold;D;20161026;000000;1266.8;0
Gold;D;20161027;000000;1268.2;0
Gold;D;20161028;000000;1275.53;0
Gold;D;20161029;000000;1275.33;0
Gold;D;20161030;000000;1275.57;0
Gold;D;20161031;000000;1277;0
Gold;D;20161101;000000;1287.7;0
Gold;D;20161102;000000;1296.82;0
Gold;D;20161103;000000;1302.34;0
Gold;D;20161104;000000;1304.43;0
Gold;D;20161105;000000;1303.7;0
Gold;D;20161106;000000;1303.7;0
Gold;D;20161107;000000;1280.68;0
Gold;D;20161108;000000;1275.51;0
Gold;D;20161109;000000;1274.66;0
Gold;D;20161110;000000;1256.14;0
Gold;D;20161111;000000;1227.36;0
Gold;D;20161112;000000;1226.98;0
Gold;D;20161113;000000;1227.1;0
Gold;D;20161114;000000;1218.35;0
Gold;D;20161115;000000;1227.79;0
Gold;D;20161116;000000;1224.79;0
Gold;D;20161117;000000;1218.2;0
Gold;D;20161118;000000;1207.99;0
Gold;D;20161119;000000;1208.2;0
Gold;D;20161120;000000;1208.2;0
Gold;D;20161121;000000;1212.3;0
Gold;D;20161122;000000;1211.89;0
Gold;D;20161123;000000;1187.95;0
Gold;D;20161124;000000;1183.86;0
Gold;D;20161125;000000;1183.8;0
Gold;D;20161126;000000;1183.7;0
Gold;D;20161127;000000;1183.7;0
Gold;D;20161128;000000;1193.2;0
Gold;D;20161129;000000;1188.44;0
Gold;D;20161130;000000;1172.91;0
Gold;D;20161201;000000;1170.37;0
Gold;D;20161202;000000;1175.76;0
Gold;D;20161203;000000;1176.51;0
Gold;D;20161204;000000;1177.03;0
Gold;D;20161205;000000;1169.75;0
Gold;D;20161206;000000;1169.13;0
Gold;D;20161207;000000;1173;0
Gold;D;20161208;000000;1170.72;0
Gold;D;20161209;000000;1158.32;0
Gold;D;20161210;000000;1157.93;0
Gold;D;20161211;000000;1157.93;0
Gold;D;20161212;000000;1162.32;0
Gold;D;20161213;000000;1158.61;0
Gold;D;20161214;000000;1142.49;0
Gold;D;20161215;000000;1126.58;0
Gold;D;20161216;000000;1133.31;0
Gold;D;20161217;000000;1134.71;0
Gold;D;20161218;000000;1134.47;0
Gold;D;20161219;000000;1139.07;0
Gold;D;20161220;000000;1131.24;0
Gold;D;20161221;000000;1131.41;0
Gold;D;20161222;000000;1128.73;0
Gold;D;20161223;000000;1132.06;0
Gold;D;20161224;000000;1133.68;0
Gold;D;20161225;000000;1133.17;0
Gold;D;20161226;000000;1133.17;0
Gold;D;20161227;000000;1138.8;0
Gold;D;20161228;000000;1141.82;0
Gold;D;20161229;000000;1156.89;0
Gold;D;20161230;000000;1150.34;0
Gold;D;20161231;000000;1150.62;0
Gold;D;20170101;000000;1150.62;0
Gold;D;20170102;000000;1150.62;0
Gold;D;20170103;000000;1159.22;0
Gold;D;20170104;000000;1163.55;0
Gold;D;20170105;000000;1181.03;0
Gold;D;20170106;000000;1172.93;0
Gold;D;20170107;000000;1172.13;0
Gold;D;20170108;000000;1172.14;0
Gold;D;20170109;000000;1182.4;0
Gold;D;20170110;000000;1187.15;0
Gold;D;20170111;000000;1190.71;0
Gold;D;20170112;000000;1195.2;0
Gold;D;20170113;000000;1198.09;0
Gold;D;20170114;000000;1197;0
Gold;D;20170115;000000;1197.17;0
Gold;D;20170116;000000;1202.62;0
Gold;D;20170117;000000;1215.6;0
Gold;D;20170118;000000;1205.48;0
Gold;D;20170119;000000;1204.68;0
Gold;D;20170120;000000;1207.38;0
Gold;D;20170121;000000;1209.67;0
Gold;D;20170122;000000;1209.67;0
Gold;D;20170123;000000;1215.35;0
Gold;D;20170124;000000;1209.76;0
Gold;D;20170125;000000;1199.95;0
Gold;D;20170126;000000;1188.9;0
Gold;D;20170127;000000;1190.81;0
Gold;D;20170128;000000;1190.6;0
Gold;D;20170129;000000;1191.09;0
Gold;D;20170130;000000;1195.77;0
Gold;D;20170131;000000;1212.06;0
Gold;D;20170201;000000;1208.79;0
Gold;D;20170202;000000;1215.63;0
Gold;D;20170203;000000;1218.86;0
Gold;D;20170204;000000;1220.2;0
Gold;D;20170205;000000;1220.09;0
Gold;D;20170206;000000;1234.95;0
Gold;D;20170207;000000;1232.89;0
Gold;D;20170208;000000;1240.18;0
Gold;D;20170209;000000;1231.45;0
Gold;D;20170210;000000;1233.91;0
Gold;D;20170211;000000;1233.05;0
Gold;D;20170212;000000;1233.28;0
Gold;D;20170213;000000;1225.86;0
Gold;D;20170214;000000;1227.44;0
Gold;D;20170215;000000;1232.65;0
Gold;D;20170216;000000;1239.38;0
Gold;D;20170217;000000;1235.57;0
Gold;D;20170218;000000;1234.5;0
Gold;D;20170219;000000;1234.39;0
Gold;D;20170220;000000;1237.18;0
Gold;D;20170221;000000;1236.1;0
Gold;D;20170222;000000;1238.02;0
Gold;D;20170223;000000;1248.65;0
Gold;D;20170224;000000;1256.65;0
Gold;D;20170225;000000;1256.4;0
Gold;D;20170226;000000;1256.65;0
Gold;D;20170227;000000;1251.03;0
Gold;D;20170228;000000;1251.53;0
Gold;D;20170301;000000;1249.58;0
Gold;D;20170302;000000;1234.89;0
Gold;D;20170303;000000;1234.18;0
Gold;D;20170304;000000;1234.2;0
Gold;D;20170305;000000;1234.47;0
Gold;D;20170306;000000;1225.9;0
Gold;D;20170307;000000;1215.84;0
Gold;D;20170308;000000;1208.56;0
Gold;D;20170309;000000;1201.92;0
Gold;D;20170310;000000;1204.35;0
Gold;D;20170311;000000;1204.3;0
Gold;D;20170312;000000;1204.3;0
Gold;D;20170313;000000;1203.89;0
Gold;D;20170314;000000;1198.75;0
Gold;D;20170315;000000;1219.16;0
Gold;D;20170316;000000;1226.3;0
Gold;D;20170317;000000;1228.7;0
Gold;D;20170318;000000;1228.6;0
Gold;D;20170319;000000;1229.01;0
Gold;D;20170320;000000;1234.1;0
Gold;D;20170321;000000;1244.3;0
Gold;D;20170322;000000;1248.5;0
Gold;D;20170323;000000;1245;0
Gold;D;20170324;000000;1243.15;0
Gold;D;20170325;000000;1243.13;0
Gold;D;20170326;000000;1243.13;0
Gold;D;20170327;000000;1254.2;0
Gold;D;20170328;000000;1251.6;0
Gold;D;20170329;000000;1253.06;0
Gold;D;20170330;000000;1242.3;0
Gold;D;20170331;000000;1248.82;0
Gold;D;20170401;000000;1248.78;0
Gold;D;20170402;000000;1248.6;0
Gold;D;20170403;000000;1253.2;0
Gold;D;20170404;000000;1256;0
Gold;D;20170405;000000;1255.33;0
Gold;D;20170406;000000;1251.7;0
Gold;D;20170407;000000;1254.08;0
Gold;D;20170408;000000;1253.5;0
Gold;D;20170409;000000;1253.84;0
Gold;D;20170410;000000;1254.6;0
Gold;D;20170411;000000;1274.4;0
Gold;D;20170412;000000;1286.16;0
Gold;D;20170413;000000;1286.91;0
Gold;D;20170414;000000;1287.16;0
Gold;D;20170415;000000;1287.16;0
Gold;D;20170416;000000;1287.22;0
Gold;D;20170417;000000;1284.5;0
Gold;D;20170418;000000;1289.4;0
Gold;D;20170419;000000;1279.78;0
Gold;D;20170420;000000;1281.8;0
Gold;D;20170421;000000;1284.23;0
Gold;D;20170422;000000;1284.03;0
Gold;D;20170423;000000;1284.03;0
Gold;D;20170424;000000;1276;0
Gold;D;20170425;000000;1263.9;0
Gold;D;20170426;000000;1269;0
Gold;D;20170427;000000;1264.2;0
Gold;D;20170428;000000;1267.78;0
Gold;D;20170429;000000;1267.91;0
Gold;D;20170430;000000;1267.61;0
Gold;D;20170501;000000;1256.4;0
Gold;D;20170502;000000;1256.7;0
Gold;D;20170503;000000;1237.9;0
Gold;D;20170504;000000;1227.8;0
Gold;D;20170505;000000;1228.04;0
Gold;D;20170506;000000;1228.04;0
Gold;D;20170507;000000;1228.04;0
Gold;D;20170508;000000;1226;0
Gold;D;20170509;000000;1221.2;0
Gold;D;20170510;000000;1218.9;0
Gold;D;20170511;000000;1224.8;0
Gold;D;20170512;000000;1227.82;0
Gold;D;20170513;000000;1227.93;0
Gold;D;20170514;000000;1227.9;0
Gold;D;20170515;000000;1230.4;0
Gold;D;20170516;000000;1236.8;0
Gold;D;20170517;000000;1261.3;0
Gold;D;20170518;000000;1247;0
Gold;D;20170519;000000;1255.41;0
Gold;D;20170520;000000;1255;0
Gold;D;20170521;000000;1255;0
Gold;D;20170522;000000;1260.4;0
Gold;D;20170523;000000;1251;0
Gold;D;20170524;000000;1258.6;0
Gold;D;20170525;000000;1255.6;0
Gold;D;20170526;000000;1266.67;0
Gold;D;20170527;000000;1266.55;0
Gold;D;20170528;000000;1266.46;0
Gold;D;20170529;000000;1266.39;0
Gold;D;20170530;000000;1262.9;0
Gold;D;20170531;000000;1268.45;0
Gold;D;20170601;000000;1265.8;0
Gold;D;20170602;000000;1278.61;0
Gold;D;20170603;000000;1278.77;0
Gold;D;20170604;000000;1278.77;0
Gold;D;20170605;000000;1279.4;0
Gold;D;20170606;000000;1293.93;0
Gold;D;20170607;000000;1286.73;0
Gold;D;20170608;000000;1277.83;0
Gold;D;20170609;000000;1266.58;0
Gold;D;20170610;000000;1265.9;0
Gold;D;20170611;000000;1266.2;0
Gold;D;20170612;000000;1265.8;0
Gold;D;20170613;000000;1266.5;0
Gold;D;20170614;000000;1260.57;0
Gold;D;20170615;000000;1253.9;0
Gold;D;20170616;000000;1253.61;0
Gold;D;20170617;000000;1253.1;0
Gold;D;20170618;000000;1253.41;0
Gold;D;20170619;000000;1243.6;0
Gold;D;20170620;000000;1242.9;0
Gold;D;20170621;000000;1246.4;0
Gold;D;20170622;000000;1250.2;0
Gold;D;20170623;000000;1256.24;0
Gold;D;20170624;000000;1256.4;0
Gold;D;20170625;000000;1256.65;0
Gold;D;20170626;000000;1244.47;0
Gold;D;20170627;000000;1246.72;0
Gold;D;20170628;000000;1249.1;0
Gold;D;20170629;000000;1245.5;0
Gold;D;20170630;000000;1241.37;0
Gold;D;20170701;000000;1241.08;0
Gold;D;20170702;000000;1241.08;0
Gold;D;20170703;000000;1219.83;0
Gold;D;20170704;000000;1223.69;0
Gold;D;20170705;000000;1226.47;0
Gold;D;20170706;000000;1225.1;0
Gold;D;20170707;000000;1212.73;0
Gold;D;20170708;000000;1212.49;0
Gold;D;20170709;000000;1212.49;0
Gold;D;20170710;000000;1214.3;0
Gold;D;20170711;000000;1217.6;0
Gold;D;20170712;000000;1220.3;0
Gold;D;20170713;000000;1217.4;0
Gold;D;20170714;000000;1228.32;0
Gold;D;20170715;000000;1228.22;0
Gold;D;20170716;000000;1228.22;0
Gold;D;20170717;000000;1234;0
Gold;D;20170718;000000;1242.3;0
Gold;D;20170719;000000;1240.94;0
Gold;D;20170720;000000;1244.24;0
Gold;D;20170721;000000;1254.53;0
Gold;D;20170722;000000;1254.56;0
Gold;D;20170723;000000;1254.56;0
Gold;D;20170724;000000;1255.07;0
Gold;D;20170725;000000;1249.7;0
Gold;D;20170726;000000;1260.28;0
Gold;D;20170727;000000;1258.9;0
Gold;D;20170728;000000;1269.19;0
Gold;D;20170729;000000;1268.7;0
Gold;D;20170730;000000;1269.12;0
Gold;D;20170731;000000;1269.3;0
Gold;D;20170801;000000;1268.7;0
Gold;D;20170802;000000;1266.4;0
Gold;D;20170803;000000;1268.18;0
Gold;D;20170804;000000;1258.5;0
Gold;D;20170805;000000;1258.4;0
Gold;D;20170806;000000;1258.29;0
Gold;D;20170807;000000;1257.7;0
Gold;D;20170808;000000;1260.7;0
Gold;D;20170809;000000;1277.07;0
Gold;D;20170810;000000;1286.1;0
Gold;D;20170811;000000;1288.83;0
Gold;D;20170812;000000;1288.52;0
Gold;D;20170813;000000;1288.77;0
Gold;D;20170814;000000;1281.9;0
Gold;D;20170815;000000;1271.2;0
Gold;D;20170816;000000;1282.9;0
Gold;D;20170817;000000;1287.85;0
Gold;D;20170818;000000;1283.56;0
Gold;D;20170819;000000;1283.58;0
Gold;D;20170820;000000;1283.97;0
Gold;D;20170821;000000;1291.46;0
Gold;D;20170822;000000;1284.9;0
Gold;D;20170823;000000;1290.73;0
Gold;D;20170824;000000;1286.2;0
Gold;D;20170825;000000;1290.83;0
Gold;D;20170826;000000;1290.82;0
Gold;D;20170827;000000;1290.59;0
Gold;D;20170828;000000;1309.8;0
Gold;D;20170829;000000;1308.9;0
Gold;D;20170830;000000;1308.5;0
Gold;D;20170831;000000;1321;0
Gold;D;20170901;000000;1324.61;0
Gold;D;20170902;000000;1324.65;0
Gold;D;20170903;000000;1324.65;0
Gold;D;20170904;000000;1333.41;0
Gold;D;20170905;000000;1339.5;0
Gold;D;20170906;000000;1334.1;0
Gold;D;20170907;000000;1349;0
Gold;D;20170908;000000;1346.05;0
Gold;D;20170909;000000;1346.08;0
Gold;D;20170910;000000;1346.08;0
Gold;D;20170911;000000;1327.05;0
Gold;D;20170912;000000;1331.7;0
Gold;D;20170913;000000;1322.5;0
Gold;D;20170914;000000;1329.5;0
Gold;D;20170915;000000;1319.82;0
Gold;D;20170916;000000;1319.7;0
Gold;D;20170917;000000;1319.73;0
Gold;D;20170918;000000;1307.2;0
Gold;D;20170919;000000;1310.9;0
Gold;D;20170920;000000;1300.77;0
Gold;D;20170921;000000;1290.95;0
Gold;D;20170922;000000;1296.93;0
Gold;D;20170923;000000;1296.78;0
Gold;D;20170924;000000;1296.85;0
Gold;D;20170925;000000;1310.4;0
Gold;D;20170926;000000;1293.9;0
Gold;D;20170927;000000;1282.37;0
Gold;D;20170928;000000;1287;0
Gold;D;20170929;000000;1279.75;0
Gold;D;20170930;000000;1279.57;0
Gold;D;20171001;000000;1279.72;0
Gold;D;20171002;000000;1270.8;0
Gold;D;20171003;000000;1271.5;0
Gold;D;20171004;000000;1274.7;0
Gold;D;20171005;000000;1268;0
Gold;D;20171006;000000;1276.14;0
Gold;D;20171007;000000;1276.21;0
Gold;D;20171008;000000;1275.92;0
Gold;D;20171009;000000;1283.8;0
Gold;D;20171010;000000;1287.75;0
Gold;D;20171011;000000;1291.7;0
Gold;D;20171012;000000;1293.5;0
Gold;D;20171013;000000;1304.1;0
Gold;D;20171014;000000;1304.3;0
Gold;D;20171015;000000;1303.23;0
Gold;D;20171016;000000;1294.9;0
Gold;D;20171017;000000;1285.1;0
Gold;D;20171018;000000;1280.68;0
Gold;D;20171019;000000;1289.8;0
Gold;D;20171020;000000;1280.11;0
Gold;D;20171021;000000;1279.89;0
Gold;D;20171022;000000;1280.04;0
Gold;D;20171023;000000;1281.91;0
Gold;D;20171024;000000;1276.6;0
Gold;D;20171025;000000;1277.3;0
Gold;D;20171026;000000;1266.8;0
Gold;D;20171027;000000;1273.42;0
Gold;D;20171028;000000;1272.76;0
Gold;D;20171029;000000;1273.58;0
Gold;D;20171030;000000;1275.91;0
Gold;D;20171031;000000;1270.91;0
Gold;D;20171101;000000;1274.6;0
Gold;D;20171102;000000;1275.58;0
Gold;D;20171103;000000;1269.47;0
Gold;D;20171104;000000;1269.42;0
Gold;D;20171105;000000;1269.48;0
Gold;D;20171106;000000;1280.96;0
Gold;D;20171107;000000;1276.12;0
Gold;D;20171108;000000;1280.7;0
Gold;D;20171109;000000;1286.2;0
Gold;D;20171110;000000;1275.75;0
Gold;D;20171111;000000;1275.34;0
Gold;D;20171112;000000;1275.35;0
Gold;D;20171113;000000;1277.57;0
Gold;D;20171114;000000;1280.33;0
Gold;D;20171115;000000;1278.572;0
Gold;D;20171116;000000;1278.484;0
Gold;D;20171117;000000;1293.59;0
Gold;D;20171118;000000;1293.55;0
Gold;D;20171119;000000;1293.79;0
Gold;D;20171120;000000;1277.205;0
Gold;D;20171121;000000;1279.61;0
Gold;D;20171122;000000;1291.37;0
Gold;D;20171123;000000;1290.68;0
Gold;D;20171124;000000;1287.93;0
Gold;D;20171125;000000;1287.3;0
Gold;D;20171126;000000;1288.41;0
Gold;D;20171127;000000;1293.88;0
Gold;D;20171128;000000;1293.434;0
Gold;D;20171129;000000;1284.97;0
Gold;D;20171130;000000;1274.67;0
Gold;D;20171201;000000;1280.57;0
Gold;D;20171202;000000;1279.99;0
Gold;D;20171203;000000;1279.93;0
Gold;D;20171204;000000;1276.341;0
Gold;D;20171205;000000;1266.926;0
Gold;D;20171206;000000;1264.536;0
Gold;D;20171207;000000;1247.97;0
Gold;D;20171208;000000;1247.86;0
Gold;D;20171209;000000;1248;0
Gold;D;20171210;000000;1248.08;0
Gold;D;20171211;000000;1242.821;0
Gold;D;20171212;000000;1244.29;0
Gold;D;20171213;000000;1255.238;0
Gold;D;20171214;000000;1253.087;0
Gold;D;20171215;000000;1255.636;0
Gold;D;20171216;000000;1254.82;0
Gold;D;20171217;000000;1254.72;0
Gold;D;20171218;000000;1261.428;0
Gold;D;20171219;000000;1262.15;0
Gold;D;20171220;000000;1265.447;0
Gold;D;20171221;000000;1267.502;0
Gold;D;20171222;000000;1274.018;0
Gold;D;20171223;000000;1274.52;0
Gold;D;20171224;000000;1274.5;0
Gold;D;20171225;000000;1274.5;0
Gold;D;20171226;000000;1282.872;0
Gold;D;20171227;000000;1287.9;0
Gold;D;20171228;000000;1294.36;0
Gold;D;20171229;000000;1303.241;0
Gold;D;20171230;000000;1302.54;0
Gold;D;20171231;000000;1302.63;0
Gold;D;20180101;000000;1302.61;0
Gold;D;20180102;000000;1318.25;0
Gold;D;20180103;000000;1314.89;0
Gold;D;20180104;000000;1321.81;0
Gold;D;20180105;000000;1320.331;0
Gold;D;20180106;000000;1318.88;0
Gold;D;20180107;000000;1318.92;0
Gold;D;20180108;000000;1320.022;0
Gold;D;20180109;000000;1313.82;0
Gold;D;20180110;000000;1317.566;0
Gold;D;20180111;000000;1321.87;0
Gold;D;20180112;000000;1338.07;0
Gold;D;20180113;000000;1337.19;0
Gold;D;20180114;000000;1337.22;0
Gold;D;20180115;000000;1339.55;0
Gold;D;20180116;000000;1339.621;0
Gold;D;20180117;000000;1328.99;0
Gold;D;20180118;000000;1326.256;0
Gold;D;20180119;000000;1332.2;0
Gold;D;20180120;000000;1331.46;0
Gold;D;20180121;000000;1331.34;0
Gold;D;20180122;000000;1334.52;0
Gold;D;20180123;000000;1340.84;0
Gold;D;20180124;000000;1357.587;0
Gold;D;20180125;000000;1348;0
Gold;D;20180126;000000;1349.481;0
Gold;D;20180127;000000;1349.17;0
Gold;D;20180128;000000;1349.79;0
Gold;D;20180129;000000;1341.892;0
Gold;D;20180130;000000;1336.669;0
Gold;D;20180131;000000;1345.786;0
Gold;D;20180201;000000;1349.64;0
Gold;D;20180202;000000;1331.83;0
Gold;D;20180203;000000;1332.45;0
Gold;D;20180204;000000;1332.63;0
Gold;D;20180205;000000;1335.959;0
Gold;D;20180206;000000;1321.9;0
Gold;D;20180207;000000;1315.17;0
Gold;D;20180208;000000;1317.42;0
Gold;D;20180209;000000;1314.71;0
Gold;D;20180210;000000;1316.15;0
Gold;D;20180211;000000;1315.93;0
Gold;D;20180212;000000;1321.401;0
Gold;D;20180213;000000;1328.97;0
Gold;D;20180214;000000;1351.939;0
Gold;D;20180215;000000;1353.35;0
Gold;D;20180216;000000;1348.698;0
Gold;D;20180217;000000;1346.46;0
Gold;D;20180218;000000;1346.87;0
Gold;D;20180219;000000;1346.29;0
Gold;D;20180220;000000;1330.68;0
Gold;D;20180221;000000;1324.639;0
Gold;D;20180222;000000;1331.351;0
Gold;D;20180223;000000;1329.312;0
Gold;D;20180224;000000;1328.22;0
Gold;D;20180225;000000;1328.34;0
Gold;D;20180226;000000;1333.05;0
Gold;D;20180227;000000;1318.806;0
Gold;D;20180228;000000;1317.37;0
Gold;D;20180301;000000;1314.75;0
Gold;D;20180302;000000;1321.982;0
Gold;D;20180303;000000;1322.3;0
Gold;D;20180304;000000;1322.27;0
Gold;D;20180305;000000;1319.541;0
Gold;D;20180306;000000;1333.7;0
Gold;D;20180307;000000;1325.07;0
Gold;D;20180308;000000;1322.2;0
Gold;D;20180309;000000;1323.36;0
Gold;D;20180310;000000;1323.06;0
Gold;D;20180311;000000;1323.27;0
Gold;D;20180312;000000;1322.92;0
Gold;D;20180313;000000;1325.95;0
Gold;D;20180314;000000;1324.39;0
Gold;D;20180315;000000;1315.97;0
Gold;D;20180316;000000;1314.082;0
Gold;D;20180317;000000;1313.8;0
Gold;D;20180318;000000;1313.45;0
Gold;D;20180319;000000;1316.7;0
Gold;D;20180320;000000;1311.1;0
Gold;D;20180321;000000;1331.9;0
Gold;D;20180322;000000;1328.7;0
Gold;D;20180323;000000;1346.64;0
Gold;D;20180324;000000;1346.92;0
Gold;D;20180325;000000;1347.33;0
Gold;D;20180326;000000;1353.06;0
Gold;D;20180327;000000;1344.78;0
Gold;D;20180328;000000;1324.53;0
Gold;D;20180329;000000;1325.2;0
Gold;D;20180330;000000;1325.03;0
Gold;D;20180331;000000;1325.03;0
Gold;D;20180401;000000;1325.06;0
Gold;D;20180402;000000;1341.2;0
Gold;D;20180403;000000;1332.45;0
Gold;D;20180404;000000;1333.1;0
Gold;D;20180405;000000;1326.35;0
Gold;D;20180406;000000;1332.99;0
Gold;D;20180407;000000;1333.41;0
Gold;D;20180408;000000;1333.11;0
Gold;D;20180409;000000;1336.09;0
Gold;D;20180410;000000;1339.5;0
Gold;D;20180411;000000;1353.1;0
Gold;D;20180412;000000;1334.65;0
Gold;D;20180413;000000;1345.46;0
Gold;D;20180414;000000;1345.75;0
Gold;D;20180415;000000;1345.25;0
Gold;D;20180416;000000;1345.65;0
Gold;D;20180417;000000;1347.4;0
Gold;D;20180418;000000;1349.3;0
Gold;D;20180419;000000;1345.4;0
Gold;D;20180420;000000;1335.41;0
Gold;D;20180421;000000;1335.52;0
Gold;D;20180422;000000;1335.22;0
Gold;D;20180423;000000;1324.7;0
Gold;D;20180424;000000;1330.2;0
Gold;D;20180425;000000;1322.8;0
Gold;D;20180426;000000;1316.8;0
Gold;D;20180427;000000;1322.95;0
Gold;D;20180428;000000;1323.09;0
Gold;D;20180429;000000;1323.29;0
Gold;D;20180430;000000;1315.1;0
Gold;D;20180501;000000;1303.37;0
Gold;D;20180502;000000;1304.7;0
Gold;D;20180503;000000;1312;0
Gold;D;20180504;000000;1314.42;0
Gold;D;20180505;000000;1314.77;0
Gold;D;20180506;000000;1314.88;0
Gold;D;20180507;000000;1314.1;0
Gold;D;20180508;000000;1314.5;0
Gold;D;20180509;000000;1312.5;0
Gold;D;20180510;000000;1321.08;0
Gold;D;20180511;000000;1317.92;0
Gold;D;20180512;000000;1318.85;0
Gold;D;20180513;000000;1317.98;0
Gold;D;20180514;000000;1313.2;0
Gold;D;20180515;000000;1290.4;0
Gold;D;20180516;000000;1290.7;0
Gold;D;20180517;000000;1290.8;0
Gold;D;20180518;000000;1292.08;0
Gold;D;20180519;000000;1292.97;0
Gold;D;20180520;000000;1292.91;0
Gold;D;20180521;000000;1292.6;0
Gold;D;20180522;000000;1291.1;0
Gold;D;20180523;000000;1293.4;0
Gold;D;20180524;000000;1304.6;0
Gold;D;20180525;000000;1301.81;0
Gold;D;20180526;000000;1301.81;0
Gold;D;20180527;000000;1301.37;0
Gold;D;20180528;000000;1297.65;0
Gold;D;20180529;000000;1298.37;0
Gold;D;20180530;000000;1301.2;0
Gold;D;20180531;000000;1298.34;0
Gold;D;20180601;000000;1292.95;0
Gold;D;20180602;000000;1292.95;0
Gold;D;20180603;000000;1293.04;0
Gold;D;20180604;000000;1291.9;0
Gold;D;20180605;000000;1296.3;0
Gold;D;20180606;000000;1296.3;0
Gold;D;20180607;000000;1296.92;0
Gold;D;20180608;000000;1298.23;0
Gold;D;20180609;000000;1297.72;0
Gold;D;20180610;000000;1299.4;0
Gold;D;20180611;000000;1300.4;0
Gold;D;20180612;000000;1295.7;0
Gold;D;20180613;000000;1299.04;0
Gold;D;20180614;000000;1302.1;0
Gold;D;20180615;000000;1278.52;0
Gold;D;20180616;000000;1278.45;0
Gold;D;20180617;000000;1279.46;0
Gold;D;20180618;000000;1278.1;0
Gold;D;20180619;000000;1274.5;0
Gold;D;20180620;000000;1267.7;0
Gold;D;20180621;000000;1267;0
Gold;D;20180622;000000;1269.2;0
Gold;D;20180623;000000;1269.28;0
Gold;D;20180624;000000;1269.2;0
Gold;D;20180625;000000;1265.31;0
Gold;D;20180626;000000;1258.8;0
Gold;D;20180627;000000;1252.1;0
Gold;D;20180628;000000;1248.1;0
Gold;D;20180629;000000;1252.16;0
Gold;D;20180630;000000;1252.4;0
Gold;D;20180701;000000;1252.52;0
Gold;D;20180702;000000;1241.81;0
Gold;D;20180703;000000;1252.6;0
Gold;D;20180704;000000;1256.35;0
Gold;D;20180705;000000;1257.6;0
Gold;D;20180706;000000;1254.7;0
Gold;D;20180707;000000;1254.63;0
Gold;D;20180708;000000;1254.72;0
Gold;D;20180709;000000;1257.6;0
Gold;D;20180710;000000;1255.3;0
Gold;D;20180711;000000;1242;0
Gold;D;20180712;000000;1247.2;0
Gold;D;20180713;000000;1241.165;0
Gold;D;20180714;000000;1241.27;0
Gold;D;20180715;000000;1241.35;0
Gold;D;20180716;000000;1240.67;0
Gold;D;20180717;000000;1227.4;0
Gold;D;20180718;000000;1227.5;0
Gold;D;20180719;000000;1222.7;0
Gold;D;20180720;000000;1230.59;0
Gold;D;20180721;000000;1231.51;0
Gold;D;20180722;000000;1231.54;0
Gold;D;20180723;000000;1224.35;0
Gold;D;20180724;000000;1224.36;0
Gold;D;20180725;000000;1231.41;0
Gold;D;20180726;000000;1222.39;0
Gold;D;20180727;000000;1223.78;0
Gold;D;20180728;000000;1223.78;0
Gold;D;20180729;000000;1222.78;0
Gold;D;20180730;000000;1221.24;0
Gold;D;20180731;000000;1223.868;0
Gold;D;20180801;000000;1215.86;0
Gold;D;20180802;000000;1207.7;0
Gold;D;20180803;000000;1214.6;0
Gold;D;20180804;000000;1214.4;0
Gold;D;20180805;000000;1213.29;0
Gold;D;20180806;000000;1207.368;0
Gold;D;20180807;000000;1210.79;0
Gold;D;20180808;000000;1213.64;0
Gold;D;20180809;000000;1212.2;0
Gold;D;20180810;000000;1211.397;0
Gold;D;20180811;000000;1210.23;0
Gold;D;20180812;000000;1211.22;0
Gold;D;20180813;000000;1193.27;0
Gold;D;20180814;000000;1193.9;0
Gold;D;20180815;000000;1174.64;0
Gold;D;20180816;000000;1174.08;0
Gold;D;20180817;000000;1184.586;0
Gold;D;20180818;000000;1186.32;0
Gold;D;20180819;000000;1184.52;0
Gold;D;20180820;000000;1190.25;0
Gold;D;20180821;000000;1195.87;0
Gold;D;20180822;000000;1195.52;0
Gold;D;20180823;000000;1185.4;0
Gold;D;20180824;000000;1205.858;0
Gold;D;20180825;000000;1204.91;0
Gold;D;20180826;000000;1205.76;0
Gold;D;20180827;000000;1211.25;0
Gold;D;20180828;000000;1200.8;0
Gold;D;20180829;000000;1206.5;0
Gold;D;20180830;000000;1200;0
Gold;D;20180831;000000;1201.278;0
Gold;D;20180901;000000;1201.47;0
Gold;D;20180902;000000;1200.84;0
Gold;D;20180903;000000;1201.08;0
Gold;D;20180904;000000;1191.39;0
Gold;D;20180905;000000;1196.46;0
Gold;D;20180906;000000;1199.81;0
Gold;D;20180907;000000;1195.948;0
Gold;D;20180908;000000;1196.47;0
Gold;D;20180909;000000;1195.63;0
Gold;D;20180910;000000;1195.74;0
Gold;D;20180911;000000;1198.02;0
Gold;D;20180912;000000;1205.94;0
Gold;D;20180913;000000;1201.34;0
Gold;D;20180914;000000;1193.358;0
Gold;D;20180915;000000;1193.6;0
Gold;D;20180916;000000;1193.56;0
Gold;D;20180917;000000;1201.21;0
Gold;D;20180918;000000;1198.1;0
Gold;D;20180919;000000;1204;0
Gold;D;20180920;000000;1207.44;0
Gold;D;20180921;000000;1199.63;0
Gold;D;20180922;000000;1199.66;0
Gold;D;20180923;000000;1199.22;0
Gold;D;20180924;000000;1198.616;0
Gold;D;20180925;000000;1200.92;0
Gold;D;20180926;000000;1194.2;0
Gold;D;20180927;000000;1182.64;0
Gold;D;20180928;000000;1190.4;0
Gold;D;20180929;000000;1190.4;0
Gold;D;20180930;000000;1190.4;0
Gold;D;20181001;000000;1188.9;0
Gold;D;20181002;000000;1203.018;0
Gold;D;20181003;000000;1197.108;0
Gold;D;20181004;000000;1199.568;0
Gold;D;20181005;000000;1202.598;0
Gold;D;20181006;000000;1203.29;0
Gold;D;20181007;000000;1202.4;0
Gold;D;20181008;000000;1187.8;0
Gold;D;20181009;000000;1189.6;0
Gold;D;20181010;000000;1194.56;0
Gold;D;20181011;000000;1224;0
Gold;D;20181012;000000;1217.577;0
Gold;D;20181013;000000;1216.6;0
Gold;D;20181014;000000;1217.5;0
Gold;D;20181015;000000;1226.86;0
Gold;D;20181016;000000;1224.77;0
Gold;D;20181017;000000;1222.2;0
Gold;D;20181018;000000;1225.78;0
Gold;D;20181019;000000;1226.205;0
Gold;D;20181020;000000;1225.6;0
Gold;D;20181021;000000;1226.4;0
Gold;D;20181022;000000;1221.8;0
Gold;D;20181023;000000;1230.1;0
Gold;D;20181024;000000;1233.49;0
Gold;D;20181025;000000;1232;0
Gold;D;20181026;000000;1233.005;0
Gold;D;20181027;000000;1233.08;0
Gold;D;20181028;000000;1233.08;0
Gold;D;20181029;000000;1229.276;0
Gold;D;20181030;000000;1222.856;0
Gold;D;20181031;000000;1214.41;0
Gold;D;20181101;000000;1233.26;0
Gold;D;20181102;000000;1232.635;0
Gold;D;20181103;000000;1232.53;0
Gold;D;20181104;000000;1232.53;0
Gold;D;20181105;000000;1230.46;0
Gold;D;20181106;000000;1226.33;0
Gold;D;20181107;000000;1226.076;0
Gold;D;20181108;000000;1223.748;0
Gold;D;20181109;000000;1209.71;0
Gold;D;20181110;000000;1209.2;0
Gold;D;20181111;000000;1209.3;0
Gold;D;20181112;000000;1201.33;0
Gold;D;20181113;000000;1201.7;0
Gold;D;20181114;000000;1211.78;0
Gold;D;20181115;000000;1213.21;0
Gold;D;20181116;000000;1221.878;0
Gold;D;20181117;000000;1221.136;0
Gold;D;20181118;000000;1220.8;0
Gold;D;20181119;000000;1223.05;0
Gold;D;20181120;000000;1222.31;0
Gold;D;20181121;000000;1225.188;0
Gold;D;20181122;000000;1226.736;0
Gold;D;20181123;000000;1222.85;0
Gold;D;20181124;000000;1222.85;0
Gold;D;20181125;000000;1222.85;0
Gold;D;20181126;000000;1222.416;0
Gold;D;20181127;000000;1214.81;0
Gold;D;20181128;000000;1220.168;0
Gold;D;20181129;000000;1223.9;0
Gold;D;20181130;000000;1221.74;0
Gold;D;20181201;000000;1222.136;0
Gold;D;20181202;000000;1222.136;0
Gold;D;20181203;000000;1230.67;0
Gold;D;20181204;000000;1238.06;0
Gold;D;20181205;000000;1237.05;0
Gold;D;20181206;000000;1238.15;0
Gold;D;20181207;000000;1248.32;0
Gold;D;20181208;000000;1248.24;0
Gold;D;20181209;000000;1248.2;0
Gold;D;20181210;000000;1244.32;0
Gold;D;20181211;000000;1242.6;0
Gold;D;20181212;000000;1245.68;0
Gold;D;20181213;000000;1243.1;0
Gold;D;20181214;000000;1238.36;0
Gold;D;20181215;000000;1238.58;0
Gold;D;20181216;000000;1238;0
Gold;D;20181217;000000;1246.23;0
Gold;D;20181218;000000;1249.157;0
Gold;D;20181219;000000;1242.06;0
Gold;D;20181220;000000;1260.9;0
Gold;D;20181221;000000;1255.42;0
Gold;D;20181222;000000;1255.744;0
Gold;D;20181223;000000;1255.744;0
Gold;D;20181224;000000;1269.02;0
Gold;D;20181225;000000;1269.8;0
Gold;D;20181226;000000;1266.1;0
Gold;D;20181227;000000;1275.1;0
Gold;D;20181228;000000;1279.84;0
Gold;D;20181229;000000;1280.764;0
Gold;D;20181230;000000;1280.2;0
Gold;D;20181231;000000;1281.958;0
Gold;D;20190101;000000;1282.25;0
Gold;D;20190102;000000;1283.22;0
Gold;D;20190103;000000;1294.58;0
Gold;D;20190104;000000;1284.69;0
Gold;D;20190105;000000;1284.744;0
Gold;D;20190106;000000;1284.4;0
Gold;D;20190107;000000;1288.764;0
Gold;D;20190108;000000;1285.248;0
Gold;D;20190109;000000;1293.528;0
Gold;D;20190110;000000;1286;0
Gold;D;20190111;000000;1288.258;0
Gold;D;20190112;000000;1287.224;0
Gold;D;20190113;000000;1287.224;0
Gold;D;20190114;000000;1291.546;0
Gold;D;20190115;000000;1288.97;0
Gold;D;20190116;000000;1292.91;0
Gold;D;20190117;000000;1291.8;0
Gold;D;20190118;000000;1280.75;0
Gold;D;20190119;000000;1281.424;0
Gold;D;20190120;000000;1280.7;0
Gold;D;20190121;000000;1279.9;0
Gold;D;20190122;000000;1284.315;0
Gold;D;20190123;000000;1283.12;0
Gold;D;20190124;000000;1280.73;0
Gold;D;20190125;000000;1299.5;0
Gold;D;20190126;000000;1303;0
Gold;D;20190127;000000;1303;0
Gold;D;20190128;000000;1303.78;0
Gold;D;20190129;000000;1311.32;0
Gold;D;20190130;000000;1318.65;0
Gold;D;20190131;000000;1319.87;0
Gold;D;20190201;000000;1317.807;0
Gold;D;20190202;000000;1317.49;0
Gold;D;20190203;000000;1318.2;0
Gold;D;20190204;000000;1312.087;0
Gold;D;20190205;000000;1315.13;0
Gold;D;20190206;000000;1306.71;0
Gold;D;20190207;000000;1309.82;0
Gold;D;20190208;000000;1314.276;0
Gold;D;20190209;000000;1313.97;0
Gold;D;20190210;000000;1314.5;0
Gold;D;20190211;000000;1308.2;0
Gold;D;20190212;000000;1310.91;0
Gold;D;20190213;000000;1305.74;0
Gold;D;20190214;000000;1312.396;0
Gold;D;20190215;000000;1321.045;0
Gold;D;20190216;000000;1320.93;0
Gold;D;20190217;000000;1320.93;0
Gold;D;20190218;000000;1326.32;0
Gold;D;20190219;000000;1340.766;0
Gold;D;20190220;000000;1338.638;0
Gold;D;20190221;000000;1323.72;0
Gold;D;20190222;000000;1328;0
Gold;D;20190223;000000;1327.2;0
Gold;D;20190224;000000;1327.2;0
Gold;D;20190225;000000;1327.056;0
Gold;D;20190226;000000;1328.887;0
Gold;D;20190227;000000;1320.016;0
Gold;D;20190228;000000;1312.51;0
Gold;D;20190301;000000;1290.2;0
Gold;D;20190302;000000;1293.18;0
Gold;D;20190303;000000;1292.3;0
Gold;D;20190304;000000;1286.797;0
Gold;D;20190305;000000;1288.29;0
Gold;D;20190306;000000;1287.447;0
Gold;D;20190307;000000;1285.82;0
Gold;D;20190308;000000;1300.04;0
Gold;D;20190309;000000;1298.18;0
Gold;D;20190310;000000;1298.8;0
Gold;D;20190311;000000;1293.19;0
Gold;D;20190312;000000;1301.234;0
Gold;D;20190313;000000;1308.813;0
Gold;D;20190314;000000;1295.844;0
Gold;D;20190315;000000;1302.054;0
Gold;D;20190316;000000;1301.96;0
Gold;D;20190317;000000;1300.9;0
Gold;D;20190318;000000;1303.104;0
Gold;D;20190319;000000;1306.2;0
Gold;D;20190320;000000;1312.34;0
Gold;D;20190321;000000;1309.32;0
Gold;D;20190322;000000;1313.374;0
Gold;D;20190323;000000;1313.16;0
Gold;D;20190324;000000;1312.8;0
Gold;D;20190325;000000;1321.494;0
Gold;D;20190326;000000;1315.534;0
Gold;D;20190327;000000;1309.26;0
Gold;D;20190328;000000;1290.064;0
Gold;D;20190329;000000;1292.1;0
Gold;D;20190330;000000;1291.91;0
Gold;D;20190331;000000;1291.91;0
Gold;D;20190401;000000;1287.5;0
Gold;D;20190402;000000;1292.16;0
Gold;D;20190403;000000;1289.8;0
Gold;D;20190404;000000;1291.664;0
Gold;D;20190405;000000;1291.404;0
Gold;D;20190406;000000;1291.3;0
Gold;D;20190407;000000;1289.7;0
Gold;D;20190408;000000;1297.21;0
Gold;D;20190409;000000;1304;0
Gold;D;20190410;000000;1307.9;0
Gold;D;20190411;000000;1292.4;0
Gold;D;20190412;000000;1290.214;0
Gold;D;20190413;000000;1290.52;0
Gold;D;20190414;000000;1290.52;0
Gold;D;20190415;000000;1287.7;0
Gold;D;20190416;000000;1276.65;0
Gold;D;20190417;000000;1273.9;0
Gold;D;20190418;000000;1275.7;0
Gold;D;20190419;000000;1275.51;0
Gold;D;20190420;000000;1275.51;0
Gold;D;20190421;000000;1275.51;0
Gold;D;20190422;000000;1274.7;0
Gold;D;20190423;000000;1272.5;0
Gold;D;20190424;000000;1275.7;0
Gold;D;20190425;000000;1277;0
Gold;D;20190426;000000;1285.859;0
Gold;D;20190427;000000;1285.8;0
Gold;D;20190428;000000;1285.8;0
Gold;D;20190429;000000;1279.7;0
Gold;D;20190430;000000;1283.24;0
Gold;D;20190501;000000;1276.37;0
Gold;D;20190502;000000;1270.5;0
Gold;D;20190503;000000;1278.9;0
Gold;D;20190504;000000;1278.9;0
Gold;D;20190505;000000;1278.9;0
Gold;D;20190506;000000;1280.9;0
Gold;D;20190507;000000;1284.5;0
Gold;D;20190508;000000;1280.6;0
Gold;D;20190509;000000;1284.81;0
Gold;D;20190510;000000;1285.65;0
Gold;D;20190511;000000;1285.6;0
Gold;D;20190512;000000;1285.6;0
Gold;D;20190513;000000;1300.1;0
Gold;D;20190514;000000;1296.67;0
Gold;D;20190515;000000;1296.4;0
Gold;D;20190516;000000;1286.6;0
Gold;D;20190517;000000;1277.2;0
Gold;D;20190518;000000;1277.1;0
Gold;D;20190519;000000;1277.1;0
Gold;D;20190520;000000;1277.8;0
Gold;D;20190521;000000;1274.379;0
Gold;D;20190522;000000;1272.95;0
Gold;D;20190523;000000;1283.2;0
Gold;D;20190524;000000;1284.599;0
Gold;D;20190525;000000;1284.59;0
Gold;D;20190526;000000;1284.59;0
Gold;D;20190527;000000;1285;0
Gold;D;20190528;000000;1279.3;0
Gold;D;20190529;000000;1279.4;0
Gold;D;20190530;000000;1288.4;0
Gold;D;20190531;000000;1305.15;0
Gold;D;20190601;000000;1305.2;0
Gold;D;20190602;000000;1305.2;0
Gold;D;20190603;000000;1325.026;0
Gold;D;20190604;000000;1325.249;0
Gold;D;20190605;000000;1330.009;0
Gold;D;20190606;000000;1335.126;0
Gold;D;20190607;000000;1340.299;0
Gold;D;20190608;000000;1340.3;0
Gold;D;20190609;000000;1340.3;0
Gold;D;20190610;000000;1327.756;0
Gold;D;20190611;000000;1326.6;0
Gold;D;20190612;000000;1333.5;0
Gold;D;20190613;000000;1341.919;0
Gold;D;20190614;000000;1341.529;0
Gold;D;20190615;000000;1341.29;0
Gold;D;20190616;000000;1341.29;0
Gold;D;20190617;000000;1339.4;0
Gold;D;20190618;000000;1346.266;0
Gold;D;20190619;000000;1360.08;0
Gold;D;20190620;000000;1388.3;0
Gold;D;20190621;000000;1399.158;0
Gold;D;20190622;000000;1398.6;0
Gold;D;20190623;000000;1398.6;0
Gold;D;20190624;000000;1419.64;0
Gold;D;20190625;000000;1423.3;0
Gold;D;20190626;000000;1409;0
Gold;D;20190627;000000;1409.6;0
Gold;D;20190628;000000;1409.209;0
Gold;D;20190629;000000;1409.1;0
Gold;D;20190630;000000;1409.1;0
Gold;D;20190701;000000;1384;0
Gold;D;20190702;000000;1418.329;0
Gold;D;20190703;000000;1418.398;0
Gold;D;20190704;000000;1415.07;0
Gold;D;20190705;000000;1398.908;0
Gold;D;20190706;000000;1399.5;0
Gold;D;20190707;000000;1399.5;0
Gold;D;20190708;000000;1395.298;0
Gold;D;20190709;000000;1397.209;0
Gold;D;20190710;000000;1418.9;0
Gold;D;20190711;000000;1403.2;0
Gold;D;20190712;000000;1415.429;0
Gold;D;20190713;000000;1415.3;0
Gold;D;20190714;000000;1415.3;0
Gold;D;20190715;000000;1413.55;0
Gold;D;20190716;000000;1405.89;0
Gold;D;20190717;000000;1426.289;0
Gold;D;20190718;000000;1445.74;0
Gold;D;20190719;000000;1425.158;0
Gold;D;20190720;000000;1425.38;0
Gold;D;20190721;000000;1425.38;0
Gold;D;20190722;000000;1424.66;0
Gold;D;20190723;000000;1417.5;0
Gold;D;20190724;000000;1425.7;0
Gold;D;20190725;000000;1414.1;0
Gold;D;20190726;000000;1418;0
Gold;D;20190727;000000;1418.2;0
Gold;D;20190728;000000;1418.2;0
Gold;D;20190729;000000;1426.7;0
Gold;D;20190730;000000;1430.8;0
Gold;D;20190731;000000;1413.705;0
Gold;D;20190801;000000;1444.816;0
Gold;D;20190802;000000;1440.3;0
Gold;D;20190803;000000;1440.59;0
Gold;D;20190804;000000;1440.59;0
Gold;D;20190805;000000;1463.405;0
Gold;D;20190806;000000;1474.4;0
Gold;D;20190807;000000;1500.964;0
Gold;D;20190808;000000;1500.702;0
Gold;D;20190809;000000;1497.18;0
Gold;D;20190810;000000;1497.18;0
Gold;D;20190811;000000;1497.18;0
Gold;D;20190812;000000;1511.1;0
Gold;D;20190813;000000;1501.4;0
Gold;D;20190814;000000;1516.4;0
Gold;D;20190815;000000;1524.365;0
Gold;D;20190816;000000;1513.248;0
Gold;D;20190817;000000;1513.26;0
Gold;D;20190818;000000;1513.26;0
Gold;D;20190819;000000;1495.5;0
Gold;D;20190820;000000;1507.058;0
Gold;D;20190821;000000;1502.4;0
Gold;D;20190822;000000;1498.03;0
Gold;D;20190823;000000;1526.74;0
Gold;D;20190824;000000;1526.74;0
Gold;D;20190825;000000;1526.74;0
Gold;D;20190826;000000;1527.1;0
Gold;D;20190827;000000;1542.6;0
Gold;D;20190828;000000;1539.2;0
Gold;D;20190829;000000;1527.5;0
Gold;D;20190830;000000;1520.34;0
Gold;D;20190831;000000;1520.34;0
Gold;D;20190901;000000;1520.34;0
Gold;D;20190902;000000;1529.13;0
Gold;D;20190903;000000;1546.845;0
Gold;D;20190904;000000;1552.4;0
Gold;D;20190905;000000;1518.73;0
Gold;D;20190906;000000;1506.616;0
Gold;D;20190907;000000;1506.616;0
Gold;D;20190908;000000;1507.21;0
Gold;D;20190909;000000;1498.916;0
Gold;D;20190910;000000;1485.4;0
Gold;D;20190911;000000;1496.876;0
Gold;D;20190912;000000;1499;0
Gold;D;20190913;000000;1488.58;0
Gold;D;20190914;000000;1488.58;0
Gold;D;20190915;000000;1488.75;0
Gold;D;20190916;000000;1498.19;0
Gold;D;20190917;000000;1501.2;0
Gold;D;20190918;000000;1493.9;0
Gold;D;20190919;000000;1498.8;0
Gold;D;20190920;000000;1516.777;0
Gold;D;20190921;000000;1516.777;0
Gold;D;20190922;000000;1516.777;0
Gold;D;20190923;000000;1522.085;0
Gold;D;20190924;000000;1531.6;0
Gold;D;20190925;000000;1503.5;0
Gold;D;20190926;000000;1504.6;0
Gold;D;20190927;000000;1496.724;0
Gold;D;20190928;000000;1496.78;0
Gold;D;20190929;000000;1496.78;0
Gold;D;20190930;000000;1472.376;0
Gold;D;20191001;000000;1479.1;0
Gold;D;20191002;000000;1499.4;0
Gold;D;20191003;000000;1505.1;0
Gold;D;20191004;000000;1504.65;0
Gold;D;20191005;000000;1504.65;0
Gold;D;20191006;000000;1504.65;0
Gold;D;20191007;000000;1493.3;0
Gold;D;20191008;000000;1505.4;0
Gold;D;20191009;000000;1505.356;0
Gold;D;20191010;000000;1493.9;0
Gold;D;20191011;000000;1488.518;0
Gold;D;20191012;000000;1488.67;0
Gold;D;20191013;000000;1488.67;0
Gold;D;20191014;000000;1492.984;0
Gold;D;20191015;000000;1480.856;0
Gold;D;20191016;000000;1490;0
Gold;D;20191017;000000;1491.636;0
Gold;D;20191018;000000;1490.115;0
Gold;D;20191019;000000;1490.115;0
Gold;D;20191020;000000;1490.115;0
Gold;D;20191021;000000;1484.4;0
Gold;D;20191022;000000;1487.615;0
Gold;D;20191023;000000;1492;0
Gold;D;20191024;000000;1503.676;0
Gold;D;20191025;000000;1504.398;0
Gold;D;20191026;000000;1504.398;0
Gold;D;20191027;000000;1504.45;0
Gold;D;20191028;000000;1492.365;0
Gold;D;20191029;000000;1487.5;0
Gold;D;20191030;000000;1495.436;0
Gold;D;20191031;000000;1512.9;0
Gold;D;20191101;000000;1514.017;0
Gold;D;20191102;000000;1514.017;0
Gold;D;20191103;000000;1514.017;0
Gold;D;20191104;000000;1508.478;0
Gold;D;20191105;000000;1484.705;0
Gold;D;20191106;000000;1491.07;0
Gold;D;20191107;000000;1467.718;0
Gold;D;20191108;000000;1458.41;0
Gold;D;20191109;000000;1458.796;0
Gold;D;20191110;000000;1458.796;0
Gold;D;20191111;000000;1454.9;0
Gold;D;20191112;000000;1458.38;0
Gold;D;20191113;000000;1463.992;0
Gold;D;20191114;000000;1470.67;0
Gold;D;20191115;000000;1466.628;0
Gold;D;20191116;000000;1467.918;0
Gold;D;20191117;000000;1467.918;0
Gold;D;20191118;000000;1471.44;0
Gold;D;20191119;000000;1472.275;0
Gold;D;20191120;000000;1472.88;0
Gold;D;20191121;000000;1464.85;0
Gold;D;20191122;000000;1462.04;0
Gold;D;20191123;000000;1461.903;0
Gold;D;20191124;000000;1461.903;0
Gold;D;20191125;000000;1454.838;0
Gold;D;20191126;000000;1462.304;0
Gold;D;20191127;000000;1454.718;0
Gold;D;20191128;000000;1455.78;0
Gold;D;20191129;000000;1463.6;0
Gold;D;20191130;000000;1463.6;0
Gold;D;20191201;000000;1463.6;0
Gold;D;20191202;000000;1462.958;0
Gold;D;20191203;000000;1477.088;0
Gold;D;20191204;000000;1474.86;0
Gold;D;20191205;000000;1475.77;0
Gold;D;20191206;000000;1460.54;0
Gold;D;20191207;000000;1460.028;0
Gold;D;20191208;000000;1460.028;0
Gold;D;20191209;000000;1460.6;0
Gold;D;20191210;000000;1464.56;0
Gold;D;20191211;000000;1475.03;0
Gold;D;20191212;000000;1469.61;0
Gold;D;20191213;000000;1476.32;0
Gold;D;20191214;000000;1475.668;0
Gold;D;20191215;000000;1475.668;0
Gold;D;20191216;000000;1476.248;0
Gold;D;20191217;000000;1475.7;0
Gold;D;20191218;000000;1475.818;0
Gold;D;20191219;000000;1479.316;0
Gold;D;20191220;000000;1477.568;0
Gold;D;20191221;000000;1477.968;0
Gold;D;20191222;000000;1477.968;0
Gold;D;20191223;000000;1485.74;0
Gold;D;20191224;000000;1499.3;0
Gold;D;20191225;000000;1499.3;0
Gold;D;20191226;000000;1511.08;0
Gold;D;20191227;000000;1510.64;0
Gold;D;20191228;000000;1510.81;0
Gold;D;20191229;000000;1510.81;0
Gold;D;20191230;000000;1514.56;0
Gold;D;20191231;000000;1517.657;0
Gold;D;20200101;000000;1517.177;0
Gold;D;20200102;000000;1528.238;0
Gold;D;20200103;000000;1548.73;0
Gold;D;20200104;000000;1552.108;0
Gold;D;20200105;000000;1552.108;0
Gold;D;20200106;000000;1565.64;0
Gold;D;20200107;000000;1571.775;0
Gold;D;20200108;000000;1559.51;0
Gold;D;20200109;000000;1550.5;0
Gold;D;20200110;000000;1560.18;0
Gold;D;20200111;000000;1562.077;0
Gold;D;20200112;000000;1561.99;0
Gold;D;20200113;000000;1548.595;0
Gold;D;20200114;000000;1546.938;0
Gold;D;20200115;000000;1556.275;0
Gold;D;20200116;000000;1553.757;0
Gold;D;20200117;000000;1557.05;0
Gold;D;20200118;000000;1557.168;0
Gold;D;20200119;000000;1557.24;0
Gold;D;20200120;000000;1560.77;0
Gold;D;20200121;000000;1558.697;0
Gold;D;20200122;000000;1558.65;0
Gold;D;20200123;000000;1562.283;0
Gold;D;20200124;000000;1571.575;0
Gold;D;20200125;000000;1571.448;0
Gold;D;20200126;000000;1571.28;0
Gold;D;20200127;000000;1582.57;0
Gold;D;20200128;000000;1568.905;0
Gold;D;20200129;000000;1576.92;0
Gold;D;20200130;000000;1576.938;0
Gold;D;20200131;000000;1586.11;0
Gold;D;20200201;000000;1589.687;0
Gold;D;20200202;000000;1589.687;0
Gold;D;20200203;000000;1576.137;0
Gold;D;20200204;000000;1555.09;0
Gold;D;20200205;000000;1556.9;0
Gold;D;20200206;000000;1566.125;0
Gold;D;20200207;000000;1570.047;0
Gold;D;20200208;000000;1570.137;0
Gold;D;20200209;000000;1570.137;0
Gold;D;20200210;000000;1573.68;0
Gold;D;20200211;000000;1568.485;0
Gold;D;20200212;000000;1566.99;0
Gold;D;20200213;000000;1576.37;0
Gold;D;20200214;000000;1582.597;0
Gold;D;20200215;000000;1583.597;0
Gold;D;20200216;000000;1583.4;0
Gold;D;20200217;000000;1580.6;0
Gold;D;20200218;000000;1602.99;0
Gold;D;20200219;000000;1612.66;0
Gold;D;20200220;000000;1619.544;0
Gold;D;20200221;000000;1643.86;0
Gold;D;20200222;000000;1643;0
Gold;D;20200223;000000;1643;0
Gold;D;20200224;000000;1658.76;0
Gold;D;20200225;000000;1628.23;0
Gold;D;20200226;000000;1636.405;0
Gold;D;20200227;000000;1637.376;0
Gold;D;20200228;000000;1578.6;0
Gold;D;20200229;000000;1585.4;0
Gold;D;20200301;000000;1585.97;0
Gold;D;20200302;000000;1585.334;0
Gold;D;20200303;000000;1634.92;0
Gold;D;20200304;000000;1638.21;0
Gold;D;20200305;000000;1673.2;0
Gold;D;20200306;000000;1673.963;0
Gold;D;20200307;000000;1673.3;0
Gold;D;20200308;000000;1673.3;0
Gold;D;20200309;000000;1680.247;0
Gold;D;20200310;000000;1649.2;0
Gold;D;20200311;000000;1635;0
Gold;D;20200312;000000;1576;0
Gold;D;20200313;000000;1529.708;0
Gold;D;20200314;000000;1529.708;0
Gold;D;20200315;000000;1529.708;0
Gold;D;20200316;000000;1514.2;0
Gold;D;20200317;000000;1528;0
Gold;D;20200318;000000;1486.1;0
Gold;D;20200319;000000;1470.9;0
Gold;D;20200320;000000;1498.7;0
Gold;D;20200321;000000;1498.7;0
Gold;D;20200322;000000;1498.7;0
Gold;D;20200323;000000;1553;0
Gold;D;20200324;000000;1622.22;0
Gold;D;20200325;000000;1615.258;0
Gold;D;20200326;000000;1629.1;0
Gold;D;20200327;000000;1626.148;0
Gold;D;20200328;000000;1626.148;0
Gold;D;20200329;000000;1626.148;0
Gold;D;20200330;000000;1623;0
Gold;D;20200331;000000;1576.7;0
Gold;D;20200401;000000;1591.7;0
Gold;D;20200402;000000;1611.3;0
Gold;D;20200403;000000;1617.048;0
Gold;D;20200404;000000;1616.4;0
Gold;D;20200405;000000;1616.4;0
Gold;D;20200406;000000;1660.905;0
Gold;D;20200407;000000;1646.08;0
Gold;D;20200408;000000;1645.1;0
Gold;D;20200409;000000;1683.33;0
Gold;D;20200410;000000;1694.9;0
Gold;D;20200411;000000;1694.9;0
Gold;D;20200412;000000;1694.9;0
Gold;D;20200413;000000;1713.03;0
Gold;D;20200414;000000;1726.6;0
Gold;D;20200415;000000;1715.4;0
Gold;D;20200416;000000;1716.93;0
Gold;D;20200417;000000;1684.134;0
Gold;D;20200418;000000;1681.631;0
Gold;D;20200419;000000;1681.631;0
Gold;D;20200420;000000;1694.798;0
Gold;D;20200421;000000;1685.03;0
Gold;D;20200422;000000;1712.998;0
Gold;D;20200423;000000;1730.4;0
Gold;D;20200424;000000;1727.219;0
Gold;D;20200425;000000;1727.4;0
Gold;D;20200426;000000;1727.4;0
Gold;D;20200427;000000;1713.358;0
Gold;D;20200428;000000;1707.465;0
Gold;D;20200429;000000;1711.666;0
Gold;D;20200430;000000;1685.706;0
Gold;D;20200501;000000;1698.559;0
Gold;D;20200502;000000;1698.215;0
Gold;D;20200503;000000;1685.1;0
Gold;D;20200504;000000;1701.7;0
Gold;D;20200505;000000;1704.68;0
Gold;D;20200506;000000;1684.23;0
Gold;D;20200507;000000;1715.5;0
Gold;D;20200508;000000;1701.446;0
Gold;D;20200509;000000;1700.6;0
Gold;D;20200510;000000;1702.2;0
Gold;D;20200511;000000;1696.08;0
Gold;D;20200512;000000;1702.51;0
Gold;D;20200513;000000;1716;0
Gold;D;20200514;000000;1730.315;0
Gold;D;20200515;000000;1740.846;0
Gold;D;20200516;000000;1741.5;0
Gold;D;20200517;000000;1741.5;0
Gold;D;20200518;000000;1732.305;0
Gold;D;20200519;000000;1744.109;0
Gold;D;20200520;000000;1747.718;0
Gold;D;20200521;000000;1727.17;0
Gold;D;20200522;000000;1732.996;0
Gold;D;20200523;000000;1734.6;0
Gold;D;20200524;000000;1734.6;0
Gold;D;20200525;000000;1726.376;0
Gold;D;20200526;000000;1710.2;0
Gold;D;20200527;000000;1709.2;0
Gold;D;20200528;000000;1717.9;0
Gold;D;20200529;000000;1729.326;0
Gold;D;20200530;000000;1729.326;0
Gold;D;20200531;000000;1729.326;0
Gold;D;20200601;000000;1739.6;0
Gold;D;20200602;000000;1727.18;0
Gold;D;20200603;000000;1698.61;0
Gold;D;20200604;000000;1713.6;0
Gold;D;20200605;000000;1683.686;0
Gold;D;20200606;000000;1681.6;0
Gold;D;20200607;000000;1681.6;0
Gold;D;20200608;000000;1698.67;0
Gold;D;20200609;000000;1714.268;0
Gold;D;20200610;000000;1738.3;0
Gold;D;20200611;000000;1726.12;0
Gold;D;20200612;000000;1729.649;0
Gold;D;20200613;000000;1729.649;0
Gold;D;20200614;000000;1729.649;0
Gold;D;20200615;000000;1725.48;0
Gold;D;20200616;000000;1726.2;0
Gold;D;20200617;000000;1726.85;0
Gold;D;20200618;000000;1722.73;0
Gold;D;20200619;000000;1743.126;0
Gold;D;20200620;000000;1743.126;0
Gold;D;20200621;000000;1741.9;0
Gold;D;20200622;000000;1755.44;0
Gold;D;20200623;000000;1767.668;0
Gold;D;20200624;000000;1760.98;0
Gold;D;20200625;000000;1763.35;0
Gold;D;20200626;000000;1770.454;0
Gold;D;20200627;000000;1769.895;0
Gold;D;20200628;000000;1769.895;0
Gold;D;20200629;000000;1772.7;0
Gold;D;20200630;000000;1780.7;0
Gold;D;20200701;000000;1769.598;0
Gold;D;20200702;000000;1775;0
Gold;D;20200703;000000;1774.31;0
Gold;D;20200704;000000;1774.31;0
Gold;D;20200705;000000;1755.2;0
Gold;D;20200706;000000;1784.42;0
Gold;D;20200707;000000;1794.5;0
Gold;D;20200708;000000;1808.55;0
Gold;D;20200709;000000;1803.38;0
Gold;D;20200710;000000;1798.146;0
Gold;D;20200711;000000;1798.3;0
Gold;D;20200712;000000;1798.3;0
Gold;D;20200713;000000;1803.98;0
Gold;D;20200714;000000;1808.9;0
Gold;D;20200715;000000;1810.91;0
Gold;D;20200716;000000;1797.35;0
Gold;D;20200717;000000;1808.994;0
Gold;D;20200718;000000;1808.9;0
Gold;D;20200719;000000;1808.9;0
Gold;D;20200720;000000;1817.4;0
Gold;D;20200721;000000;1841.465;0
Gold;D;20200722;000000;1871.255;0
Gold;D;20200723;000000;1887.24;0
Gold;D;20200724;000000;1900.845;0
Gold;D;20200725;000000;1900.6;0
Gold;D;20200726;000000;1900.6;0
Gold;D;20200727;000000;1943.42;0
Gold;D;20200728;000000;1957.98;0
Gold;D;20200729;000000;1970.77;0
Gold;D;20200730;000000;1956.2;0
Gold;D;20200731;000000;1975.284;0
Gold;D;20200801;000000;1974.9;0
Gold;D;20200802;000000;1974.9;0
Gold;D;20200803;000000;1976.59;0
Gold;D;20200804;000000;2018.8;0
Gold;D;20200805;000000;2037.8;0
Gold;D;20200806;000000;2062.92;0
Gold;D;20200807;000000;2034.43;0
Gold;D;20200808;000000;2034.9;0
Gold;D;20200809;000000;2034.9;0
Gold;D;20200810;000000;2026.426;0
Gold;D;20200811;000000;1911.27;0
Gold;D;20200812;000000;1915.82;0
Gold;D;20200813;000000;1953.97;0
Gold;D;20200814;000000;1943.705;0
Gold;D;20200815;000000;1943.61;0
Gold;D;20200816;000000;1943.61;0
Gold;D;20200817;000000;1985.24;0
Gold;D;20200818;000000;2001.55;0
Gold;D;20200819;000000;1928.61;0
Gold;D;20200820;000000;1946.57;0
Gold;D;20200821;000000;1939.647;0
Gold;D;20200822;000000;1939.647;0
Gold;D;20200823;000000;1939.2;0
Gold;D;20200824;000000;1927.79;0
Gold;D;20200825;000000;1927.485;0
Gold;D;20200826;000000;1954.01;0
Gold;D;20200827;000000;1929.054;0
Gold;D;20200828;000000;1963.812;0
Gold;D;20200829;000000;1964.5;0
Gold;D;20200830;000000;1964.5;0
Gold;D;20200831;000000;1966.83;0
Gold;D;20200901;000000;1969.31;0
Gold;D;20200902;000000;1941.21;0
Gold;D;20200903;000000;1931.86;0
Gold;D;20200904;000000;1933.298;0
Gold;D;20200905;000000;1932.8;0
Gold;D;20200906;000000;1932.8;0
Gold;D;20200907;000000;1927.94;0
Gold;D;20200908;000000;1931.548;0
Gold;D;20200909;000000;1945.9;0
Gold;D;20200910;000000;1945.87;0
Gold;D;20200911;000000;1939.645;0
Gold;D;20200912;000000;1939.4;0
Gold;D;20200913;000000;1939.4;0
Gold;D;20200914;000000;1955.36;0
Gold;D;20200915;000000;1954.57;0
Gold;D;20200916;000000;1956.7;0
Gold;D;20200917;000000;1943.82;0
Gold;D;20200918;000000;1949.718;0
Gold;D;20200919;000000;1950.3;0
Gold;D;20200920;000000;1950.3;0
Gold;D;20200921;000000;1912.1;0
Gold;D;20200922;000000;1899.848;0
Gold;D;20200923;000000;1862.918;0
Gold;D;20200924;000000;1867.4;0
Gold;D;20200925;000000;1860.998;0
Gold;D;20200926;000000;1860;0
Gold;D;20200927;000000;1860;0
Gold;D;20200928;000000;1880.94;0
Gold;D;20200929;000000;1897.97;0
Gold;D;20200930;000000;1885.81;0
Gold;D;20201001;000000;1905.778;0
Gold;D;20201002;000000;1898.958;0
Gold;D;20201003;000000;1898.7;0
Gold;D;20201004;000000;1898.7;0
Gold;D;20201005;000000;1912.88;0
Gold;D;20201006;000000;1876.34;0
Gold;D;20201007;000000;1886.55;0
Gold;D;20201008;000000;1893.588;0
Gold;D;20201009;000000;1929.485;0
Gold;D;20201010;000000;1929.4;0
Gold;D;20201011;000000;1929.4;0
Gold;D;20201012;000000;1922.035;0
Gold;D;20201013;000000;1890.313;0
Gold;D;20201014;000000;1901.448;0
Gold;D;20201015;000000;1907.993;0
Gold;D;20201016;000000;1898.594;0
Gold;D;20201017;000000;1898.594;0
Gold;D;20201018;000000;1898.4;0
Gold;D;20201019;000000;1903.645;0
Gold;D;20201020;000000;1906.2;0
Gold;D;20201021;000000;1923.939;0
Gold;D;20201022;000000;1903.46;0
Gold;D;20201023;000000;1901.174;0
Gold;D;20201024;000000;1901.174;0
Gold;D;20201025;000000;1906.6;0
Gold;D;20201026;000000;1901.33;0
Gold;D;20201027;000000;1907.7;0
Gold;D;20201028;000000;1876.43;0
Gold;D;20201029;000000;1867.43;0
Gold;D;20201030;000000;1878.305;0
Gold;D;20201031;000000;1877.9;0
Gold;D;20201101;000000;1878.74;0
Gold;D;20201102;000000;1895.198;0
Gold;D;20201103;000000;1906.19;0
Gold;D;20201104;000000;1904.85;0
Gold;D;20201105;000000;1948.624;0
Gold;D;20201106;000000;1952.2;0
Gold;D;20201107;000000;1950.984;0
Gold;D;20201108;000000;1950.8;0
Gold;D;20201109;000000;1865.435;0
Gold;D;20201110;000000;1872.644;0
Gold;D;20201111;000000;1863.725;0
Gold;D;20201112;000000;1875.215;0
Gold;D;20201113;000000;1888.12;0
Gold;D;20201114;000000;1889.4;0
Gold;D;20201115;000000;1889.22;0
Gold;D;20201116;000000;1887.428;0
Gold;D;20201117;000000;1881.09;0
Gold;D;20201118;000000;1870.35;0
Gold;D;20201119;000000;1866.953;0
Gold;D;20201120;000000;1872.864;0
Gold;D;20201121;000000;1869.1;0
Gold;D;20201122;000000;1869.1;0
Gold;D;20201123;000000;1836.04;0
Gold;D;20201124;000000;1807.486;0
Gold;D;20201125;000000;1806.546;0
Gold;D;20201126;000000;1808.12;0
Gold;D;20201127;000000;1787.5;0
Gold;D;20201128;000000;1787.5;0
Gold;D;20201129;000000;1799.8;0
Gold;D;20201130;000000;1776.11;0
Gold;D;20201201;000000;1814.2;0
Gold;D;20201202;000000;1827.91;0
Gold;D;20201203;000000;1841.95;0
Gold;D;20201204;000000;1836.83;0
Gold;D;20201205;000000;1838.5;0
Gold;D;20201206;000000;1838.56;0
Gold;D;20201207;000000;1863.73;0
Gold;D;20201208;000000;1870.57;0
Gold;D;20201209;000000;1838.09;0
Gold;D;20201210;000000;1835.31;0
Gold;D;20201211;000000;1839.09;0
Gold;D;20201212;000000;1837.5;0
Gold;D;20201213;000000;1839.33;0
Gold;D;20201214;000000;1828.265;0
Gold;D;20201215;000000;1854.25;0
Gold;D;20201216;000000;1864.314;0
Gold;D;20201217;000000;1884.53;0
Gold;D;20201218;000000;1881.31;0
Gold;D;20201219;000000;1881.4;0
Gold;D;20201220;000000;1881.26;0
Gold;D;20201221;000000;1875.434;0
Gold;D;20201222;000000;1860.89;0
Gold;D;20201223;000000;1872.72;0
Gold;D;20201224;000000;1878.97;0
Gold;D;20201225;000000;1878.97;0
Gold;D;20201226;000000;1878.97;0
Gold;D;20201227;000000;1879.19;0
Gold;D;20201228;000000;1873.2;0
Gold;D;20201229;000000;1879.06;0
Gold;D;20201230;000000;1893.245;0
Gold;D;20201231;000000;1900.84;0
Gold;D;20210101;000000;1897.9;0
Gold;D;20210102;000000;1897.9;0
Gold;D;20210103;000000;1898.07;0
Gold;D;20210104;000000;1943.55;0
Gold;D;20210105;000000;1949.446;0
Gold;D;20210106;000000;1918.17;0
Gold;D;20210107;000000;1913.56;0
Gold;D;20210108;000000;1847.744;0
Gold;D;20210109;000000;1847.8;0
Gold;D;20210110;000000;1849.48;0
Gold;D;20210111;000000;1844.83;0
Gold;D;20210112;000000;1856.17;0
Gold;D;20210113;000000;1848.54;0
Gold;D;20210114;000000;1847.675;0
Gold;D;20210115;000000;1825.31;0
Gold;D;20210116;000000;1827.635;0
Gold;D;20210117;000000;1828.12;0
Gold;D;20210118;000000;1836.7;0
Gold;D;20210119;000000;1840.399;0
Gold;D;20210120;000000;1870.16;0
Gold;D;20210121;000000;1869.278;0
Gold;D;20210122;000000;1854.08;0
Gold;D;20210123;000000;1854.8;0
Gold;D;20210124;000000;1855.32;0
Gold;D;20210125;000000;1855.88;0
Gold;D;20210126;000000;1851.435;0
Gold;D;20210127;000000;1840.585;0
Gold;D;20210128;000000;1841.432;0
Gold;D;20210129;000000;1842.045;0
Gold;D;20210130;000000;1846.69;0
Gold;D;20210131;000000;1847.56;0
Gold;D;20210201;000000;1858.72;0
Gold;D;20210202;000000;1836.02;0
Gold;D;20210203;000000;1832.88;0
Gold;D;20210204;000000;1793.61;0
Gold;D;20210205;000000;1811.146;0
Gold;D;20210206;000000;1812.98;0
Gold;D;20210207;000000;1813.94;0
Gold;D;20210208;000000;1829.63;0
Gold;D;20210209;000000;1835.79;0
Gold;D;20210210;000000;1835.79;0
Gold;D;20210211;000000;1835.79;0
Gold;D;20210212;000000;1821.1;0
Gold;D;20210213;000000;1823.13;0
Gold;D;20210214;000000;1824.36;0
Gold;D;20210215;000000;1817.46;0
Gold;D;20210216;000000;1795.155;0
Gold;D;20210217;000000;1774.1;0
Gold;D;20210218;000000;1774.266;0
Gold;D;20210219;000000;1781.544;0
Gold;D;20210220;000000;1783.346;0
Gold;D;20210221;000000;1783.89;0
Gold;D;20210222;000000;1808.318;0
Gold;D;20210223;000000;1804.53;0
Gold;D;20210224;000000;1802.93;0
Gold;D;20210225;000000;1769.24;0
Gold;D;20210226;000000;1726.869;0
Gold;D;20210227;000000;1732.526;0
Gold;D;20210228;000000;1734.29;0
Gold;D;20210301;000000;1723.775;0
Gold;D;20210302;000000;1732.93;0
Gold;D;20210303;000000;1714.115;0
Gold;D;20210304;000000;1696.57;0
Gold;D;20210305;000000;1697.8;0
Gold;D;20210306;000000;1698.636;0
Gold;D;20210307;000000;1700.7;0
Gold;D;20210308;000000;1680.476;0
Gold;D;20210309;000000;1715.97;0
Gold;D;20210310;000000;1725.385;0
Gold;D;20210311;000000;1723.54;0
Gold;D;20210312;000000;1723.29;0
Gold;D;20210313;000000;1726.958;0
Gold;D;20210314;000000;1726.76;0
Gold;D;20210315;000000;1731.55;0
Gold;D;20210316;000000;1731.49;0
Gold;D;20210317;000000;1745.15;0
Gold;D;20210318;000000;1736.68;0
Gold;D;20210319;000000;1744.858;0
Gold;D;20210320;000000;1744.858;0
Gold;D;20210321;000000;1725.5;0
Gold;D;20210322;000000;1738.648;0
Gold;D;20210323;000000;1726.81;0
Gold;D;20210324;000000;1734.62;0
Gold;D;20210325;000000;1726.7;0
Gold;D;20210326;000000;1731.808;0
Gold;D;20210327;000000;1730.9;0
Gold;D;20210328;000000;1720.5;0
Gold;D;20210329;000000;1712.028;0
Gold;D;20210330;000000;1684.91;0
Gold;D;20210331;000000;1706.8;0
Gold;D;20210401;000000;1728.33;0
Gold;D;20210402;000000;1734.82;0
Gold;D;20210403;000000;1734.82;0
Gold;D;20210404;000000;1734.82;0
Gold;D;20210405;000000;1728.09;0
Gold;D;20210406;000000;1742.668;0
Gold;D;20210407;000000;1737.39;0
Gold;D;20210408;000000;1755.64;0
Gold;D;20210409;000000;1743.128;0
Gold;D;20210410;000000;1744.2;0
Gold;D;20210411;000000;1744.2;0
Gold;D;20210412;000000;1731.9;0
Gold;D;20210413;000000;1745.13;0
Gold;D;20210414;000000;1736.09;0
Gold;D;20210415;000000;1763.69;0
Gold;D;20210416;000000;1775.748;0
Gold;D;20210417;000000;1775.85;0
Gold;D;20210418;000000;1775.85;0
Gold;D;20210419;000000;1771.12;0
Gold;D;20210420;000000;1778.64;0
Gold;D;20210421;000000;1793.24;0
Gold;D;20210422;000000;1783.5;0
Gold;D;20210423;000000;1776.588;0
Gold;D;20210424;000000;1777.1;0
Gold;D;20210425;000000;1777.1;0
Gold;D;20210426;000000;1780.39;0
Gold;D;20210427;000000;1776.53;0
Gold;D;20210428;000000;1780.978;0
Gold;D;20210429;000000;1771.608;0
Gold;D;20210430;000000;1768.76;0
Gold;D;20210501;000000;1768.76;0
Gold;D;20210502;000000;1768.76;0
Gold;D;20210503;000000;1791.91;0
Gold;D;20210504;000000;1778.62;0
Gold;D;20210505;000000;1785.586;0
Gold;D;20210506;000000;1814.68;0
Gold;D;20210507;000000;1831.12;0
Gold;D;20210508;000000;1831.12;0
Gold;D;20210509;000000;1831.12;0
Gold;D;20210510;000000;1835.81;0
Gold;D;20210511;000000;1837.26;0
Gold;D;20210512;000000;1815.1;0
Gold;D;20210513;000000;1825.43;0
Gold;D;20210514;000000;1843.1;0
Gold;D;20210515;000000;1842.1;0
Gold;D;20210516;000000;1831.4;0
Gold;D;20210517;000000;1866.5;0
Gold;D;20210518;000000;1869.39;0
Gold;D;20210519;000000;1869.61;0
Gold;D;20210520;000000;1876.96;0
Gold;D;20210521;000000;1881.18;0
Gold;D;20210522;000000;1880.3;0
Gold;D;20210523;000000;1880.3;0
Gold;D;20210524;000000;1880.7;0
Gold;D;20210525;000000;1898.9;0
Gold;D;20210526;000000;1896.37;0
Gold;D;20210527;000000;1896.42;0
Gold;D;20210528;000000;1902.648;0
Gold;D;20210529;000000;1902.6;0
Gold;D;20210530;000000;1908.8;0
Gold;D;20210531;000000;1904.84;0
Gold;D;20210601;000000;1899.83;0
Gold;D;20210602;000000;1908;0
Gold;D;20210603;000000;1870.61;0
Gold;D;20210604;000000;1890.708;0
Gold;D;20210605;000000;1889.9;0
Gold;D;20210606;000000;1889.9;0
Gold;D;20210607;000000;1898.7;0
Gold;D;20210608;000000;1892.428;0
Gold;D;20210609;000000;1888.43;0
Gold;D;20210610;000000;1897.9;0
Gold;D;20210611;000000;1876.958;0
Gold;D;20210612;000000;1876.6;0
Gold;D;20210613;000000;1877.2;0
Gold;D;20210614;000000;1866.04;0
Gold;D;20210615;000000;1858.67;0
Gold;D;20210616;000000;1811.408;0
Gold;D;20210617;000000;1773.24;0
Gold;D;20210618;000000;1763.198;0
Gold;D;20210619;000000;1763.3;0
Gold;D;20210620;000000;1763.3;0
Gold;D;20210621;000000;1783.07;0
Gold;D;20210622;000000;1778.55;0
Gold;D;20210623;000000;1778.81;0
Gold;D;20210624;000000;1774.6;0
Gold;D;20210625;000000;1780.938;0
Gold;D;20210626;000000;1780.3;0
Gold;D;20210627;000000;1780.3;0
Gold;D;20210628;000000;1777.85;0
Gold;D;20210629;000000;1759.99;0
Gold;D;20210630;000000;1769.7;0
Gold;D;20210701;000000;1776.66;0
Gold;D;20210702;000000;1787.3;0
Gold;D;20210703;000000;1787.3;0
Gold;D;20210704;000000;1780.4;0
Gold;D;20210705;000000;1791.66;0
Gold;D;20210706;000000;1796.6;0
Gold;D;20210707;000000;1803.42;0
Gold;D;20210708;000000;1802.67;0
Gold;D;20210709;000000;1808.014;0
Gold;D;20210710;000000;1807.9;0
Gold;D;20210711;000000;1807.9;0
Gold;D;20210712;000000;1805.578;0
Gold;D;20210713;000000;1807.288;0
Gold;D;20210714;000000;1826.59;0
Gold;D;20210715;000000;1829.21;0
Gold;D;20210716;000000;1811.614;0
Gold;D;20210717;000000;1810.8;0
Gold;D;20210718;000000;1828.4;0
Gold;D;20210719;000000;1812.02;0
Gold;D;20210720;000000;1809.878;0
Gold;D;20210721;000000;1803.078;0
Gold;D;20210722;000000;1806.63;0
Gold;D;20210723;000000;1801.722;0
Gold;D;20210724;000000;1801.3;0
Gold;D;20210725;000000;1801.3;0
Gold;D;20210726;000000;1797.23;0
Gold;D;20210727;000000;1798.59;0
Gold;D;20210728;000000;1806.72;0
Gold;D;20210729;000000;1827.738;0
Gold;D;20210730;000000;1813.398;0
Gold;D;20210731;000000;1814.15;0
Gold;D;20210801;000000;1814.15;0
Gold;D;20210802;000000;1813.23;0
Gold;D;20210803;000000;1810.15;0
Gold;D;20210804;000000;1811.4;0
Gold;D;20210805;000000;1804.248;0
Gold;D;20210806;000000;1762.568;0
Gold;D;20210807;000000;1762.6;0
Gold;D;20210808;000000;1762.6;0
Gold;D;20210809;000000;1729.51;0
Gold;D;20210810;000000;1728.7;0
Gold;D;20210811;000000;1751.48;0
Gold;D;20210812;000000;1752.6;0
Gold;D;20210813;000000;1779.255;0
Gold;D;20210814;000000;1779.218;0
Gold;D;20210815;000000;1779.218;0
Gold;D;20210816;000000;1787.03;0
Gold;D;20210817;000000;1785.69;0
Gold;D;20210818;000000;1787.155;0
Gold;D;20210819;000000;1780.11;0
Gold;D;20210820;000000;1780.458;0
Gold;D;20210821;000000;1780.66;0
Gold;D;20210822;000000;1791.6;0
Gold;D;20210823;000000;1805.17;0
Gold;D;20210824;000000;1802.42;0
Gold;D;20210825;000000;1790.84;0
Gold;D;20210826;000000;1792.04;0
Gold;D;20210827;000000;1816.55;0
Gold;D;20210828;000000;1816.52;0
Gold;D;20210829;000000;1816.52;0
Gold;D;20210830;000000;1809.85;0
Gold;D;20210831;000000;1812.7;0
Gold;D;20210901;000000;1813.86;0
Gold;D;20210902;000000;1809.225;0
Gold;D;20210903;000000;1827.288;0
Gold;D;20210904;000000;1826.1;0
Gold;D;20210905;000000;1826.1;0
Gold;D;20210906;000000;1823.04;0
Gold;D;20210907;000000;1793.955;0
Gold;D;20210908;000000;1788.888;0
Gold;D;20210909;000000;1794.108;0
Gold;D;20210910;000000;1786.8;0
Gold;D;20210911;000000;1787.52;0
Gold;D;20210912;000000;1787.52;0
Gold;D;20210913;000000;1793.318;0
Gold;D;20210914;000000;1804.44;0
Gold;D;20210915;000000;1793.33;0
Gold;D;20210916;000000;1753.4;0
Gold;D;20210917;000000;1754.3;0
Gold;D;20210918;000000;1753.4;0
Gold;D;20210919;000000;1753.4;0
Gold;D;20210920;000000;1764.02;0
Gold;D;20210921;000000;1773.8;0
Gold;D;20210922;000000;1767.99;0
Gold;D;20210923;000000;1742.178;0
Gold;D;20210924;000000;1749.976;0
Gold;D;20210925;000000;1749.976;0
Gold;D;20210926;000000;1749.976;0
Gold;D;20210927;000000;1749.766;0
Gold;D;20210928;000000;1733.598;0
Gold;D;20210929;000000;1726.26;0
Gold;D;20210930;000000;1756.348;0
Gold;D;20211001;000000;1760.098;0
Gold;D;20211002;000000;1760.65;0
Gold;D;20211003;000000;1759.5;0
Gold;D;20211004;000000;1768.916;0
Gold;D;20211005;000000;1759.88;0
Gold;D;20211006;000000;1762.72;0
Gold;D;20211007;000000;1755.518;0
Gold;D;20211008;000000;1756.608;0
Gold;D;20211009;000000;1756.63;0
Gold;D;20211010;000000;1755.6;0
Gold;D;20211011;000000;1754.14;0
Gold;D;20211012;000000;1759.96;0
Gold;D;20211013;000000;1792.474;0
Gold;D;20211014;000000;1795.498;0
Gold;D;20211015;000000;1766.453;0
Gold;D;20211016;000000;1766.453;0
Gold;D;20211017;000000;1766.5;0
Gold;D;20211018;000000;1764.86;0
Gold;D;20211019;000000;1769.15;0
Gold;D;20211020;000000;1781.838;0
Gold;D;20211021;000000;1782.66;0
Gold;D;20211022;000000;1792.28;0
Gold;D;20211023;000000;1792.28;0
Gold;D;20211024;000000;1792.28;0
Gold;D;20211025;000000;1807.378;0
Gold;D;20211026;000000;1792.278;0
Gold;D;20211027;000000;1796.353;0
Gold;D;20211028;000000;1798.436;0
Gold;D;20211029;000000;1782.763;0
Gold;D;20211030;000000;1782.763;0
Gold;D;20211031;000000;1782.763;0
Gold;D;20211101;000000;1792.988;0
Gold;D;20211102;000000;1787.65;0
Gold;D;20211103;000000;1771.17;0
Gold;D;20211104;000000;1791.846;0
Gold;D;20211105;000000;1817.423;0
Gold;D;20211106;000000;1816.7;0
Gold;D;20211107;000000;1816.7;0
Gold;D;20211108;000000;1823.88;0
Gold;D;20211109;000000;1832.243;0
Gold;D;20211110;000000;1852.574;0
Gold;D;20211111;000000;1862.532;0
Gold;D;20211112;000000;1865.845;0
Gold;D;20211113;000000;1864.74;0
Gold;D;20211114;000000;1863.9;0
Gold;D;20211115;000000;1863.203;0
Gold;D;20211116;000000;1850.527;0
Gold;D;20211117;000000;1866.664;0
Gold;D;20211118;000000;1860.847;0
Gold;D;20211119;000000;1846.87;0
Gold;D;20211120;000000;1845.295;0
Gold;D;20211121;000000;1844.8;0
Gold;D;20211122;000000;1805.118;0
Gold;D;20211123;000000;1790.215;0
Gold;D;20211124;000000;1787.92;0
Gold;D;20211125;000000;1788.5;0
Gold;D;20211126;000000;1791.6;0
Gold;D;20211127;000000;1791.6;0
Gold;D;20211128;000000;1791.6;0
Gold;D;20211129;000000;1783.666;0
Gold;D;20211130;000000;1770.94;0
Gold;D;20211201;000000;1778.53;0
Gold;D;20211202;000000;1767.664;0
Gold;D;20211203;000000;1782.86;0
Gold;D;20211204;000000;1782.3;0
Gold;D;20211205;000000;1782.3;0
Gold;D;20211206;000000;1779.074;0
Gold;D;20211207;000000;1785.21;0
Gold;D;20211208;000000;1785.555;0
Gold;D;20211209;000000;1775.15;0
Gold;D;20211210;000000;1782.699;0
Gold;D;20211211;000000;1782.446;0
Gold;D;20211212;000000;1781.7;0
Gold;D;20211213;000000;1787.128;0
Gold;D;20211214;000000;1770.908;0
Gold;D;20211215;000000;1777.6;0
Gold;D;20211216;000000;1799.098;0
Gold;D;20211217;000000;1795.97;0
Gold;D;20211218;000000;1797.933;0
Gold;D;20211219;000000;1796.9;0
Gold;D;20211220;000000;1788.439;0
Gold;D;20211221;000000;1787.98;0
Gold;D;20211222;000000;1804.898;0
Gold;D;20211223;000000;1808.758;0
Gold;D;20211224;000000;1801.9;0
Gold;D;20211225;000000;1801.9;0
Gold;D;20211226;000000;1801.9;0
Gold;D;20211227;000000;1812.498;0
Gold;D;20211228;000000;1805.495;0
Gold;D;20211229;000000;1804.26;0
Gold;D;20211230;000000;1816.7;0
Gold;D;20211231;000000;1829.365;0
Gold;D;20220101;000000;1829.24;0
Gold;D;20220102;000000;1828;0
Gold;D;20220103;000000;1801.61;0
Gold;D;20220104;000000;1815.192;0
Gold;D;20220105;000000;1809.968;0
Gold;D;20220106;000000;1787.8;0
Gold;D;20220107;000000;1795.728;0
Gold;D;20220108;000000;1795.92;0
Gold;D;20220109;000000;1778.5;0
Gold;D;20220110;000000;1800.97;0
Gold;D;20220111;000000;1823.14;0
Gold;D;20220112;000000;1827.3;0
Gold;D;20220113;000000;1821.834;0
Gold;D;20220114;000000;1816.43;0
Gold;D;20220115;000000;1816.7;0
Gold;D;20220116;000000;1816.7;0
Gold;D;20220117;000000;1818.52;0
Gold;D;20220118;000000;1813.618;0
Gold;D;20220119;000000;1842.598;0
Gold;D;20220120;000000;1837.838;0
Gold;D;20220121;000000;1831.866;0
Gold;D;20220122;000000;1832.6;0
Gold;D;20220123;000000;1832.6;0
Gold;D;20220124;000000;1841.455;0
Gold;D;20220125;000000;1847.39;0
Gold;D;20220126;000000;1817.67;0
Gold;D;20220127;000000;1794.86;0
Gold;D;20220128;000000;1788.73;0
Gold;D;20220129;000000;1795;0
Gold;D;20220130;000000;1795;0
Gold;D;20220131;000000;1799.7;0
Gold;D;20220201;000000;1801.113;0
Gold;D;20220202;000000;1807.515;0
Gold;D;20220203;000000;1805.49;0
Gold;D;20220204;000000;1807.97;0
Gold;D;20220205;000000;1807.61;0
Gold;D;20220206;000000;1805.8;0
Gold;D;20220207;000000;1821.3;0
Gold;D;20220208;000000;1826.86;0
Gold;D;20220209;000000;1833.18;0
Gold;D;20220210;000000;1827.09;0
Gold;D;20220211;000000;1861.09;0
Gold;D;20220212;000000;1858.44;0
Gold;D;20220213;000000;1858.44;0
Gold;D;20220214;000000;1871.79;0
Gold;D;20220215;000000;1852.9;0
Gold;D;20220216;000000;1872.27;0
Gold;D;20220217;000000;1898.49;0
Gold;D;20220218;000000;1896.865;0
Gold;D;20220219;000000;1894.4;0
Gold;D;20220220;000000;1894.4;0
Gold;D;20220221;000000;1904.33;0
Gold;D;20220222;000000;1900.56;0
Gold;D;20220223;000000;1909.26;0
Gold;D;20220224;000000;1897.49;0
Gold;D;20220225;000000;1890.74;0
Gold;D;20220226;000000;1888.7;0
Gold;D;20220227;000000;1888.8;0
Gold;D;20220228;000000;1909.77;0
Gold;D;20220301;000000;1945.08;0
Gold;D;20220302;000000;1925.09;0
Gold;D;20220303;000000;1936.73;0
Gold;D;20220304;000000;1967.294;0
Gold;D;20220305;000000;1973.5;0
Gold;D;20220306;000000;1973.5;0
Gold;D;20220307;000000;1997.07;0
Gold;D;20220308;000000;2050.99;0
Gold;D;20220309;000000;1990.86;0
Gold;D;20220310;000000;1997.02;0
Gold;D;20220311;000000;1982.57;0
Gold;D;20220312;000000;1987.4;0
Gold;D;20220313;000000;1987.4;0
Gold;D;20220314;000000;1950.498;0
Gold;D;20220315;000000;1917.71;0
Gold;D;20220316;000000;1927.07;0
Gold;D;20220317;000000;1942.4;0
Gold;D;20220318;000000;1921.198;0
Gold;D;20220319;000000;1921.198;0
Gold;D;20220320;000000;1921.198;0
Gold;D;20220321;000000;1935.64;0
Gold;D;20220322;000000;1921.328;0
Gold;D;20220323;000000;1944.068;0
Gold;D;20220324;000000;1957.609;0
Gold;D;20220325;000000;1957.688;0
Gold;D;20220326;000000;1957.69;0
Gold;D;20220327;000000;1957.4;0
Gold;D;20220328;000000;1922.58;0
Gold;D;20220329;000000;1919.262;0
Gold;D;20220330;000000;1932.468;0
Gold;D;20220331;000000;1936.788;0
Gold;D;20220401;000000;1924.778;0
Gold;D;20220402;000000;1924.3;0
Gold;D;20220403;000000;1924.3;0
Gold;D;20220404;000000;1932.668;0
Gold;D;20220405;000000;1923.6;0
Gold;D;20220406;000000;1924.988;0
Gold;D;20220407;000000;1931.518;0
Gold;D;20220408;000000;1946.932;0
Gold;D;20220409;000000;1945.8;0
Gold;D;20220410;000000;1945.8;0
Gold;D;20220411;000000;1953.2;0
Gold;D;20220412;000000;1966.476;0
Gold;D;20220413;000000;1977.4;0
Gold;D;20220414;000000;1973.4;0
Gold;D;20220415;000000;1974.4;0
Gold;D;20220416;000000;1974.4;0
Gold;D;20220417;000000;1974.4;0
Gold;D;20220418;000000;1978.6;0
Gold;D;20220419;000000;1949.914;0
Gold;D;20220420;000000;1957.41;0
Gold;D;20220421;000000;1951.266;0
Gold;D;20220422;000000;1930.708;0
Gold;D;20220423;000000;1929.7;0
Gold;D;20220424;000000;1929.7;0
Gold;D;20220425;000000;1897.548;0
Gold;D;20220426;000000;1905.047;0
Gold;D;20220427;000000;1885.5;0
Gold;D;20220428;000000;1894.228;0
Gold;D;20220429;000000;1895.638;0
Gold;D;20220430;000000;1895.638;0
Gold;D;20220501;000000;1895.638;0
Gold;D;20220502;000000;1862.687;0
Gold;D;20220503;000000;1867.8;0
Gold;D;20220504;000000;1881.068;0
Gold;D;20220505;000000;1876.7;0
Gold;D;20220506;000000;1883.148;0
Gold;D;20220507;000000;1882.99;0
Gold;D;20220508;000000;1864;0
Gold;D;20220509;000000;1853.5;0
Gold;D;20220510;000000;1838.09;0
Gold;D;20220511;000000;1852.058;0
Gold;D;20220512;000000;1821.588;0
Gold;D;20220513;000000;1810.678;0
Gold;D;20220514;000000;1810.678;0
Gold;D;20220515;000000;1811.45;0
Gold;D;20220516;000000;1823.7;0
Gold;D;20220517;000000;1814.878;0
Gold;D;20220518;000000;1816.288;0
Gold;D;20220519;000000;1841.6;0
Gold;D;20220520;000000;1845.738;0
Gold;D;20220521;000000;1845.6;0
Gold;D;20220522;000000;1846.29;0
Gold;D;20220523;000000;1853.248;0
Gold;D;20220524;000000;1866.278;0
Gold;D;20220525;000000;1853.218;0
Gold;D;20220526;000000;1850.378;0
Gold;D;20220527;000000;1852.838;0
Gold;D;20220528;000000;1852.838;0
Gold;D;20220529;000000;1853.38;0
Gold;D;20220530;000000;1855.5;0
Gold;D;20220531;000000;1837.048;0
Gold;D;20220601;000000;1846.208;0
Gold;D;20220602;000000;1868.38;0
Gold;D;20220603;000000;1850.338;0
Gold;D;20220604;000000;1851.04;0
Gold;D;20220605;000000;1851.04;0
Gold;D;20220606;000000;1841.1;0
Gold;D;20220607;000000;1851.9;0
Gold;D;20220608;000000;1853.098;0
Gold;D;20220609;000000;1847.91;0
Gold;D;20220610;000000;1871.51;0
Gold;D;20220611;000000;1870.9;0
Gold;D;20220612;000000;1871.28;0
Gold;D;20220613;000000;1819.13;0
Gold;D;20220614;000000;1808.198;0
Gold;D;20220615;000000;1833.798;0
Gold;D;20220616;000000;1857.208;0
Gold;D;20220617;000000;1838.778;0
Gold;D;20220618;000000;1839.3;0
Gold;D;20220619;000000;1839.3;0
Gold;D;20220620;000000;1837.8;0
Gold;D;20220621;000000;1832.5;0
Gold;D;20220622;000000;1837.5;0
Gold;D;20220623;000000;1822.608;0
Gold;D;20220624;000000;1825.898;0
Gold;D;20220625;000000;1826.1;0
Gold;D;20220626;000000;1827.16;0
Gold;D;20220627;000000;1822.3;0
Gold;D;20220628;000000;1819.708;0
Gold;D;20220629;000000;1817.418;0
Gold;D;20220630;000000;1807.138;0
Gold;D;20220701;000000;1810.598;0
Gold;D;20220702;000000;1810.1;0
Gold;D;20220703;000000;1810.56;0
Gold;D;20220704;000000;1807.23;0
Gold;D;20220705;000000;1764.518;0
Gold;D;20220706;000000;1738.683;0
Gold;D;20220707;000000;1739.8;0
Gold;D;20220708;000000;1741.838;0
Gold;D;20220709;000000;1741.8;0
Gold;D;20220710;000000;1742.09;0
Gold;D;20220711;000000;1734;0
Gold;D;20220712;000000;1725.6;0
Gold;D;20220713;000000;1735.339;0
Gold;D;20220714;000000;1709.788;0
Gold;D;20220715;000000;1707.798;0
Gold;D;20220716;000000;1706.7;0
Gold;D;20220717;000000;1707.55;0
Gold;D;20220718;000000;1709.018;0
Gold;D;20220719;000000;1711.3;0
Gold;D;20220720;000000;1696.469;0
Gold;D;20220721;000000;1718.578;0
Gold;D;20220722;000000;1726.618;0
Gold;D;20220723;000000;1726.4;0
Gold;D;20220724;000000;1726.4;0
Gold;D;20220725;000000;1719.529;0
Gold;D;20220726;000000;1716.9;0
Gold;D;20220727;000000;1733.4;0
Gold;D;20220728;000000;1755.4;0
Gold;D;20220729;000000;1765.337;0
Gold;D;20220730;000000;1765.337;0
Gold;D;20220731;000000;1765.337;0
Gold;D;20220801;000000;1765.337;0
Gold;D;20220802;000000;1760;0
Gold;D;20220803;000000;1765.099;0
Gold;D;20220804;000000;1791.199;0
Gold;D;20220805;000000;1774.718;0
Gold;D;20220806;000000;1774.1;0
Gold;D;20220807;000000;1774.99;0
Gold;D;20220808;000000;1788.726;0
Gold;D;20220809;000000;1793.9;0
Gold;D;20220810;000000;1792.159;0
Gold;D;20220811;000000;1789.3;0
Gold;D;20220812;000000;1801.3;0
Gold;D;20220813;000000;1801.97;0
Gold;D;20220814;000000;1801.97;0
Gold;D;20220815;000000;1779.428;0
Gold;D;20220816;000000;1775.698;0
Gold;D;20220817;000000;1761.629;0
Gold;D;20220818;000000;1758.226;0
Gold;D;20220819;000000;1746.498;0
Gold;D;20220820;000000;1746.96;0
Gold;D;20220821;000000;1746.96;0
Gold;D;20220822;000000;1735.9;0
Gold;D;20220823;000000;1747.959;0
Gold;D;20220824;000000;1750.7;0
Gold;D;20220825;000000;1758.468;0
Gold;D;20220826;000000;1737.338;0
Gold;D;20220827;000000;1736.8;0
Gold;D;20220828;000000;1737.56;0
Gold;D;20220829;000000;1737.029;0
Gold;D;20220830;000000;1723.959;0
Gold;D;20220831;000000;1710.8;0
Gold;D;20220901;000000;1697.2;0
Gold;D;20220902;000000;1711.278;0
Gold;D;20220903;000000;1711.4;0
Gold;D;20220904;000000;1712.25;0
Gold;D;20220905;000000;1709.78;0
Gold;D;20220906;000000;1701.928;0
Gold;D;20220907;000000;1717.998;0
Gold;D;20220908;000000;1708.42;0
Gold;D;20220909;000000;1715.938;0
Gold;D;20220910;000000;1716.05;0
Gold;D;20220911;000000;1717.49;0
Gold;D;20220912;000000;1724.368;0
Gold;D;20220913;000000;1701.87;0
Gold;D;20220914;000000;1697.34;0
Gold;D;20220915;000000;1664.99;0
Gold;D;20220916;000000;1675.914;0
Gold;D;20220917;000000;1674.02;0
Gold;D;20220918;000000;1675.24;0
Gold;D;20220919;000000;1672.029;0
Gold;D;20220920;000000;1664.78;0
Gold;D;20220921;000000;1673.628;0
Gold;D;20220922;000000;1670.958;0
Gold;D;20220923;000000;1643.598;0
Gold;D;20220924;000000;1643;0
Gold;D;20220925;000000;1643.29;0
Gold;D;20220926;000000;1622.19;0
Gold;D;20220927;000000;1628.82;0
Gold;D;20220928;000000;1659.79;0
Gold;D;20220929;000000;1660.43;0
Gold;D;20220930;000000;1660;0
Gold;D;20221001;000000;1660.73;0
Gold;D;20221002;000000;1660.73;0
Gold;D;20221003;000000;1699.608;0
Gold;D;20221004;000000;1726.028;0
Gold;D;20221005;000000;1716.128;0
Gold;D;20221006;000000;1712.41;0
Gold;D;20221007;000000;1694.458;0
Gold;D;20221008;000000;1693.7;0
Gold;D;20221009;000000;1694.69;0
Gold;D;20221010;000000;1668.448;0
Gold;D;20221011;000000;1666.29;0
Gold;D;20221012;000000;1672.515;0
Gold;D;20221013;000000;1666.33;0
Gold;D;20221014;000000;1643.618;0
Gold;D;20221015;000000;1643.78;0
Gold;D;20221016;000000;1643.77;0
Gold;D;20221017;000000;1649.808;0
Gold;D;20221018;000000;1651.88;0
Gold;D;20221019;000000;1629.25;0
Gold;D;20221020;000000;1627.89;0
Gold;D;20221021;000000;1657.25;0
Gold;D;20221022;000000;1656.6;0
Gold;D;20221023;000000;1657.66;0
Gold;D;20221024;000000;1649.2;0
Gold;D;20221025;000000;1653.05;0
Gold;D;20221026;000000;1664.61;0
Gold;D;20221027;000000;1663.06;0
Gold;D;20221028;000000;1644.28;0
Gold;D;20221029;000000;1644.3;0
Gold;D;20221030;000000;1644.3;0
Gold;D;20221031;000000;1633.2;0
Gold;D;20221101;000000;1647.9;0
Gold;D;20221102;000000;1635.17;0
Gold;D;20221103;000000;1629.31;0
Gold;D;20221104;000000;1681.34;0
Gold;D;20221105;000000;1680.2;0
Gold;D;20221106;000000;1681.11;0
Gold;D;20221107;000000;1674.42;0
Gold;D;20221108;000000;1711.98;0
Gold;D;20221109;000000;1704.42;0
Gold;D;20221110;000000;1755.848;0
Gold;D;20221111;000000;1767.67;0
Gold;D;20221112;000000;1771.198;0
Gold;D;20221113;000000;1771.23;0
Gold;D;20221114;000000;1771.93;0
Gold;D;20221115;000000;1778.3;0
Gold;D;20221116;000000;1774.052;0
Gold;D;20221117;000000;1760.772;0
Gold;D;20221118;000000;1748.51;0
Gold;D;20221119;000000;1750.398;0
Gold;D;20221120;000000;1750.56;0
Gold;D;20221121;000000;1739.13;0
Gold;D;20221122;000000;1740.358;0
Gold;D;20221123;000000;1751.078;0
Gold;D;20221124;000000;1754.74;0
Gold;D;20221125;000000;1754.5;0
Gold;D;20221126;000000;1754.26;0
Gold;D;20221127;000000;1754.47;0
Gold;D;20221128;000000;1739.792;0
Gold;D;20221129;000000;1748.58;0
Gold;D;20221130;000000;1769.702;0
Gold;D;20221201;000000;1803.288;0
Gold;D;20221202;000000;1797.39;0
Gold;D;20221203;000000;1797.248;0
Gold;D;20221204;000000;1797.59;0
Gold;D;20221205;000000;1766.598;0
Gold;D;20221206;000000;1771.52;0
Gold;D;20221207;000000;1787.02;0
Gold;D;20221208;000000;1788.5;0
Gold;D;20221209;000000;1794.91;0
Gold;D;20221210;000000;1797.41;0
Gold;D;20221211;000000;1797.41;0
Gold;D;20221212;000000;1780.229;0
Gold;D;20221213;000000;1810.1;0
Gold;D;20221214;000000;1806.545;0
Gold;D;20221215;000000;1776.892;0
Gold;D;20221216;000000;1792.11;0
Gold;D;20221217;000000;1791.83;0
Gold;D;20221218;000000;1791.83;0
Gold;D;20221219;000000;1787.12;0
Gold;D;20221220;000000;1817.1;0
Gold;D;20221221;000000;1814.2;0
Gold;D;20221222;000000;1791.859;0
Gold;D;20221223;000000;1797.58;0
Gold;D;20221224;000000;1797.688;0
Gold;D;20221225;000000;1797.688;0
Gold;D;20221226;000000;1797.21;0
Gold;D;20221227;000000;1812.75;0
Gold;D;20221228;000000;1804.268;0
Gold;D;20221229;000000;1814.445;0
Gold;D;20221230;000000;1823.37;0
Gold;D;20221231;000000;1823.58;0
Gold;D;20230101;000000;1823.58;0
Gold;D;20230102;000000;1823.53;0
Gold;D;20230103;000000;1838.14;0
Gold;D;20230104;000000;1855.659;0
Gold;D;20230105;000000;1832.87;0
Gold;D;20230106;000000;1866.93;0
Gold;D;20230107;000000;1865.91;0
Gold;D;20230108;000000;1865.81;0
Gold;D;20230109;000000;1871.17;0
Gold;D;20230110;000000;1877.987;0
Gold;D;20230111;000000;1876.405;0
Gold;D;20230112;000000;1898.616;0
Gold;D;20230113;000000;1920.68;0
Gold;D;20230114;000000;1920.25;0
Gold;D;20230115;000000;1920.15;0
Gold;D;20230116;000000;1915.6;0
Gold;D;20230117;000000;1909.02;0
Gold;D;20230118;000000;1903.317;0
Gold;D;20230119;000000;1933.46;0
Gold;D;20230120;000000;1927.015;0
Gold;D;20230121;000000;1925.82;0
Gold;D;20230122;000000;1925.82;0
Gold;D;20230123;000000;1931.19;0
Gold;D;20230124;000000;1937.87;0
Gold;D;20230125;000000;1946.726;0
Gold;D;20230126;000000;1929.56;0
Gold;D;20230127;000000;1926.45;0
Gold;D;20230128;000000;1927.286;0
Gold;D;20230129;000000;1927.98;0
Gold;D;20230130;000000;1921.96;0
Gold;D;20230131;000000;1928.44;0
Gold;D;20230201;000000;1953.46;0
Gold;D;20230202;000000;1912.789;0
Gold;D;20230203;000000;1864.568;0
Gold;D;20230204;000000;1864.9;0
Gold;D;20230205;000000;1864.9;0
Gold;D;20230206;000000;1868.39;0
Gold;D;20230207;000000;1870.25;0
Gold;D;20230208;000000;1875.43;0
Gold;D;20230209;000000;1860.66;0
Gold;D;20230210;000000;1864.118;0
Gold;D;20230211;000000;1865.14;0
Gold;D;20230212;000000;1865.14;0
Gold;D;20230213;000000;1854.28;0
Gold;D;20230214;000000;1855.8;0
Gold;D;20230215;000000;1837.8;0
Gold;D;20230216;000000;1836.33;0
Gold;D;20230217;000000;1841.83;0
Gold;D;20230218;000000;1841.73;0
Gold;D;20230219;000000;1841.73;0
Gold;D;20230220;000000;1840.9;0
Gold;D;20230221;000000;1834.5;0
Gold;D;20230222;000000;1824.57;0
Gold;D;20230223;000000;1823.51;0
Gold;D;20230224;000000;1810.88;0
Gold;D;20230225;000000;1809.87;0
Gold;D;20230226;000000;1809.87;0
Gold;D;20230227;000000;1817.09;0
Gold;D;20230228;000000;1826.5;0
Gold;D;20230301;000000;1837.17;0
Gold;D;20230302;000000;1836.02;0
Gold;D;20230303;000000;1855.17;0
Gold;D;20230304;000000;1855.84;0
Gold;D;20230305;000000;1856.3;0
Gold;D;20230306;000000;1846.505;0
Gold;D;20230307;000000;1813.86;0
Gold;D;20230308;000000;1812.9;0
Gold;D;20230309;000000;1830.64;0
Gold;D;20230310;000000;1869.71;0
Gold;D;20230311;000000;1867.17;0
Gold;D;20230312;000000;1867.7;0
Gold;D;20230313;000000;1913.03;0
Gold;D;20230314;000000;1903.84;0
Gold;D;20230315;000000;1918.55;0
Gold;D;20230316;000000;1918.95;0
Gold;D;20230317;000000;1988.88;0
Gold;D;20230318;000000;1988.5;0
Gold;D;20230319;000000;1988.5;0
Gold;D;20230320;000000;1978.09;0
Gold;D;20230321;000000;1939.8;0
Gold;D;20230322;000000;1969.598;0
Gold;D;20230323;000000;1992.03;0
Gold;D;20230324;000000;1978.17;0
Gold;D;20230325;000000;1976.9;0
Gold;D;20230326;000000;1978.32;0
Gold;D;20230327;000000;1956.15;0
Gold;D;20230328;000000;1973.3;0
Gold;D;20230329;000000;1964.51;0
Gold;D;20230330;000000;1979.74;0
Gold;D;20230331;000000;1968.53;0
Gold;D;20230401;000000;1968.53;0
Gold;D;20230402;000000;1968.53;0
Gold;D;20230403;000000;1984.38;0
Gold;D;20230404;000000;2020;0
Gold;D;20230405;000000;2020.2;0
Gold;D;20230406;000000;2007.69;0
Gold;D;20230407;000000;2007.7;0
Gold;D;20230408;000000;2007.05;0
Gold;D;20230409;000000;2007.05;0
Gold;D;20230410;000000;1991;0
Gold;D;20230411;000000;2003.41;0
Gold;D;20230412;000000;2014.5;0
Gold;D;20230413;000000;2039.8;0
Gold;D;20230414;000000;2003.66;0
Gold;D;20230415;000000;2003.43;0
Gold;D;20230416;000000;2003.43;0
Gold;D;20230417;000000;1994.8;0
Gold;D;20230418;000000;2005;0
Gold;D;20230419;000000;1994.6;0
Gold;D;20230420;000000;2003.98;0
Gold;D;20230421;000000;1982.37;0
Gold;D;20230422;000000;1982.37;0
Gold;D;20230423;000000;1982.37;0
Gold;D;20230424;000000;1988.88;0
Gold;D;20230425;000000;1996.57;0
Gold;D;20230426;000000;1988.23;0
Gold;D;20230427;000000;1986.95;0
Gold;D;20230428;000000;1989.6;0
Gold;D;20230429;000000;1989.62;0
Gold;D;20230430;000000;1989.62;0
Gold;D;20230501;000000;1982.2;0
Gold;D;20230502;000000;2015.94;0
Gold;D;20230503;000000;2038.43;0
Gold;D;20230504;000000;2049.92;0
Gold;D;20230505;000000;2015.94;0
Gold;D;20230506;000000;2015.94;0
Gold;D;20230507;000000;2015.94;0
Gold;D;20230508;000000;2015.94;0
Gold;D;20230509;000000;2034.21;0
Gold;D;20230510;000000;2029.7;0
Gold;D;20230511;000000;2014.6;0
Gold;D;20230512;000000;2010.74;0
Gold;D;20230513;000000;2010.9;0
Gold;D;20230514;000000;2010.6;0
Gold;D;20230515;000000;2016.13;0
Gold;D;20230516;000000;1988.93;0
Gold;D;20230517;000000;1981.47;0
Gold;D;20230518;000000;1957.05;0
Gold;D;20230519;000000;1976.8;0
Gold;D;20230520;000000;1977.3;0
Gold;D;20230521;000000;1977.64;0
Gold;D;20230522;000000;1971.43;0
Gold;D;20230523;000000;1974.9;0
Gold;D;20230524;000000;1956.8;0
Gold;D;20230525;000000;1940.9;0
Gold;D;20230526;000000;1946.49;0
Gold;D;20230527;000000;1946.13;0
Gold;D;20230528;000000;1946.13;0
Gold;D;20230529;000000;1942.8;0
Gold;D;20230530;000000;1958.37;0
Gold;D;20230531;000000;1962.52;0
Gold;D;20230601;000000;1977.3;0
Gold;D;20230602;000000;1947.77;0
Gold;D;20230603;000000;1947.5;0
Gold;D;20230604;000000;1947.97;0
Gold;D;20230605;000000;1961.57;0
Gold;D;20230606;000000;1963.34;0
Gold;D;20230607;000000;1939.73;0
Gold;D;20230608;000000;1965.15;0
Gold;D;20230609;000000;1960.74;0
Gold;D;20230610;000000;1960.78;0
Gold;D;20230611;000000;1960.78;0
Gold;D;20230612;000000;1956.7;0
Gold;D;20230613;000000;1943.47;0
Gold;D;20230614;000000;1941.96;0
Gold;D;20230615;000000;1957.48;0
Gold;D;20230616;000000;1957.358;0
Gold;D;20230617;000000;1957.3;0
Gold;D;20230618;000000;1957.45;0
Gold;D;20230619;000000;1949.11;0
Gold;D;20230620;000000;1935.93;0
Gold;D;20230621;000000;1932.2;0
Gold;D;20230622;000000;1913.69;0
Gold;D;20230623;000000;1920.37;0
Gold;D;20230624;000000;1920.26;0
Gold;D;20230625;000000;1920.51;0
Gold;D;20230626;000000;1923.06;0
Gold;D;20230627;000000;1913.47;0
Gold;D;20230628;000000;1906.978;0
Gold;D;20230629;000000;1907.43;0
Gold;D;20230630;000000;1919.56;0
Gold;D;20230701;000000;1919.36;0
Gold;D;20230702;000000;1919.31;0
Gold;D;20230703;000000;1921.38;0
Gold;D;20230704;000000;1924.8;0
Gold;D;20230705;000000;1915.07;0
Gold;D;20230706;000000;1910.55;0
Gold;D;20230707;000000;1924.74;0
Gold;D;20230708;000000;1925;0
Gold;D;20230709;000000;1925.43;0
Gold;D;20230710;000000;1925.16;0
Gold;D;20230711;000000;1931.98;0
Gold;D;20230712;000000;1957.25;0
Gold;D;20230713;000000;1960.25;0
Gold;D;20230714;000000;1954.38;0
Gold;D;20230715;000000;1954.8;0
Gold;D;20230716;000000;1955.28;0
Gold;D;20230717;000000;1954.83;0
Gold;D;20230718;000000;1978.56;0
Gold;D;20230719;000000;1976.46;0
Gold;D;20230720;000000;1969.21;0
Gold;D;20230721;000000;1961.01;0
Gold;D;20230722;000000;1960.8;0
Gold;D;20230723;000000;1961.7;0
Gold;D;20230724;000000;1954.39;0
Gold;D;20230725;000000;1964.61;0
Gold;D;20230726;000000;1971.75;0
Gold;D;20230727;000000;1945.62;0
Gold;D;20230728;000000;1959.12;0
Gold;D;20230729;000000;1959.12;0
Gold;D;20230730;000000;1959.1;0
Gold;D;20230731;000000;1964.72;0
Gold;D;20230801;000000;1944.03;0
Gold;D;20230802;000000;1934.27;0
Gold;D;20230803;000000;1933.72;0
Gold;D;20230804;000000;1942.39;0
Gold;D;20230805;000000;1942.69;0
Gold;D;20230806;000000;1942.69;0
Gold;D;20230807;000000;1935.718;0
Gold;D;20230808;000000;1924.8;0
Gold;D;20230809;000000;1914.2;0
Gold;D;20230810;000000;1911.748;0
Gold;D;20230811;000000;1913.04;0
Gold;D;20230812;000000;1913.04;0
Gold;D;20230813;000000;1913.46;0
Gold;D;20230814;000000;1906.79;0
Gold;D;20230815;000000;1901.54;0
Gold;D;20230816;000000;1891.47;0
Gold;D;20230817;000000;1889.03;0
Gold;D;20230818;000000;1889.24;0
Gold;D;20230819;000000;1888.9;0
Gold;D;20230820;000000;1889.21;0
Gold;D;20230821;000000;1894.66;0
Gold;D;20230822;000000;1897.2;0
Gold;D;20230823;000000;1915.15;0
Gold;D;20230824;000000;1916.52;0
Gold;D;20230825;000000;1914.92;0
Gold;D;20230826;000000;1914.52;0
Gold;D;20230827;000000;1914.52;0
Gold;D;20230828;000000;1919.94;0
Gold;D;20230829;000000;1937.35;0
Gold;D;20230830;000000;1942.08;0
Gold;D;20230831;000000;1939.73;0
Gold;D;20230901;000000;1939.1;0
Gold;D;20230902;000000;1939.3;0
Gold;D;20230903;000000;1940.06;0
Gold;D;20230904;000000;1938.28;0
Gold;D;20230905;000000;1925.76;0
Gold;D;20230906;000000;1916.41;0
Gold;D;20230907;000000;1919.3;0
Gold;D;20230908;000000;1918.5;0
Gold;D;20230909;000000;1918.07;0
Gold;D;20230910;000000;1918.89;0
Gold;D;20230911;000000;1922.1;0
Gold;D;20230912;000000;1913.19;0
Gold;D;20230913;000000;1906.3;0
Gold;D;20230914;000000;1910.96;0
Gold;D;20230915;000000;1923.56;0
Gold;D;20230916;000000;1923.56;0
Gold;D;20230917;000000;1923.57;0
Gold;D;20230918;000000;1933.2;0
Gold;D;20230919;000000;1931.15;0
Gold;D;20230920;000000;1930;0
Gold;D;20230921;000000;1919.1;0
Gold;D;20230922;000000;1925.03;0
Gold;D;20230923;000000;1924.68;0
Gold;D;20230924;000000;1925.23;0
Gold;D;20230925;000000;1915.67;0
Gold;D;20230926;000000;1900.24;0
Gold;D;20230927;000000;1874.85;0
Gold;D;20230928;000000;1864.5;0
Gold;D;20230929;000000;1848.1;0
Gold;D;20230930;000000;1848.1;0
Gold;D;20231001;000000;1848.46;0
Gold;D;20231002;000000;1827.53;0
Gold;D;20231003;000000;1822.76;0
Gold;D;20231004;000000;1820.8;0
Gold;D;20231005;000000;1820.08;0
Gold;D;20231006;000000;1832.66;0
Gold;D;20231007;000000;1832.54;0
Gold;D;20231008;000000;1832.46;0
Gold;D;20231009;000000;1860.77;0
Gold;D;20231010;000000;1860.1;0
Gold;D;20231011;000000;1874.13;0
Gold;D;20231012;000000;1868.5;0
Gold;D;20231013;000000;1932.4;0
Gold;D;20231014;000000;1932.4;0
Gold;D;20231015;000000;1932.63;0
Gold;D;20231016;000000;1919.65;0
Gold;D;20231017;000000;1922.66;0
Gold;D;20231018;000000;1947.318;0
Gold;D;20231019;000000;1974.048;0
Gold;D;20231020;000000;1980.818;0
Gold;D;20231021;000000;1980.9;0
Gold;D;20231022;000000;1981.45;0
Gold;D;20231023;000000;1972.56;0
Gold;D;20231024;000000;1970.784;0
Gold;D;20231025;000000;1979.67;0
Gold;D;20231026;000000;1984.53;0
Gold;D;20231027;000000;2006.03;0
Gold;D;20231028;000000;2006;0
Gold;D;20231029;000000;2006;0
Gold;D;20231030;000000;1995.7;0
Gold;D;20231031;000000;1983.59;0
Gold;D;20231101;000000;1982.33;0
Gold;D;20231102;000000;1985.53;0
Gold;D;20231103;000000;1992.08;0
Gold;D;20231104;000000;1992.08;0
Gold;D;20231105;000000;1992.31;0
Gold;D;20231106;000000;1977.415;0
Gold;D;20231107;000000;1968.9;0
Gold;D;20231108;000000;1949.62;0
Gold;D;20231109;000000;1957.306;0
Gold;D;20231110;000000;1935.97;0
Gold;D;20231111;000000;1937.98;0
Gold;D;20231112;000000;1938.03;0
Gold;D;20231113;000000;1946.59;0
Gold;D;20231114;000000;1963.86;0
Gold;D;20231115;000000;1959.334;0
Gold;D;20231116;000000;1980.718;0
Gold;D;20231117;000000;1980.79;0
Gold;D;20231118;000000;1980.62;0
Gold;D;20231119;000000;1980.65;0
Gold;D;20231120;000000;1977.764;0
Gold;D;20231121;000000;1999;0
Gold;D;20231122;000000;1989.804;0
Gold;D;20231123;000000;1992.18;0
Gold;D;20231124;000000;2001.8;0
Gold;D;20231125;000000;2002.1;0
Gold;D;20231126;000000;2002.1;0
Gold;D;20231127;000000;2014.473;0
Gold;D;20231128;000000;2041.406;0
Gold;D;20231129;000000;2044.52;0
Gold;D;20231130;000000;2036.075;0
Gold;D;20231201;000000;2070.875;0
Gold;D;20231202;000000;2071.92;0
Gold;D;20231203;000000;2071.95;0
Gold;D;20231204;000000;2026.352;0
Gold;D;20231205;000000;2018.955;0
Gold;D;20231206;000000;2026.58;0
Gold;D;20231207;000000;2029.193;0
Gold;D;20231208;000000;2002.86;0
Gold;D;20231209;000000;2004.54;0
Gold;D;20231210;000000;2004.25;0
Gold;D;20231211;000000;1980.705;0
Gold;D;20231212;000000;1979.52;0
Gold;D;20231213;000000;2023.873;0
Gold;D;20231214;000000;2036.39;0
Gold;D;20231215;000000;2018.024;0
Gold;D;20231216;000000;2019.87;0
Gold;D;20231217;000000;2019.59;0
Gold;D;20231218;000000;2026.513;0
Gold;D;20231219;000000;2040.194;0
Gold;D;20231220;000000;2029.553;0
Gold;D;20231221;000000;2044.09;0
Gold;D;20231222;000000;2053.19;0
Gold;D;20231223;000000;2052.79;0
Gold;D;20231224;000000;2052.82;0
Gold;D;20231225;000000;2052.79;0
Gold;D;20231226;000000;2068.48;0
Gold;D;20231227;000000;2078.055;0
Gold;D;20231228;000000;2066.41;0
Gold;D;20231229;000000;2063.16;0
Gold;D;20231230;000000;2062.68;0
Gold;D;20231231;000000;2062.66;0
Gold;D;20240101;000000;2062.68;0
Gold;D;20240102;000000;2058.126;0
Gold;D;20240103;000000;2040.78;0
Gold;D;20240104;000000;2043.18;0
Gold;D;20240105;000000;2043.713;0
Gold;D;20240106;000000;2045.44;0
Gold;D;20240107;000000;2045.41;0
Gold;D;20240108;000000;2027.18;0
Gold;D;20240109;000000;2028.393;0
Gold;D;20240110;000000;2023.45;0
Gold;D;20240111;000000;2027.475;0
Gold;D;20240112;000000;2047.45;0
Gold;D;20240113;000000;2048.92;0
Gold;D;20240114;000000;2048.99;0
Gold;D;20240115;000000;2056.7;0
Gold;D;20240116;000000;2028.333;0
Gold;D;20240117;000000;2005.894;0
Gold;D;20240118;000000;2022.1;0
Gold;D;20240119;000000;2028.335;0
Gold;D;20240120;000000;2029.48;0
Gold;D;20240121;000000;2029.47;0
Gold;D;20240122;000000;2020.775;0
Gold;D;20240123;000000;2028.584;0
Gold;D;20240124;000000;2012.3;0
Gold;D;20240125;000000;2019.925;0
Gold;D;20240126;000000;2018.59;0
Gold;D;20240127;000000;2018.38;0
Gold;D;20240128;000000;2018.33;0
Gold;D;20240129;000000;2032.594;0
Gold;D;20240130;000000;2035.95;0
Gold;D;20240131;000000;2034.344;0
Gold;D;20240201;000000;2055.48;0
Gold;D;20240202;000000;2036.055;0
Gold;D;20240203;000000;2039.43;0
Gold;D;20240204;000000;2039.58;0
Gold;D;20240205;000000;2024.904;0
Gold;D;20240206;000000;2035.68;0
Gold;D;20240207;000000;2034.715;0
Gold;D;20240208;000000;2032.9;0
Gold;D;20240209;000000;2025.093;0
Gold;D;20240210;000000;2024.155;0
Gold;D;20240211;000000;2024.38;0
Gold;D;20240212;000000;2020.043;0
Gold;D;20240213;000000;1992.455;0
Gold;D;20240214;000000;1991.044;0
Gold;D;20240215;000000;2004.324;0
Gold;D;20240216;000000;2011.83;0
Gold;D;20240217;000000;2013.12;0
Gold;D;20240218;000000;2013.01;0
Gold;D;20240219;000000;2016.5;0
Gold;D;20240220;000000;2024.26;0
Gold;D;20240221;000000;2024.31;0
Gold;D;20240222;000000;2024.575;0
Gold;D;20240223;000000;2036.484;0
Gold;D;20240224;000000;2035.43;0
Gold;D;20240225;000000;2035.39;0
Gold;D;20240226;000000;2032.253;0
Gold;D;20240227;000000;2030.084;0
Gold;D;20240228;000000;2033.658;0
Gold;D;20240229;000000;2043.97;0
Gold;D;20240301;000000;2083.375;0
Gold;D;20240302;000000;2082.65;0
Gold;D;20240303;000000;2082.65;0
Gold;D;20240304;000000;2116.555;0
Gold;D;20240305;000000;2129.6;0
Gold;D;20240306;000000;2146.6;0
Gold;D;20240307;000000;2158.572;0
Gold;D;20240308;000000;2177.28;0
Gold;D;20240309;000000;2179.03;0
Gold;D;20240310;000000;2178.76;0
Gold;D;20240311;000000;2182.598;0
Gold;D;20240312;000000;2158.045;0
Gold;D;20240313;000000;2174.065;0
Gold;D;20240314;000000;2161.755;0
Gold;D;20240315;000000;2155.625;0
Gold;D;20240316;000000;2155.625;0
Gold;D;20240317;000000;2155.66;0
Gold;D;20240318;000000;2160.005;0
Gold;D;20240319;000000;2157.384;0
Gold;D;20240320;000000;2186.208;0
Gold;D;20240321;000000;2181.125;0
Gold;D;20240322;000000;2165.055;0
Gold;D;20240323;000000;2164.7;0
Gold;D;20240324;000000;2164.93;0
Gold;D;20240325;000000;2171.725;0
Gold;D;20240326;000000;2178.735;0
Gold;D;20240327;000000;2194.335;0
Gold;D;20240328;000000;2233.692;0
Gold;D;20240329;000000;2233.48;0
Gold;D;20240330;000000;2233.48;0
Gold;D;20240331;000000;2232.54;0
Gold;D;20240401;000000;2251.585;0
Gold;D;20240402;000000;2280.145;0
Gold;D;20240403;000000;2300.175;0
Gold;D;20240404;000000;2290.605;0
Gold;D;20240405;000000;2329.325;0
Gold;D;20240406;000000;2329.57;0
Gold;D;20240407;000000;2329.57;0
Gold;D;20240408;000000;2339.166;0
Gold;D;20240409;000000;2352.675;0
Gold;D;20240410;000000;2333.875;0
Gold;D;20240411;000000;2372.016;0
Gold;D;20240412;000000;2343.285;0
Gold;D;20240413;000000;2343.285;0
Gold;D;20240414;000000;2344.04;0
Gold;D;20240415;000000;2383.266;0
Gold;D;20240416;000000;2382.616;0
Gold;D;20240417;000000;2360.395;0
Gold;D;20240418;000000;2379.036;0
Gold;D;20240419;000000;2390.295;0
Gold;D;20240420;000000;2391.77;0
Gold;D;20240421;000000;2391.77;0
Gold;D;20240422;000000;2326.385;0
Gold;D;20240423;000000;2321.775;0
Gold;D;20240424;000000;2315.765;0
Gold;D;20240425;000000;2331.735;0
Gold;D;20240426;000000;2337.235;0
Gold;D;20240427;000000;2337.91;0
Gold;D;20240428;000000;2337.65;0
Gold;D;20240429;000000;2335.135;0
Gold;D;20240430;000000;2284.975;0
Gold;D;20240501;000000;2319.506;0
Gold;D;20240502;000000;2303.635;0
Gold;D;20240503;000000;2301.175;0
Gold;D;20240504;000000;2301.93;0
Gold;D;20240505;000000;2301.93;0
Gold;D;20240506;000000;2323.535;0
Gold;D;20240507;000000;2313.795;0
Gold;D;20240508;000000;2308.077;0
Gold;D;20240509;000000;2346.045;0
Gold;D;20240510;000000;2359.985;0
Gold;D;20240511;000000;2360.22;0
Gold;D;20240512;000000;2359.97;0
Gold;D;20240513;000000;2336.061;0
Gold;D;20240514;000000;2357.715;0
Gold;D;20240515;000000;2385.806;0
Gold;D;20240516;000000;2376.235;0
Gold;D;20240517;000000;2414.505;0
Gold;D;20240518;000000;2414.5;0
Gold;D;20240519;000000;2414.02;0
Gold;D;20240520;000000;2425.785;0
Gold;D;20240521;000000;2420.676;0
Gold;D;20240522;000000;2378.506;0
Gold;D;20240523;000000;2328.827;0
Gold;D;20240524;000000;2333.405;0
Gold;D;20240525;000000;2333.75;0
Gold;D;20240526;000000;2333.75;0
Gold;D;20240527;000000;2350.76;0
Gold;D;20240528;000000;2361.126;0
Gold;D;20240529;000000;2337.427;0
Gold;D;20240530;000000;2342.865;0
Gold;D;20240531;000000;2326.886;0
Gold;D;20240601;000000;2326.97;0
Gold;D;20240602;000000;2326.97;0
Gold;D;20240603;000000;2350.405;0
Gold;D;20240604;000000;2326.691;0
Gold;D;20240605;000000;2354.925;0
Gold;D;20240606;000000;2375.375;0
Gold;D;20240607;000000;2293.415;0
Gold;D;20240608;000000;2293.59;0
Gold;D;20240609;000000;2293.59;0
Gold;D;20240610;000000;2310.645;0
Gold;D;20240611;000000;2316.515;0
Gold;D;20240612;000000;2324.675;0
Gold;D;20240613;000000;2303.905;0
Gold;D;20240614;000000;2332.184;0
Gold;D;20240615;000000;2332.52;0
Gold;D;20240616;000000;2332.3;0
Gold;D;20240617;000000;2319.386;0
Gold;D;20240618;000000;2329.045;0
Gold;D;20240619;000000;2328.28;0
Gold;D;20240620;000000;2359.695;0
Gold;D;20240621;000000;2321.755;0
Gold;D;20240622;000000;2321.45;0
Gold;D;20240623;000000;2321.45;0
Gold;D;20240624;000000;2333.695;0
Gold;D;20240625;000000;2319.235;0
Gold;D;20240626;000000;2298.035;0
Gold;D;20240627;000000;2327.621;0
Gold;D;20240628;000000;2326.275;0
Gold;D;20240629;000000;2326.41;0
Gold;D;20240630;000000;2326.41;0
Gold;D;20240701;000000;2331.485;0
Gold;D;20240702;000000;2329.335;0
Gold;D;20240703;000000;2355.765;0
Gold;D;20240704;000000;2356.52;0
Gold;D;20240705;000000;2390.705;0
Gold;D;20240706;000000;2391.24;0
Gold;D;20240707;000000;2391.24;0
Gold;D;20240708;000000;2358.625;0
Gold;D;20240709;000000;2363.745;0
Gold;D;20240710;000000;2370.995;0
Gold;D;20240711;000000;2415.45;0
Gold;D;20240712;000000;2410.635;0
Gold;D;20240713;000000;2410.78;0
Gold;D;20240714;000000;2410.61;0
Gold;D;20240715;000000;2421.98;0
Gold;D;20240716;000000;2468.78;0
Gold;D;20240717;000000;2458.81;0
Gold;D;20240718;000000;2444.81;0
Gold;D;20240719;000000;2400.485;0
Gold;D;20240720;000000;2400.38;0
Gold;D;20240721;000000;2400.59;0
Gold;D;20240722;000000;2396.045;0
Gold;D;20240723;000000;2409.2;0
Gold;D;20240724;000000;2397.18;0
Gold;D;20240725;000000;2364.28;0
Gold;D;20240726;000000;2386.655;0
Gold;D;20240727;000000;2387.4;0
Gold;D;20240728;000000;2386.6;0
Gold;D;20240729;000000;2383.7;0
Gold;D;20240730;000000;2410.59;0
Gold;D;20240731;000000;2447.36;0
Gold;D;20240801;000000;2446.005;0
Gold;D;20240802;000000;2443.05;0
Gold;D;20240803;000000;2442.08;0
Gold;D;20240804;000000;2442.08;0
Gold;D;20240805;000000;2410.34;0
Gold;D;20240806;000000;2390.24;0
Gold;D;20240807;000000;2382.555;0
Gold;D;20240808;000000;2427.245;0
Gold;D;20240809;000000;2430.925;0
Gold;D;20240810;000000;2430.87;0
Gold;D;20240811;000000;2430.71;0
Gold;D;20240812;000000;2472.855;0
Gold;D;20240813;000000;2464.855;0
Gold;D;20240814;000000;2447.625;0
Gold;D;20240815;000000;2456.525;0
Gold;D;20240816;000000;2507.054;0
Gold;D;20240817;000000;2506.844;0
Gold;D;20240818;000000;2506.844;0
Gold;D;20240819;000000;2504.065;0
Gold;D;20240820;000000;2512.465;0
Gold;D;20240821;000000;2512.045;0
Gold;D;20240822;000000;2484.465;0
Gold;D;20240823;000000;2512.205;0
Gold;D;20240824;000000;2512.01;0
Gold;D;20240825;000000;2512.01;0
Gold;D;20240826;000000;2517.805;0
Gold;D;20240827;000000;2524.355;0
Gold;D;20240828;000000;2504.315;0
Gold;D;20240829;000000;2521.085;0
Gold;D;20240830;000000;2502.835;0
Gold;D;20240831;000000;2502.98;0
Gold;D;20240901;000000;2502.98;0
Gold;D;20240902;000000;2499.36;0
Gold;D;20240903;000000;2492.725;0
Gold;D;20240904;000000;2495.285;0
Gold;D;20240905;000000;2516.475;0
Gold;D;20240906;000000;2497.035;0
Gold;D;20240907;000000;2497.09;0
Gold;D;20240908;000000;2497.09;0
Gold;D;20240909;000000;2505.88;0
Gold;D;20240910;000000;2516.415;0
Gold;D;20240911;000000;2511.555;0
Gold;D;20240912;000000;2558.2;0
Gold;D;20240913;000000;2577.615;0
Gold;D;20240914;000000;2577.57;0
Gold;D;20240915;000000;2577.57;0
Gold;D;20240916;000000;2582.295;0
Gold;D;20240917;000000;2569.155;0
Gold;D;20240918;000000;2558.664;0
Gold;D;20240919;000000;2586.645;0
Gold;D;20240920;000000;2621.454;0
Gold;D;20240921;000000;2621.79;0
Gold;D;20240922;000000;2621.79;0
Gold;D;20240923;000000;2628.355;0
Gold;D;20240924;000000;2656.774;0
Gold;D;20240925;000000;2656.954;0
Gold;D;20240926;000000;2671.994;0
Gold;D;20240927;000000;2658.148;0
Gold;D;20240928;000000;2657.97;0
Gold;D;20240929;000000;2657.97;0
Gold;D;20240930;000000;2634.164;0
Gold;D;20241001;000000;2663.045;0
Gold;D;20241002;000000;2658.345;0
Gold;D;20241003;000000;2655.715;0
Gold;D;20241004;000000;2653.545;0
Gold;D;20241005;000000;2653.27;0
Gold;D;20241006;000000;2653.27;0
Gold;D;20241007;000000;2642.625;0
Gold;D;20241008;000000;2621.385;0
Gold;D;20241009;000000;2607.465;0
Gold;D;20241010;000000;2629.585;0
Gold;D;20241011;000000;2656.695;0
Gold;D;20241012;000000;2657.03;0
Gold;D;20241013;000000;2656.85;0
Gold;D;20241014;000000;2648.648;0
Gold;D;20241015;000000;2662.345;0
Gold;D;20241016;000000;2673.305;0
Gold;D;20241017;000000;2692.675;0
Gold;D;20241018;000000;2721.105;0
Gold;D;20241019;000000;2721.12;0
Gold;D;20241020;000000;2721.12;0
Gold;D;20241021;000000;2719.124;0
Gold;D;20241022;000000;2748.545;0
Gold;D;20241023;000000;2715.094;0
Gold;D;20241024;000000;2735.995;0
Gold;D;20241025;000000;2746.625;0
Gold;D;20241026;000000;2746.56;0
Gold;D;20241027;000000;2747.13;0
Gold;D;20241028;000000;2742.045;0
Gold;D;20241029;000000;2774.36;0
Gold;D;20241030;000000;2787.39;0
Gold;D;20241031;000000;2743.675;0
Gold;D;20241101;000000;2735.8;0
Gold;D;20241102;000000;2735.8;0
Gold;D;20241103;000000;2735.91;0
Gold;D;20241104;000000;2737.34;0
Gold;D;20241105;000000;2742.97;0
Gold;D;20241106;000000;2660.639;0
Gold;D;20241107;000000;2704.395;0
Gold;D;20241108;000000;2685.099;0
Gold;D;20241109;000000;2684.035;0
Gold;D;20241110;000000;2683.82;0
Gold;D;20241111;000000;2621.939;0
Gold;D;20241112;000000;2599.558;0
Gold;D;20241113;000000;2573.719;0
Gold;D;20241114;000000;2567.115;0
Gold;D;20241115;000000;2562.19;0
Gold;D;20241116;000000;2562.81;0
Gold;D;20241117;000000;2562.63;0
Gold;D;20241118;000000;2610.19;0
Gold;D;20241119;000000;2633.679;0
Gold;D;20241120;000000;2648.89;0
Gold;D;20241121;000000;2671.385;0
Gold;D;20241122;000000;2705.79;0
Gold;D;20241123;000000;2715.805;0
Gold;D;20241124;000000;2715.58;0
Gold;D;20241125;000000;2626.15;0
Gold;D;20241126;000000;2631.562;0
Gold;D;20241127;000000;2636.987;0
Gold;D;20241128;000000;2637.47;0
Gold;D;20241129;000000;2654.479;0
Gold;D;20241130;000000;2650.33;0
Gold;D;20241201;000000;2650.25;0
Gold;D;20241202;000000;2637.06;0
Gold;D;20241203;000000;2642.14;0
Gold;D;20241204;000000;2649.979;0
Gold;D;20241205;000000;2631.2;0
Gold;D;20241206;000000;2631.57;0
Gold;D;20241207;000000;2632.664;0
Gold;D;20241208;000000;2632.664;0
Gold;D;20241209;000000;2657.85;0
Gold;D;20241210;000000;2691.74;0
Gold;D;20241211;000000;2717.16;0
Gold;D;20241212;000000;2679.444;0
Gold;D;20241213;000000;2647.67;0
Gold;D;20241214;000000;2647.385;0
Gold;D;20241215;000000;2647.385;0
Gold;D;20241216;000000;2652.629;0
Gold;D;20241217;000000;2643.518;0
Gold;D;20241218;000000;2592.02;0
Gold;D;20241219;000000;2596.81;0
Gold;D;20241220;000000;2622.78;0
Gold;D;20241221;000000;2622.47;0
Gold;D;20241222;000000;2622.47;0
Gold;D;20241223;000000;2610.9;0
Gold;D;20241224;000000;2616.539;0
Gold;D;20241225;000000;2616.539;0
Gold;D;20241226;000000;2634.46;0
Gold;D;20241227;000000;2615.389;0
Gold;D;20241228;000000;2621.348;0
Gold;D;20241229;000000;2621.348;0
Gold;D;20241230;000000;2607.569;0
Gold;D;20241231;000000;2623.139;0
Gold;D;20250101;000000;2623.82;0
Gold;D;20250102;000000;2659.699;0
Gold;D;20250103;000000;2637.939;0
Gold;D;20250104;000000;2638.41;0
Gold;D;20250105;000000;2638.41;0
Gold;D;20250106;000000;2634.489;0
Gold;D;20250107;000000;2650.07;0
Gold;D;20250108;000000;2663.09;0
Gold;D;20250109;000000;2669.08;0
Gold;D;20250110;000000;2690.56;0
Gold;D;20250111;000000;2689.755;0
Gold;D;20250112;000000;2689.755;0
Gold;D;20250113;000000;2662.24;0
Gold;D;20250114;000000;2676.2;0
Gold;D;20250115;000000;2696.22;0
Gold;D;20250116;000000;2715.83;0
Gold;D;20250117;000000;2701.128;0
Gold;D;20250118;000000;2702.12;0
Gold;D;20250119;000000;2702.12;0
Gold;D;20250120;000000;2710.418;0
Gold;D;20250121;000000;2742.528;0
Gold;D;20250122;000000;2756.68;0
Gold;D;20250123;000000;2753.69;0
Gold;D;20250124;000000;2771.086;0
Gold;D;20250125;000000;2770.07;0
Gold;D;20250126;000000;2770.53;0
Gold;D;20250127;000000;2741.47;0
Gold;D;20250128;000000;2764.009;0
Gold;D;20250129;000000;2754.984;0
Gold;D;20250130;000000;2795.624;0
Gold;D;20250131;000000;2800.875;0
Gold;D;20250201;000000;2797.46;0
Gold;D;20250202;000000;2797.46;0
Gold;D;20250203;000000;2816.578;0
Gold;D;20250204;000000;2844.135;0
Gold;D;20250205;000000;2862.36;0
Gold;D;20250206;000000;2856.387;0
Gold;D;20250207;000000;2860.74;0
Gold;D;20250208;000000;2860.09;0
Gold;D;20250209;000000;2860.09;0
Gold;D;20250210;000000;2907.361;0
Gold;D;20250211;000000;2897.615;0
Gold;D;20250212;000000;2900.825;0
Gold;D;20250213;000000;2928.266;0
Gold;D;20250214;000000;2885.53;0
Gold;D;20250215;000000;2882.085;0
Gold;D;20250216;000000;2882.14;0
Gold;D;20250217;000000;2898.6;0
Gold;D;20250218;000000;2933.32;0
Gold;D;20250219;000000;2935.81;0
Gold;D;20250220;000000;2937.83;0
Gold;D;20250221;000000;2934.686;0
Gold;D;20250222;000000;2934.955;0
Gold;D;20250223;000000;2935.49;0
Gold;D;20250224;000000;2950.48;0
Gold;D;20250225;000000;2912.59;0
Gold;D;20250226;000000;2916.33;0
Gold;D;20250227;000000;2873.82;0
Gold;D;20250228;000000;2854.69;0
Gold;D;20250301;000000;2857.09;0
Gold;D;20250302;000000;2857.09;0
Gold;D;20250303;000000;2890.69;0
Gold;D;20250304;000000;2917.771;0
Gold;D;20250305;000000;2922.27;0
Gold;D;20250306;000000;2909.17;0
Gold;D;20250307;000000;2909.22;0
Gold;D;20250308;000000;2909.355;0
Gold;D;20250309;000000;2909.355;0
Gold;D;20250310;000000;2888.49;0
Gold;D;20250311;000000;2915.82;0
Gold;D;20250312;000000;2933.09;0
Gold;D;20250313;000000;2988.26;0
Gold;D;20250314;000000;2984.05;0
Gold;D;20250315;000000;2984.02;0
Gold;D;20250316;000000;2984.02;0
Gold;D;20250317;000000;3000.51;0
Gold;D;20250318;000000;3034.34;0
Gold;D;20250319;000000;3046.81;0
Gold;D;20250320;000000;3044.33;0
Gold;D;20250321;000000;3022.79;0
Gold;D;20250322;000000;3022.79;0
Gold;D;20250323;000000;3022.79;0
Gold;D;20250324;000000;3011.435;0
Gold;D;20250325;000000;3019.82;0
Gold;D;20250326;000000;3019.08;0
Gold;D;20250327;000000;3055.55;0
Gold;D;20250328;000000;3084.33;0
Gold;D;20250329;000000;3084.33;0
Gold;D;20250330;000000;3084.98;0
Gold;D;20250331;000000;3122.97;0
Gold;D;20250401;000000;3113.645;0
Gold;D;20250402;000000;3135.389;0
Gold;D;20250403;000000;3114.585;0
Gold;D;20250404;000000;3037.998;0
Gold;D;20250405;000000;3037.31;0
Gold;D;20250406;000000;3037.31;0
Gold;D;20250407;000000;2982.64;0
Gold;D;20250408;000000;2982.465;0
Gold;D;20250409;000000;3082.205;0
Gold;D;20250410;000000;3175.37;0
Gold;D;20250411;000000;3236.68;0
Gold;D;20250412;000000;3236.68;0
Gold;D;20250413;000000;3236.68;0
Gold;D;20250414;000000;3210.2;0
Gold;D;20250415;000000;3229.94;0
Gold;D;20250416;000000;3342.705;0
Gold;D;20250417;000000;3326.83;0
Gold;D;20250418;000000;3326.83;0
Gold;D;20250419;000000;3326.83;0
Gold;D;20250420;000000;3326.83;0
Gold;D;20250421;000000;3423.77;0
Gold;D;20250422;000000;3379.37;0
Gold;D;20250423;000000;3287.96;0
Gold;D;20250424;000000;3348.585;0
Gold;D;20250425;000000;3318.525;0
Gold;D;20250426;000000;3318.76;0
Gold;D;20250427;000000;3318.76;0
Gold;D;20250428;000000;3343.495;0
Gold;D;20250429;000000;3316.725;0
Gold;D;20250430;000000;3288.275;0
Gold;D;20250501;000000;3238.375;0
Gold;D;20250502;000000;3239.71;0
Gold;D;20250503;000000;3240.61;0
Gold;D;20250504;000000;3239.71;0
Gold;D;20250505;000000;3332.85;0
Gold;D;20250506;000000;3430.81;0
Gold;D;20250507;000000;3364.045;0
Gold;D;20250508;000000;3305.395;0
Gold;D;20250509;000000;3323.345;0
Gold;D;20250510;000000;3326.46;0
Gold;D;20250511;000000;3326.46;0
Gold;D;20250512;000000;3235.58;0
Gold;D;20250513;000000;3250.315;0
Gold;D;20250514;000000;3176.915;0
Gold;D;20250515;000000;3239.645;0
Gold;D;20250516;000000;3201.78;0
Gold;D;20250517;000000;3201.78;0
Gold;D;20250518;000000;3201.78;0
Gold;D;20250519;000000;3229.275;0
Gold;D;20250520;000000;3289.785;0
Gold;D;20250521;000000;3314.715;0
Gold;D;20250522;000000;3294.655;0
Gold;D;20250523;000000;3357.519;0
Gold;D;20250524;000000;3357.519;0
Gold;D;20250525;000000;3357.27;0
Gold;D;20250526;000000;3342.21;0
Gold;D;20250527;000000;3300.425;0
Gold;D;20250528;000000;3286.765;0
Gold;D;20250529;000000;3317.775;0
Gold;D;20250530;000000;3288.815;0
Gold;D;20250531;000000;3288.58;0
Gold;D;20250601;000000;3289.08;0
Gold;D;20250602;000000;3381.165;0
Gold;D;20250603;000000;3352.885;0
Gold;D;20250604;000000;3371.97;0
Gold;D;20250605;000000;3351.9;0
Gold;D;20250606;000000;3309.25;0
Gold;D;20250607;000000;3309.25;0
Gold;D;20250608;000000;3309.25;0
Gold;D;20250609;000000;3325.02;0
Gold;D;20250610;000000;3323.255;0
Gold;D;20250611;000000;3354.965;0
Gold;D;20250612;000000;3385.408;0
Gold;D;20250613;000000;3432.095;0
Gold;D;20250614;000000;3433.35;0
Gold;D;20250615;000000;3433.35;0
Gold;D;20250616;000000;3383.465;0
Gold;D;20250617;000000;3387.525;0
Gold;D;20250618;000000;3368.855;0
Gold;D;20250619;000000;3370.4;0
Gold;D;20250620;000000;3368.005;0
Gold;D;20250621;000000;3367.64;0
Gold;D;20250622;000000;3367.64;0
Gold;D;20250623;000000;3367.935;0
Gold;D;20250624;000000;3322.615;0
Gold;D;20250625;000000;3332.145;0
Gold;D;20250626;000000;3327.655;0
Gold;D;20250627;000000;3273.335;0
Gold;D;20250628;000000;3273.43;0
Gold;D;20250629;000000;3273.43;0
Gold;D;20250630;000000;3302.36;0
Gold;D;20250701;000000;3337.575;0
Gold;D;20250702;000000;3356.99;0
Gold;D;20250703;000000;3325.895;0
Gold;D;20250704;000000;3336.94;0
Gold;D;20250705;000000;3336.94;0
Gold;D;20250706;000000;3336.94;0
Gold;D;20250707;000000;3336.545;0
Gold;D;20250708;000000;3300.77;0
Gold;D;20250709;000000;3313.02;0
Gold;D;20250710;000000;3323.505;0
Gold;D;20250711;000000;3354.75;0
Gold;D;20250712;000000;3354.75;0
Gold;D;20250713;000000;3355.37;0
Gold;D;20250714;000000;3342.8;0
Gold;D;20250715;000000;3323.065;0
Gold;D;20250716;000000;3345.985;0
Gold;D;20250717;000000;3338.41;0
Gold;D;20250718;000000;3349.655;0
Gold;D;20250719;000000;3349.53;0
Gold;D;20250720;000000;3349.53;0
Gold;D;20250721;000000;3396.48;0
Gold;D;20250722;000000;3431.28;0
Gold;D;20250723;000000;3386.605;0
Gold;D;20250724;000000;3368.035;0
Gold;D;20250725;000000;3336.25;0
Gold;D;20250726;000000;3336.22;0
Gold;D;20250727;000000;3336.7;0
Gold;D;20250728;000000;3314.685;0
Gold;D;20250729;000000;3325.655;0
Gold;D;20250730;000000;3274.615;0
Gold;D;20250731;000000;3289.7;0
Gold;D;20250801;000000;3362.64;0
Gold;D;20250802;000000;3362.64;0
Gold;D;20250803;000000;3362.09;0
Gold;D;20250804;000000;3372.905;0
Gold;D;20250805;000000;3380.005;0
Gold;D;20250806;000000;3368.425;0
Gold;D;20250807;000000;3396.715;0
Gold;D;20250808;000000;3398.449;0
Gold;D;20250809;000000;3398.579;0
Gold;D;20250810;000000;3398.579;0
Gold;D;20250811;000000;3341.145;0
Gold;D;20250812;000000;3348.145;0
Gold;D;20250813;000000;3355.275;0
Gold;D;20250814;000000;3334.965;0
Gold;D;20250815;000000;3335.28;0
Gold;D;20250816;000000;3335.28;0
Gold;D;20250817;000000;3335.28;0
Gold;D;20250818;000000;3331.815;0
Gold;D;20250819;000000;3316.035;0
Gold;D;20250820;000000;3347.335;0
Gold;D;20250821;000000;3338.275;0
Gold;D;20250822;000000;3371.245;0
Gold;D;20250823;000000;3371.235;0
Gold;D;20250824;000000;3371.235;0
Gold;D;20250825;000000;3365.525;0
Gold;D;20250826;000000;3393.235;0
Gold;D;20250827;000000;3396.985;0
Gold;D;20250828;000000;3415.795;0
Gold;D;20250829;000000;3446.805;0
Gold;D;20250830;000000;3446.805;0
Gold;D;20250831;000000;3446.805;0
Gold;D;20250901;000000;3475.45;0
Gold;D;20250902;000000;3532.425;0
Gold;D;20250903;000000;3558.475;0
Gold;D;20250904;000000;3544.645;0
Gold;D;20250905;000000;3585.615;0
Gold;D;20250906;000000;3586;0
Gold;D;20250907;000000;3586;0
Gold;D;20250908;000000;3635.495;0
Gold;D;20250909;000000;3624.875;0
Gold;D;20250910;000000;3639.985;0
Gold;D;20250911;000000;3633.535;0
Gold;D;20250912;000000;3642.635;0
Gold;D;20250913;000000;3643.06;0
Gold;D;20250914;000000;3643.06;0
Gold;D;20250915;000000;3678.885;0
Gold;D;20250916;000000;3689.445;0
Gold;D;20250917;000000;3659.295;0
Gold;D;20250918;000000;3643.415;0
Gold;D;20250919;000000;3684.489;0
Gold;D;20250920;000000;3684.65;0
Gold;D;20250921;000000;3684.65;0
Gold;D;20250922;000000;3746.075;0
Gold;D;20250923;000000;3764.095;0
Gold;D;20250924;000000;3735.805;0
Gold;D;20250925;000000;3748.385;0
Gold;D;20250926;000000;3759.825;0
Gold;D;20250927;000000;3758.78;0
Gold;D;20250928;000000;3758.78;0
Gold;D;20250929;000000;3833.265;0
Gold;D;20250930;000000;3857.825;0
Gold;D;20251001;000000;3865.415;0
Gold;D;20251002;000000;3855.545;0
Gold;D;20251003;000000;3886.585;0
Gold;D;20251004;000000;3885.66;0
Gold;D;20251005;000000;3885.66;0
Gold;D;20251006;000000;3959.015;0
Gold;D;20251007;000000;3984.595;0
Gold;D;20251008;000000;4040.745;0
Gold;D;20251009;000000;3976.275;0
Gold;D;20251010;000000;4017.845;0
Gold;D;20251011;000000;4017.845;0
Gold;D;20251012;000000;4017.845;0
Gold;D;20251013;000000;4110.015;0
Gold;D;20251014;000000;4141.535;0
Gold;D;20251015;000000;4207.425;0
Gold;D;20251016;000000;4327.195;0
Gold;D;20251017;000000;4251.448;0
Gold;D;20251018;000000;4250.93;0
Gold;D;20251019;000000;4250.93;0
Gold;D;20251020;000000;4355.685;0
Gold;D;20251021;000000;4124.355;0
Gold;D;20251022;000000;4098.055;0
Gold;D;20251023;000000;4125.185;0
Gold;D;20251024;000000;4111.555;0
Gold;D;20251025;000000;4111.555;0
Gold;D;20251026;000000;4111.555;0
Gold;D;20251027;000000;3982.18;0
Gold;D;20251028;000000;3951.945;0
Gold;D;20251029;000000;3929.655;0
Gold;D;20251030;000000;4024.485;0
Gold;D;20251031;000000;4001.855;0
Gold;D;20251101;000000;4002.69;0
Gold;D;20251102;000000;4002.69;0
Gold;D;20251103;000000;4010.29;0
Gold;D;20251104;000000;3938.68;0
Gold;D;20251105;000000;3984.36;0
Gold;D;20251106;000000;3980.538;0
Gold;D;20251107;000000;4003.94;0
Gold;D;20251108;000000;4000.71;0
Gold;D;20251109;000000;4000.71;0
Gold;D;20251110;000000;4111.63;0
Gold;D;20251111;000000;4129.451;0
Gold;D;20251112;000000;4195.715;0
Gold;D;20251113;000000;4163.745;0
Gold;D;20251114;000000;4086.889;0
Gold;D;20251115;000000;4082.159;0
Gold;D;20251116;000000;4082.159;0
Gold;D;20251117;000000;4040.03;0
Gold;D;20251118;000000;4069.208;0
Gold;D;20251119;000000;4076.48;0
Gold;D;20251120;000000;4076.97;0
Gold;D;20251121;000000;4068.506;0
Gold;D;20251122;000000;4064.59;0
Gold;D;20251123;000000;4064.59;0
Gold;D;20251124;000000;4132.597;0
Gold;D;20251125;000000;4132.237;0
Gold;D;20251126;000000;4163.9;0
Gold;D;20251127;000000;4157.507;0
Gold;D;20251128;000000;4210.486;0
Gold;D;20251129;000000;4223.1;0
Gold;D;20251130;000000;4223.1;0
Gold;D;20251201;000000;4237.355;0
Gold;D;20251202;000000;4209.98;0
Gold;D;20251203;000000;4206.256;0
Gold;D;20251204;000000;4209.846;0
Gold;D;20251205;000000;4202.106;0
Gold;D;20251206;000000;4198.23;0
Gold;D;20251207;000000;4198.23;0
Gold;D;20251208;000000;4191.45;0
Gold;D;20251209;000000;4211.975;0
Gold;D;20251210;000000;4229.966;0
Gold;D;20251211;000000;4276.295;0
Gold;D;20251212;000000;4299.69;0
Gold;D;20251213;000000;4299.87;0
Gold;D;20251214;000000;4299.87;0
Gold;D;20251215;000000;4304.48;0
Gold;D;20251216;000000;4304.966;0
Gold;D;20251217;000000;4341.285;0
Gold;D;20251218;000000;4334.98;0
Gold;D;20251219;000000;4339.535;0
Gold;D;20251220;000000;4338.36;0
Gold;D;20251221;000000;4338.36;0
Gold;D;20251222;000000;4438.485;0
Gold;D;20251223;000000;4497.75;0
Gold;D;20251224;000000;4478.494;0
Gold;D;20251225;000000;4479.39;0
Gold;D;20251226;000000;4530.98;0
Gold;D;20251227;000000;4532.41;0
Gold;D;20251228;000000;4532.41;0
Gold;D;20251229;000000;4334.455;0
Gold;D;20251230;000000;4340.93;0
Gold;D;20251231;000000;4313.4;0
Gold;D;20260101;000000;4318.27;0
Gold;D;20260102;000000;4331.43;0
Gold;D;20260103;000000;4331.575;0
Gold;D;20260104;000000;4331.575;0
Gold;D;20260105;000000;4444.73;0
Gold;D;20260106;000000;4493.89;0
Gold;D;20260107;000000;4451.385;0
Gold;D;20260108;000000;4476.7;0
Gold;D;20260109;000000;4507.324;0
Gold;D;20260110;000000;4508.98;0
Gold;D;20260111;000000;4508.98;0
Gold;D;20260112;000000;4593.415;0
Gold;D;20260113;000000;4585.93;0
Gold;D;20260114;000000;4632.375;0
Gold;D;20260115;000000;4605.61;0
Gold;D;20260116;000000;4581.65;0
Gold;D;20260117;000000;4595.515;0
Gold;D;20260118;000000;4595.515;0
Gold;D;20260119;000000;4670.543;0
Gold;D;20260120;000000;4756.224;0
Gold;D;20260121;000000;4826.625;0
Gold;D;20260122;000000;4916.395;0
Gold;D;20260123;000000;4981.85;0
Gold;D;20260124;000000;4988.17;0
Gold;D;20260125;000000;4988.17;0
Gold;D;20260126;000000;5055.021;0
Gold;D;20260127;000000;5176.048;0
Gold;D;20260128;000000;5376.497;0
Gold;D;20260129;000000;5393.626;0
Gold;D;20260130;000000;4850.08;0
Gold;D;20260131;000000;4895.118;0
Gold;D;20260201;000000;4895.118;0
Gold;D;20260202;000000;4652.42;0
Gold;D;20260203;000000;4942.535;0
Gold;D;20260204;000000;4937.46;0
Gold;D;20260205;000000;4811.31;0
Gold;D;20260206;000000;4952.99;0
Gold;D;20260207;000000;4967.27;0
Gold;D;20260208;000000;4967.27;0
Gold;D;20260209;000000;5079.105;0
Gold;D;20260210;000000;5029.521;0
Gold;D;20260211;000000;5086.691;0
Gold;D;20260212;000000;4914.97;0
Gold;D;20260213;000000;5032.38;0
Gold;D;20260214;000000;5042.2;0
Gold;D;20260215;000000;5042.2;0
Gold;D;20260216;000000;4991.41;0
Gold;D;20260217;000000;4878.05;0
Gold;D;20260218;000000;4985.085;0
Gold;D;20260219;000000;5001.83;0
Gold;D;20260220;000000;5096.994;0
Gold;D;20260221;000000;5108.36;0
Gold;D;20260222;000000;5108.36;0
Gold;D;20260223;000000;5236.168;0
Gold;D;20260224;000000;5164.21;0
Gold;D;20260225;000000;5152.339;0
Gold;D;20260226;000000;5196.195;0
Gold;D;20260227;000000;5263.213;0
Gold;D;20260228;000000;5278.607;0
Gold;D;20260301;000000;5278.607;0
Gold;D;20260302;000000;5332.2;0
Gold;D;20260303;000000;5097.344;0
Gold;D;20260304;000000;5134.36;0
Gold;D;20260305;000000;5076.411;0
Gold;D;20260306;000000;5153.47;0
Gold;D;20260307;000000;5171.798;0
Gold;D;20260308;000000;5171.798;0
Gold;D;20260309;000000;5138.785;0
Gold;D;20260310;000000;5190.61;0
Gold;D;20260311;000000;5176.12;0
Gold;D;20260312;000000;5080.07;0
Gold;D;20260313;000000;5018.098;0
Gold;D;20260314;000000;5018.098;0
Gold;D;20260315;000000;5018.098;0
Gold;D;20260316;000000;5004.535;0
Gold;D;20260317;000000;5006.425;0
Gold;D;20260318;000000;4818.77;0
Gold;D;20260319;000000;4649.41;0
Gold;D;20260320;000000;4491.67;0
Gold;D;20260321;000000;4491.67;0
Gold;D;20260322;000000;4491.67;0
Gold;D;20260323;000000;4407.35;0
Gold;D;20260324;000000;4472.02;0
Gold;D;20260325;000000;4505.31;0
Gold;D;20260326;000000;4381.61;0
Gold;D;20260327;000000;4493.118;0
Gold;D;20260328;000000;4493.118;0
Gold;D;20260329;000000;4493.118;0
Gold;D;20260330;000000;4513.23;0
Gold;D;20260331;000000;4668.88;0
Gold;D;20260401;000000;4757.98;0
Gold;D;20260402;000000;4676.86;0
Gold;D;20260403;000000;4676.86;0
Gold;D;20260404;000000;4676.86;0
Gold;D;20260405;000000;4676.86;0
Gold;D;20260406;000000;4649.14;0
Gold;D;20260407;000000;4705.7;0
Gold;D;20260408;000000;4719.63;0
Gold;D;20260409;000000;4763.53;0
Gold;D;20260410;000000;4746.898;0
Gold;D;20260411;000000;4746.898;0
Gold;D;20260412;000000;4746.898;0
Gold;D;20260413;000000;4742.6;0
Gold;D;20260414;000000;4842.61;0
Gold;D;20260415;000000;4790.95;0
Gold;D;20260416;000000;4786.275;0
Gold;D;20260417;000000;4837.49;0
Gold;D;20260418;000000;4837.49;0
Gold;D;20260419;000000;4837.49;0
Gold;D;20260420;000000;4822.315;0
Gold;D;20260421;000000;4721.483;0
Gold;D;20260422;000000;4739.53;0
Gold;D;20260423;000000;4704.743;0
Gold;D;20260424;000000;4708.605;0
Gold;D;20260425;000000;4708.62;0
Gold;D;20260426;000000;4708.62;0
Gold;D;20260427;000000;4681.44;0
Gold;D;20260428;000000;4596.79;0
Gold;D;20260429;000000;4547.75;0
Gold;D;20260430;000000;4621.97;0
Gold;D;20260501;000000;4614.22;0
Gold;D;20260502;000000;4614.22;0
Gold;D;20260503;000000;4613.16;0
Gold;D;20260504;000000;4521.19;0
Gold;D;20260505;000000;4555.59;0
Gold;D;20260506;000000;4691.015;0
Gold;D;20260507;000000;4684.78;0
Gold;D;20260508;000000;4713.56;0
Gold;D;20260509;000000;4713.56;0
Gold;D;20260510;000000;4713.56;0
Gold;D;20260511;000000;4735.598;0
Gold;D;20260512;000000;4714.39;0
Gold;D;20260513;000000;4687.43;0
Gold;D;20260514;000000;4649.55;0
Gold;D;20260515;000000;4539.39;0
Gold;D;20260516;000000;4539.39;0
Gold;D;20260517;000000;4539.39;0
Gold;D;20260518;000000;4566.025;0
Gold;D;20260519;000000;4481.79;0
Gold;D;20260520;000000;4543.755;0
Gold;D;20260521;000000;4542.695;0
Gold;D;20260522;000000;4508.93;0
Gold;D;20260523;000000;4508.93;0
Gold;D;20260524;000000;4508.93;0
Gold;D;20260525;000000;4508.93;0
