<DATE>;<TIME>;<OPEN>;<HIGH>;<LOW>;<CLOSE>;<VOL>
20060613;000000;602;603.9;591;593;277
20060614;000000;617;617;574;574;17
20060615;000000;576.5;585;576.5;585;175
20060616;000000;588.2;591;582.5;582.5;102
20060619;000000;580;580;574.6;577.5;74
20060620;000000;579.9;579.9;573.5;573.5;185
20060621;000000;582;586;579.5;583.5;510
20060622;000000;592;602.5;591;591;787
20060623;000000;590.4;591.1;581.1;589.9;730
20060626;000000;591.1;594;587;592.4;1352
20060627;000000;596.9;599.2;594.2;599.2;1118
20060628;000000;588.8;594.2;587.4;588.2;66
20060629;000000;587.8;596;587.8;596;282
20060630;000000;603;618.5;600;618.5;1119
20060703;000000;626;633;625;633;1275
20060704;000000;640;640;626.6;628.5;60
20060705;000000;630;636.5;625;625;1024
20060706;000000;634.8;635;630;634;183
20060707;000000;635;642.7;635;639.5;541
20060710;000000;636;636;627.5;632;1267
20060711;000000;634.1;639;633.1;639;887
20060712;000000;648.8;655;646;655;2019
20060713;000000;656.5;663;654.9;663;1948
20060714;000000;667;675;665;675;3589
20060717;000000;682;685;652;652;7740
20060718;000000;657.9;659.8;645.6;658;5271
20060719;000000;634;655.5;622.5;652;8834
20060720;000000;638;647.9;638;647.9;2493
20060721;000000;632;643;628.8;642.5;4338
20060724;000000;626.4;626.5;608.5;609.1;7443
20060725;000000;626.5;628;622;622.9;5125
20060726;000000;623;624;618.7;624;2105
20060727;000000;633.5;644.1;631;643.4;6935
20060728;000000;634;642.3;630.5;642.3;3072
20060731;000000;640.5;640.5;634;634;2778
20060801;000000;636.5;642.5;635.3;642.5;4594
20060802;000000;653;660;651;660;6554
20060803;000000;662.9;662.9;647;649;6083
20060804;000000;650;660;649;658.5;5091
20060807;000000;653.5;656;650.5;654;2653
20060808;000000;649.4;650.7;645.5;649;3761
20060809;000000;643.5;655;642.2;654.5;7851
20060810;000000;656.9;657.5;643;644.5;4749
20060811;000000;643.5;647.9;640.2;647.5;5947
20060814;000000;633.6;635;627;632.4;11786
20060815;000000;633;635;623;627;10159
20060816;000000;629;635;628.6;632.5;8830
20060817;000000;635;635;626;626.5;7242
20060818;000000;616.2;621.9;614.5;616.8;14741
20060821;000000;620;629.5;620;627.2;9467
20060822;000000;629;630.7;623.5;625.5;7356
20060823;000000;624.8;632.3;624.2;626.1;7003
20060824;000000;625.5;628.2;622.4;622.4;5370
20060825;000000;624.3;626;621.9;621.9;4088
20060828;000000;624;625.2;615.8;617.4;1596
20060829;000000;618.3;619.1;609.9;609.9;8417
20060830;000000;610.5;621.9;610.5;617.2;14843
20060831;000000;621.2;627.5;620.3;624;8039
20060901;000000;627;628;621;624;7513
20060904;000000;627;627.8;626.5;626.5;1506
20060905;000000;629.5;638.8;626.5;637.3;7377
20060906;000000;638.6;639.5;635;638.8;8385
20060907;000000;635;636.4;617;617.8;6287
20060908;000000;617.3;618.5;607;607;7675
20060911;000000;605;607.2;595.1;604;10988
20060912;000000;605.7;606.9;598.1;602.9;7507
20060913;000000;589;602;588.5;597.1;15216
20060914;000000;600;604.5;594;604;13820
20060915;000000;592;594;581.3;594;18145
20060918;000000;586;593.4;578.5;587;10496
20060919;000000;594.9;594.9;588.1;592.5;8868
20060920;000000;585;593;580;593;14101
20060921;000000;587;592;584.5;590;14426
20060922;000000;594;600;593.7;595;10702
20060925;000000;597.2;597.9;591;591.8;10029
20060926;000000;597.6;600;594.1;600;9832
20060927;000000;599.7;604.5;599.7;604.2;10548
20060928;000000;607;612;607;611;8355
20060929;000000;610;610.9;605.5;610.9;14146
20061002;000000;609.9;611;607;609.4;8959
20061003;000000;603;603.8;590;594.4;11080
20061004;000000;584.5;588;580;581;17332
20061005;000000;574.9;581;568.2;579.4;14088
20061006;000000;579.5;579.7;567;577.5;15459
20061009;000000;583;587;582.1;584.8;3997
20061010;000000;584.3;587;575;581.7;5084
20061011;000000;577;585;576.1;585;9846
20061012;000000;581.5;582.5;576.6;578;4043
20061013;000000;583.1;595;583;595;9328
20061016;000000;594;600.9;591.9;600.9;6242
20061017;000000;602;602.5;592;592.5;5943
20061018;000000;595.7;600.1;595.7;599.7;4611
20061019;000000;594;605.4;591.4;603.8;11291
20061020;000000;605;607;597.5;599.5;8199
20061023;000000;596;596.2;586.6;588;5164
20061024;000000;584.1;585.2;577.5;584.9;12170
20061025;000000;587.3;590.9;583.3;590.9;6829
20061026;000000;595.1;602.8;593.9;600.8;4914
20061027;000000;599.9;602.5;595.6;600.1;3346
20061030;000000;606.8;614.5;604.5;612.2;17247
20061031;000000;604;611;602;609.3;6987
20061101;000000;610.9;621.2;610.9;618.7;8901
20061102;000000;616.3;626.5;616.2;623.8;10251
20061103;000000;626;631.9;621.8;627.2;9697
20061107;000000;627;632.9;627;629.4;2222
20061108;000000;629.7;629.7;622;625.5;4218
20061109;000000;623;632;620;629;10170
20061110;000000;638.9;639.9;631;631.1;10295
20061113;000000;634.9;634.9;624.8;630.3;8313
20061114;000000;627;634.5;625.7;628.9;5646
20061115;000000;627.9;629;619.2;623.2;5923
20061116;000000;621;631.5;621;626.7;4973
20061117;000000;623.6;626.6;619.5;624.6;6257
20061120;000000;627.5;630.5;626.4;629.5;2167
20061121;000000;627;634;627;631.8;5033
20061122;000000;633;638.4;631.7;634.5;5653
20061123;000000;631.2;636.5;631.2;635;1186
20061124;000000;635.5;643;635.5;641;6852
20061127;000000;643.4;643.5;640.1;642.9;2102
20061128;000000;641.3;643.3;635.9;637;2603
20061129;000000;641.5;642.4;637.8;640.3;4329
20061130;000000;640.3;649.8;639;648.5;4318
20061201;000000;649.9;651.9;647;651.9;2018
20061204;000000;650.1;650.1;644;644.9;1698
20061205;000000;647.3;650.5;642;644;2547
20061206;000000;642.1;645.4;637;641;3388
20061207;000000;638.3;638.3;628.1;628.9;2379
20061208;000000;633.2;639.2;630;637;1845
20061211;000000;638;643;634;639;2412
20061212;000000;640.6;642.8;637.3;638.2;1972
20061213;000000;640.5;642.5;632.5;638.6;3232
20061214;000000;640.5;641.3;637;638.1;4191
20061215;000000;637.9;643;636.8;637.6;7924
20061218;000000;633.6;633.6;626.9;628.1;38543
20061219;000000;628.1;632;626.8;632;6436
20061220;000000;632.9;634.4;630.6;631.6;7181
20061221;000000;631.6;633;630.1;631.1;7276
20061222;000000;630;631.5;628.1;629.6;3545
20061225;000000;629;630.4;628.3;628.6;274
20061226;000000;630.1;637;630.1;636.2;3119
20061227;000000;633.5;637.3;633.5;636.5;1567
20061228;000000;636.7;643.2;635.3;642;7147
20061229;000000;642.8;645;638;640.5;1261
20070109;000000;622;623.9;614.8;615.6;10427
20070110;000000;622.8;622.8;614.1;615.5;5209
20070111;000000;619;623.2;618.5;619.6;4752
20070112;000000;621.2;627.5;619.7;625.5;3181
20070115;000000;629.1;633.9;629.1;633;2945
20070116;000000;632.7;634.7;631.7;632;2440
20070117;000000;632;634.4;627.5;634;3182
20070118;000000;639.3;642;635.5;637;10849
20070119;000000;634.6;636.8;633.4;636.8;3172
20070122;000000;640;644.7;638.3;644.1;3017
20070123;000000;642;649;641.1;648.7;5786
20070124;000000;650.7;650.7;645;645.1;9536
20070125;000000;650;660;650;658.5;8162
20070126;000000;652;654;646.9;652.9;4821
20070129;000000;652;652;647.1;651.5;1667
20070130;000000;648.3;652.9;647.3;651.8;1808
20070131;000000;652.7;659.5;649;657;4923
20070201;000000;658;666.4;657;664;4629
20070202;000000;661.2;664.1;650.6;653.8;10584
20070205;000000;652;656.8;651.1;654.6;6386
20070206;000000;655.3;662.5;655.3;658.3;4760
20070207;000000;660;661.3;658;658.3;898
20070208;000000;655.5;662;653.1;662;6522
20070209;000000;663;670.8;660.1;666.1;6718
20070212;000000;669;669.9;665.9;667.2;5246
20070213;000000;668.2;673.2;666.8;668.8;7002
20070214;000000;670;675.7;670;673;7089
20070215;000000;673;673.6;668.2;670.3;6217
20070216;000000;671.3;671.3;665.5;667.3;4069
20070219;000000;677;677.5;671.1;674.2;1125
20070220;000000;674;674;662.5;663.6;2631
20070221;000000;663;665;660.9;664.8;4040
20070222;000000;678.5;681.6;677.4;680;11178
20070226;000000;679.5;689.7;679.5;686.9;3353
20070227;000000;685.5;687.4;676;678;7004
20070228;000000;673;679;664;668;4886
20070301;000000;671.1;676.2;666.5;670.3;2413
20070302;000000;661.6;664.8;650;653.4;2274
20070305;000000;640;644;632.1;640;14432
20070306;000000;644;645.6;640.2;642.6;4757
20070307;000000;643.7;650.3;642.1;650.3;3414
20070309;000000;652.8;656.7;649.8;650.3;1211
20070315;000000;662.7;662.7;661;661;6
20070316;000000;666.5;672.4;666.1;670.5;1915
20070319;000000;671.2;673.5;669.5;669.5;1234
20070320;000000;669.9;676.5;669.5;674.7;311
20070321;000000;677.1;678.2;673.8;674.2;325
20070322;000000;679.8;681.2;679.8;680.5;221
20070323;000000;676.6;678.9;673;673;667
20070326;000000;676;679.1;676;679.1;106
20070327;000000;680.1;683;678.8;679;429
20070328;000000;683.2;683.2;683;683;23
20070329;000000;681;681;681;681;1
20070330;000000;678.2;679.5;677.9;679.4;52
20070402;000000;677.7;680.2;673.8;673.8;1300
20070403;000000;679;680.6;677.4;680.5;407
20070404;000000;680;685;679;685;302
20070405;000000;687;687.9;684.9;687.1;938
20070406;000000;684;684;684;684;1
20070409;000000;686.7;686.7;686.7;686.7;1
20070410;000000;687.9;689.5;687.3;688.1;462
20070411;000000;685;688.2;684.7;688.2;110
20070412;000000;686.5;687.7;684.7;685.6;383
20070413;000000;686;690.6;685.5;688.4;111
20070416;000000;694.6;695.2;693.5;695.2;361
20070417;000000;695;699.9;694.9;696;5247
20070418;000000;698.1;698.7;690.4;698.2;237
20070419;000000;690.2;692.9;688.7;688.7;143
20070420;000000;693.3;701;692.5;701;21
20070423;000000;697.7;699.2;696;697.7;953
20070424;000000;697.6;699;694.4;696.5;630
20070425;000000;691.5;694.2;691.5;693.6;645
20070426;000000;693;693;680.7;680.7;515
20070427;000000;679.3;684.7;677.5;684.7;7291
20070428;000000;687.1;687.2;684.3;684.6;8
20070502;000000;679.5;680;673.4;674.8;649
20070503;000000;679;682.6;679;680.9;837
20070504;000000;686.4;695.1;686.3;694;675
20070507;000000;693.6;696.8;693.6;695.8;4991
20070508;000000;694;694.3;691.1;691.8;620
20070510;000000;686.5;686.5;679.7;681.1;3265
20070511;000000;674.8;676.6;672.7;674.4;3581
20070514;000000;680.5;680.6;676;677.9;11849
20070515;000000;675.4;676;669.5;673.7;5818
20070516;000000;679;679;671;671.5;3728
20070517;000000;668.2;668.8;660.5;661.5;3441
20070518;000000;663.9;665.6;655.1;661.9;3510
20070521;000000;666;667.2;658.1;663;4631
20070522;000000;666.4;669.3;666;666.1;2602
20070523;000000;663.9;667.3;658;666.7;3279
20070524;000000;664.7;665.9;660;661.5;1430
20070525;000000;657.3;665;656.6;658.5;3566
20070528;000000;658;659;657.1;657.1;875
20070529;000000;658.8;663.9;657.9;663.7;3006
20070530;000000;660.1;660.4;653;655.6;3317
20070531;000000;663.2;663.3;657.7;661.1;2994
20070601;000000;664.6;669.8;663.7;668.5;1626
20070604;000000;671.3;672.5;670.8;672.2;545
20070605;000000;673.6;674.2;670.3;671.7;1821
20070606;000000;671.9;672.3;668.5;671.3;1337
20070607;000000;672.6;673.2;666.8;667.9;2385
20070608;000000;659.1;659.1;653.2;656;2356
20070609;000000;649;651.9;649;651.9;67
20070613;000000;658.5;661.9;656.1;661.1;9182
20070614;000000;662.5;664.2;659;664.2;640
20070615;000000;663.2;665.6;662;664.5;696
20070618;000000;669.5;671.1;666.6;666.6;3202
20070619;000000;665.4;667.6;664.4;667;2121
20070620;000000;671.7;671.7;667.6;668.2;2905
20070621;000000;665;667.1;662.8;663;3713
20070622;000000;662.2;666.3;662;663.7;1149
20070625;000000;663;663.3;659;661.1;1119
20070626;000000;660.5;660.5;657;658;2592
20070627;000000;653.8;653.8;649;652;4040
20070628;000000;653.5;657.5;653.5;657.5;1867
20070629;000000;656;659.7;656;658.9;1723
20070702;000000;657.7;663.1;657.3;663.1;1926
20070703;000000;659;666.1;659;663.4;1130
20070704;000000;663;663.6;661;663.6;124
20070705;000000;663.2;664.7;660.8;661.5;1945
20070706;000000;658.1;658.1;655;657.2;4149
20070709;000000;658.8;669.7;658.8;667.5;5314
20070710;000000;666;677;666;673.2;4988
20070711;000000;673.6;673.7;669.6;672;682
20070712;000000;669.5;674.9;669.5;674.9;1516
20070713;000000;674.5;675.5;671;675.5;1174
20070716;000000;676.5;676.5;673.1;673.2;586
20070717;000000;671.5;677.4;670;677.4;652
20070718;000000;675;676.8;672.4;673.9;1585
20070719;000000;678.7;681;678.5;681;2186
20070720;000000;684;688.9;682;687.9;2307
20070723;000000;688.5;690.5;683.8;683.8;1245
20070724;000000;686.9;693.2;686.9;689.1;1686
20070725;000000;686.5;687.3;681;682.2;3234
20070726;000000;681.7;682.5;673.5;679.8;2366
20070727;000000;674.8;674.8;665.4;669.8;2569
20070730;000000;670;670;665.9;667;1668
20070731;000000;669.1;674;669.1;671.7;2147
20070801;000000;666.3;674;665.3;670.5;3456
20070802;000000;670.3;672.3;669.7;672.3;953
20070803;000000;670.8;682.2;670.5;682.2;446
20070806;000000;678.8;679.7;676.5;676.5;2079
20070807;000000;675.7;676.3;672.1;674;2894
20070808;000000;675.4;680.2;675.2;680;991
20070809;000000;678.9;679;665.1;666.1;2706
20070810;000000;668.2;675;662.2;675;2400
20070813;000000;674.7;676.4;673.5;674;1270
20070814;000000;674.4;678.8;670.1;673;1670
20070815;000000;671.5;675.1;667;675.1;1827
20070816;000000;669.7;673;665.7;673;2215
20070817;000000;653;669.9;649.9;661;5846
20070820;000000;660.6;663;657.1;657.1;1479
20070821;000000;662;662.8;659.6;662.4;783
20070822;000000;667.1;667.1;659.8;663.4;1858
20070823;000000;666.1;670;662.1;667.5;3621
20070824;000000;655;665.1;655;664;1335
20070827;000000;669;670.6;669;669.2;770
20070828;000000;670.3;670.7;667.5;670.4;2279
20070829;000000;666.8;671.5;665.2;669.2;1130
20070830;000000;668.1;668.8;664.1;667;775
20070831;000000;670.1;676;665.1;673.3;3496
20070903;000000;674.7;676.8;672;672;178
20070904;000000;675.1;679.1;674.6;679.1;1115
20070905;000000;679.1;682.4;679.1;681.9;4032
20070906;000000;685.6;690.4;671;689;6982
20070907;000000;693.9;707;692.8;702.1;5700
20070910;000000;715;721.8;715;719.1;2956
20070911;000000;718.1;721.2;717.5;719.4;8977
20070912;000000;724.8;729.8;721.7;722.4;2793
20070913;000000;723;723;717;719.5;4406
20070917;000000;725.1;730.9;722.5;728.7;7716
20070918;000000;730.2;734.5;727;727;5712
20070919;000000;735;738.3;734.1;737;3803
20070920;000000;736.2;747.5;735.7;740.3;7056
20070921;000000;749.2;753.6;746;749.2;5270
20070924;000000;747.4;749;742.5;742.5;2340
20070925;000000;740.1;742.5;735.4;742.2;4344
20070926;000000;744;749.6;742.1;749;2073
20070927;000000;742;749.3;741.3;747;4384
20070928;000000;749.9;757.1;749;757.1;3912
20071001;000000;757.9;769.5;752.9;754.2;2538
20071002;000000;750.1;750.1;741.1;744;8502
20071003;000000;743.9;745.3;739.2;741.6;3423
20071004;000000;735.1;739.9;730;731.5;3813
20071005;000000;744;747.6;735.1;746;7280
20071008;000000;745.5;761.1;741;744.9;4257
20071009;000000;740.2;745.3;736;744.6;5486
20071010;000000;752;752.9;746.3;749.5;5948
20071011;000000;753;755.1;750.8;754;5358
20071012;000000;754.9;758.9;753;756.8;5797
20071015;000000;757.1;766.8;740.4;765.8;6584
20071016;000000;768;773.1;761.8;763.9;10517
20071017;000000;765;770.6;762.6;768.8;26174
20071018;000000;766;772.2;762.5;770.4;7151
20071019;000000;774.9;777;770;774.9;5891
20071022;000000;767.2;767.9;751;758.9;9082
20071023;000000;763;767.5;761.9;763.9;10524
20071024;000000;762.8;763.8;759.2;762.7;3047
20071025;000000;767.1;774.3;767.1;772;4691
20071026;000000;780;785.2;778.5;785.2;10431
20071029;000000;793;799.4;790.4;791.8;9380
20071030;000000;789.8;791;784.3;789.1;12037
20071031;000000;788.8;795.4;784.7;794.4;11687
20071101;000000;804;804.9;788.4;794.4;11987
20071102;000000;794.1;801.6;792.3;798.8;5942
20071106;000000;814;827.3;813.1;825.7;11014
20071107;000000;841.9;850;833.6;840.4;27336
20071108;000000;837.2;845.4;830.7;841.5;10773
20071109;000000;838.7;840.4;830.7;834.9;10198
20071112;000000;823;823.8;806;811.2;15102
20071113;000000;810.5;812.3;804.6;809.5;6398
20071114;000000;809;818.4;807.5;816.8;4672
20071115;000000;815.7;816.6;795;799;7815
20071116;000000;793;799.9;789.1;794.8;8664
20071119;000000;800;800;786.5;787.4;6828
20071120;000000;787.3;797.1;787.3;797.1;9654
20071121;000000;805;809.5;797.2;802;7210
20071122;000000;804.7;806.3;803;806.3;785
20071123;000000;812.1;818.5;809.3;816.2;7172
20071126;000000;827.8;837.2;826.3;831.5;7444
20071127;000000;825.5;828.4;812.6;814.3;7329
20071128;000000;810;810;793.6;804.2;10361
20071129;000000;808.9;809.1;797.2;798.4;4677
20071130;000000;796;798.3;786.6;788.3;12313
20071203;000000;791.8;791.8;778;784.9;5653
20071204;000000;791;801;787.4;797.5;15363
20071205;000000;805.4;806;794.5;794.5;6196
20071206;000000;793.3;800;785.6;798.4;13253
20071207;000000;799.7;805.9;794.4;794.8;5413
20071210;000000;812.9;826.5;811.9;825;6808
20071211;000000;824.2;824.2;819;821.6;1430
20071212;000000;820;830.7;817.8;830.4;2210
20071213;000000;826.5;828.5;813.5;815;3723
20071214;000000;813.3;813.5;803;805;4652
20071217;000000;804;804.7;797.5;801.9;4593
20071218;000000;805.4;818.9;803.7;816.9;11427
20071219;000000;812.5;816.3;810.5;814.5;4604
20071220;000000;814.1;814.2;807.1;808;2109
20071221;000000;813.5;823.6;811.3;821.5;5188
20071224;000000;821.5;827.2;820.9;827.1;4382
20071225;000000;827.1;827.1;818;822.6;1113
20071226;000000;825.5;831.6;823;830;9252
20071227;000000;834.5;841.5;833;838.2;4454
20071228;000000;833.3;846.2;833.3;845.3;2346
20080109;000000;890.2;897.3;880;884.6;14257
20080110;000000;884.4;893.1;874.2;890;13466
20080111;000000;893;903.5;893;898;20321
20080114;000000;913.7;920.5;910.1;910.6;15652
20080115;000000;916.5;920.1;910;919.1;11713
20080116;000000;896.1;904.8;886.5;898.3;19608
20080117;000000;894;897.4;887.6;896.7;8515
20080118;000000;888;895.9;878.9;890;11982
20080121;000000;888;888;867;877.2;8306
20080122;000000;862;883.8;855.4;882.7;26688
20080123;000000;893.9;896.9;881.6;894;14803
20080124;000000;896.8;917;894;914.3;12724
20080125;000000;919.5;930.1;918.9;925.6;17931
20080128;000000;926;928.9;921.2;928.9;5756
20080129;000000;931.7;938.3;926;930;16367
20080130;000000;929.6;931.6;921;923.4;10851
20080131;000000;929;932.7;922.8;926.9;15267
20080201;000000;929;940;927.2;931.9;16315
20080204;000000;913.6;914.2;895.2;901.4;14520
20080205;000000;905.5;905.7;888.1;892.5;8944
20080206;000000;892.2;905.5;888.9;905;12004
20080207;000000;909.2;913.4;900;903.7;12815
20080208;000000;911.5;919.3;910.8;919.1;9560
20080211;000000;924.1;929.6;920.7;922.7;4305
20080212;000000;924;926.6;914.8;919.1;6245
20080213;000000;904.1;908.1;898.8;901.2;6676
20080214;000000;912.3;916.1;904.1;906.6;4937
20080215;000000;910.3;917.9;909.2;915.1;4677
20080218;000000;912.1;912.1;903;905.6;3730
20080219;000000;913.2;927.1;911.9;925;8958
20080220;000000;929.2;930.6;915.3;922.8;13479
20080221;000000;943.2;949.1;932.1;947.5;11324
20080222;000000;944.1;951.8;943.9;944.5;6696
20080226;000000;933;939.5;928.3;937.9;6513
20080227;000000;955;965;953.6;957.3;15669
20080228;000000;955.2;963.6;954.5;960.8;6251
20080229;000000;970;977;965.4;973;11672
20080303;000000;983.5;992.8;978.9;990.5;12524
20080304;000000;982;989.5;981.8;984.9;9842
20080305;000000;964.8;976;960.4;976;12343
20080306;000000;986;992.5;972.3;975.5;12922
20080307;000000;983.5;990.1;972;976.8;24620
20080311;000000;981.4;998.6;980.1;985;12184
20080312;000000;988;994.7;981.5;988.5;3713
20080313;000000;999.4;1011.4;997.1;1008.3;11666
20080314;000000;1006.2;1018.1;1003.5;1016.6;19293
20080317;000000;1020.5;1039.8;1015.5;1025.5;17551
20080318;000000;1015.7;1035.1;1005.2;1023;43314
20080319;000000;1001;1015.5;980.7;981;36847
20080320;000000;951;960.7;927;938.6;34504
20080321;000000;937;939;928;938.5;1736
20080324;000000;930;939.8;929;937.3;16951
20080325;000000;936;948;936;945.9;16457
20080326;000000;952.7;960.9;945.4;957.8;12980
20080327;000000;959.5;962.3;949.8;958.2;13495
20080328;000000;955;957.9;937.7;944.3;11245
20080331;000000;945;950.9;941.8;944.6;11669
20080401;000000;930;930;830.2;900.8;22672
20080402;000000;895;906.9;892;905;12016
20080403;000000;910;915.2;903;912;16286
20080404;000000;913.9;922;911.1;915.5;12272
20080407;000000;923.7;934;919.4;934;11964
20080408;000000;930;937;921.5;925.8;16913
20080409;000000;925;927.2;914.5;926.3;15018
20080410;000000;937;951.5;936.5;944;26043
20080411;000000;931;940.8;931;936.7;20876
20080414;000000;930.9;937.5;925.1;936.2;14503
20080415;000000;940;955;936.5;941.5;12927
20080416;000000;944.8;956;938.6;955.5;15639
20080417;000000;954.5;960.9;950.7;956;15894
20080418;000000;955;958.8;913.2;916.8;39090
20080421;000000;920.2;934.5;919;922;18099
20080422;000000;920.5;928.2;917.5;926.8;15156
20080423;000000;924.7;927.5;902.1;904.6;23209
20080424;000000;906;911.4;896.6;899.4;27716
20080425;000000;896;902;885.5;897;34789
20080428;000000;898.5;900;892;894.5;8020
20080429;000000;894;894.5;881.7;885.7;22390
20080430;000000;883;883;868.3;877.5;26957
20080504;000000;860.9;867.8;859;862.5;2704
20080505;000000;868.3;875;866.5;874;9403
20080506;000000;880;886.2;875.9;885.2;20009
20080507;000000;882;894.9;868.7;871.2;23524
20080508;000000;872.2;883;870.5;881.4;16428
20080512;000000;883.5;887.4;880.5;886.3;20542
20080513;000000;881.6;884.3;865.3;865.5;17952
20080514;000000;870.2;874.1;863;869;11581
20080515;000000;870.9;888.2;867.8;884.5;17893
20080516;000000;884.4;902.2;884;900.5;26935
20080519;000000;907.1;916.7;907.1;910.1;12725
20080520;000000;911.6;917;898;915;14161
20080521;000000;919.9;931.9;919.9;925;13540
20080522;000000;932.8;938.1;924.1;931.3;20153
20080523;000000;922.5;932;920.1;931.8;17561
20080526;000000;930;930.4;925.4;929.5;5475
20080527;000000;931;932.7;907;931.9;16921
20080528;000000;912;912.8;890;909.4;26425
20080529;000000;901.1;906.5;881;902.4;37314
20080530;000000;880.3;892.9;873.5;882.2;27292
20080601;000000;888.29999;891.40002;884.09998;890.5;2959
20080602;000000;888.40002;898.5;884.09998;890.5;23888
20080603;000000;896;899.5;878.70001;894.3;23318
20080604;000000;882.29999;888.79999;877;883.09998;31405
20080605;000000;881.09998;882.5;866.90002;879.5;23130
20080606;000000;879.90002;903.40002;879.40002;903.40002;36864
20080607;000000;902.5;907;901;903;1539
20080609;000000;903;911;892.5;894;33383
20080610;000000;901.5;904.20001;878.5;879;36435
20080611;000000;882;895.5;882;892.20001;27870
20080616;000000;892.20001;902.90002;879.09998;891.70001;42021
20080617;000000;893.70001;898;883.29999;894.5;35501
20080618;000000;892.09998;903.90002;891;903;18408
20080619;000000;901.79999;917.09998;896;907;55704
20080620;000000;909.90002;915.90002;906.5;912;67055
20080623;000000;912.70001;915.40002;888.70001;891.90002;42016
20080624;000000;892;907;890.5;896.29999;39057
20080625;000000;896.40002;896.79999;881.09998;891;47082
20080626;000000;891;923.5;891;922.90002;63539
20080627;000000;922.90002;936;917.90002;933.40002;35191
20080630;000000;934.70001;942.20001;926;932.29999;43520
20080701;000000;932.70001;953;931.20001;947;35528
20080702;000000;946.59998;952.90002;938.29999;952;35841
20080703;000000;951.29999;954.79999;933.90002;939.79999;28420
20080704;000000;940.09998;942;935.59998;939.90002;14110
20080707;000000;938.90002;938.90002;921.70001;931.59998;33911
20080708;000000;934.20001;939.5;919.59998;927.59998;27593
20080709;000000;927.29999;935.40002;923.70001;932.5;17812
20080710;000000;934.5;951.90002;931.70001;951.90002;33066
20080711;000000;949.79999;973;948.40002;970.5;37845
20080714;000000;968.79999;977.90002;959.09998;975.5;20324
20080715;000000;974.70001;993.40002;974;980;28236
20080716;000000;978.79999;986;965;965.20001;26633
20080717;000000;965.29999;983.29999;958.29999;962.5;27082
20080718;000000;963.90002;970;955.5;961.20001;24306
20080721;000000;964.09998;974.09998;963.90002;970.90002;24544
20080722;000000;970.90002;981.40002;951.70001;951.70001;43535
20080723;000000;951.70001;951.70001;924;926;32994
20080724;000000;928;936.40002;921;936.20001;32082
20080725;000000;936.5;941;924.59998;935;40636
20080728;000000;935.5;938.09998;928.09998;934.79999;10083
20080729;000000;935.29999;936.70001;918;921.90002;26271
20080730;000000;920;922;896;910;53046
20080731;000000;912.7;928;909.5;918;20797
20080801;000000;915;919;904;912.5;12227
20080804;000000;914.79999;917.40002;897.29999;901.70001;21659
20080805;000000;897.20001;897.20001;877;881.90002;15650
20080806;000000;881.5;889.5;876;883.70001;13272
20080807;000000;883.79999;887.90002;870.29999;876.59998;10272
20080808;000000;872.09998;872.09998;852.09998;855.70001;22437
20080809;000000;853.5;860;852.09998;855.70001;772
20080811;000000;860;866.5;834.59998;834.59998;26058
20080812;000000;834.59998;834.59998;802.70001;818.70001;30450
20080813;000000;819.29999;831.5;815.20001;829.40002;22759
20080814;000000;831.40002;837.90002;805.5;807.5;27556
20080815;000000;806.79999;806.79999;777.70001;784.79999;22580
20080818;000000;787.5;804;787.5;800.79999;17890
20080819;000000;800;811.79999;782.70001;811.70001;18892
20080820;000000;811.79999;818.09998;800.5;812.5;13138
20080821;000000;813.79999;839;813.79999;836;23622
20080822;000000;837;838.09998;820.90002;823.70001;18440
20080825;000000;820.09998;827.40002;817;822.5;16588
20080826;000000;820.5;831.29999;807;826.20001;16121
20080827;000000;827.5;835.79999;824.20001;828;15602
20080828;000000;830;845;826.29999;835;15462
20080829;000000;834.40002;840.79999;830;831.5;18257
20080901;000000;831.5;835.5;817.29999;818.40002;10161
20080902;000000;817.5;817.5;790.40002;806;26107
20080903;000000;805.09998;809.20001;790;802;27821
20080904;000000;803;815;794.09998;797.59998;23740
20080905;000000;797.29999;815.09998;792.40002;802.90002;17416
20080908;000000;804.70001;818.5;797.29999;802.09998;19171
20080909;000000;799;804.70001;775.79999;779.09998;17486
20080910;000000;781.5;790.70001;764.20001;764.20001;15015
20080911;000000;765;765.09998;742;748.70001;9264
20080912;000000;751.79999;773.29999;751.79999;772.09998;23913
20080915;000000;779;793.29999;771.40002;792.09998;19152
20080916;000000;785.09998;797.09998;779.5;784.79999;12222
20080917;000000;787.70001;835.90002;787.70001;835.90002;8358
20080918;000000;835.90002;923.90002;835.90002;845;34636
20080919;000000;858;889;831.09998;889;15097
20080922;000000;879.59998;916.29999;875.5;915;18072
20080923;000000;908.40002;911.79999;888.09998;902.5;23806
20080924;000000;899;911.20001;885.09998;886;12108
20080925;000000;887.70001;906;875;886.5;15756
20080926;000000;885.90002;913.5;876.09998;893.59998;16071
20080929;000000;891.20001;929.20001;875.40002;921.29999;25016
20080930;000000;921;921;870.20001;875.5;23778
20081001;000000;880.5;899.79999;876.79999;881;15230
20081002;000000;880;882.5;836.5;844.79999;23002
20081003;000000;847.79999;854.59998;825;839.29999;32429
20081006;000000;835.5;885;831.09998;868.79999;17790
20081007;000000;871.70001;896.09998;871.70001;890.90002;20180
20081008;000000;891.20001;926;891.20001;909.70001;24975
20081009;000000;901.59998;921.90002;885;916.29999;23660
20081010;000000;921;938.09998;857.79999;857.79999;30108
20081013;000000;857.79999;870.90002;826;839.70001;20704
20081014;000000;841.5;859;835;842.5;16500
20081015;000000;847;861.40002;835.90002;849;13586
20081016;000000;847.59998;847.59998;788.59998;811.59998;17559
20081017;000000;813;818.90002;775.5;794.79999;11837
20081020;000000;795.5;812;788;798.90002;10074
20081021;000000;798.40002;799;769;774.5;9980
20081022;000000;772.5;772.5;723.40002;725.09998;13163
20081023;000000;732;745;700.40002;719.90002;23846
20081024;000000;715;753;683.59998;736;24463
20081027;000000;729.59998;749;708.90002;736;14089
20081028;000000;745.90002;757;730.5;751;13879
20081029;000000;749;776;739.20001;760.59998;18548
20081030;000000;764.40002;780.59998;735.59998;740.09998;13368
20081031;000000;737.79999;743.5;719;723.29999;15902
20081101;000000;725.90002;731.59998;724;724;987
20081105;000000;750.29999;766;724;742.5;17769
20081106;000000;740.09998;763;717;734.09998;16056
20081107;000000;738.70001;746.70001;733.29999;737.70001;9923
20081110;000000;740.90002;770.20001;740.90002;747.90002;14296
20081111;000000;748;748;727.59998;734.90002;11940
20081112;000000;739.90002;740.20001;710.59998;711.29999;13209
20081113;000000;712.40002;735;701;730;17149
20081114;000000;731.09998;755.90002;726.90002;749.09998;13660
20081117;000000;746.09998;750.09998;732.20001;740.59998;17476
20081118;000000;737.29999;747;732.09998;738;13352
20081119;000000;739.70001;764.59998;734.09998;738;11777
20081120;000000;743;754;737.70001;751;20962
20081121;000000;753.40002;798;753.40002;797.90002;29904
20081124;000000;794.09998;832;789.90002;829.90002;23298
20081125;000000;828;832.09998;804.59998;823;27596
20081126;000000;815.5;823;809;819;16359
20081127;000000;815.5;817.29999;811;817.29999;5422
20081128;000000;814.20001;821;809.09998;819.20001;10851
20081201;000000;819.09998;819.09998;769.40002;772.70001;23006
20081202;000000;768;785.5;761.20001;780.20001;19701
20081203;000000;780.20001;782.79999;764.20001;771.29999;16504
20081204;000000;767;788.09998;762.70001;766.40002;22698
20081205;000000;766.40002;772.79999;742.20001;759.5;23306
20081208;000000;764.09998;781;764.09998;774;14612
20081209;000000;771.29999;780;762.5;773.20001;17551
20081210;000000;787.29999;818.40002;784.29999;814;4013
20081211;000000;817.79999;839.40002;817.09998;827;6667
20081212;000000;825;832.70001;814;821.70001;10262
20081215;000000;825.5;847;825;840.5;15060
20081216;000000;840.40002;863.59998;834.20001;859.5;13185
20081217;000000;860;887.20001;851;874;17099
20081218;000000;872;882;852.79999;860;16463
20081219;000000;858.29999;858.29999;834.40002;844.79999;19128
20081222;000000;846;856.70001;844;853.5;10916
20081223;000000;850.5;852;834.40002;843.59998;11900
20081224;000000;844.90002;855;839;853.90002;6228
20081225;000000;851;877;825;849;959
20081226;000000;850.79999;871.79999;848;871;3909
20081229;000000;871.79999;893;871.79999;884;13174
20081230;000000;881.29999;882.29999;869;879;7401
20081231;000000;877;881.40002;869.20001;870.59998;1586
20090111;000000;859.90002;867.59998;854;864.79999;910
20090112;000000;861;861;818.09998;822.20001;18154
20090113;000000;819.5;832.59998;816.20001;823.90002;12016
20090114;000000;824.90002;831;809.20001;814.90002;8440
20090115;000000;811;823.29999;802.29999;821.70001;16366
20090116;000000;821.70001;844.40002;820.09998;843;11888
20090119;000000;842.59998;845.70001;833.59998;839;6053
20090120;000000;835.09998;868;822.29999;858;28836
20090121;000000;854;866;845;858.59998;14838
20090122;000000;856.20001;864;845.29999;860.79999;17240
20090123;000000;859;903.79999;853.40002;902.40002;13319
20090126;000000;897.20001;917.79999;897;907.59998;20499
20090127;000000;908.20001;909.40002;894;898.40002;11731
20090128;000000;896.79999;903.20001;884.79999;891.29999;18129
20090129;000000;887;911.59998;876.20001;911.59998;25036
20090130;000000;908;934.09998;904.59998;930;36087
20090202;000000;929;929;906.5;907.40002;22629
20090203;000000;906.29999;914.90002;892.5;901.70001;30255
20090204;000000;900;910.5;897.40002;908;19033
20090205;000000;906.40002;926.29999;904.5;916.79999;22262
20090206;000000;917.40002;922.5;907;913.29999;25760
20090209;000000;913.29999;913.29999;894.40002;901.90002;22717
20090210;000000;899.70001;924;895.40002;919.90002;18276
20090211;000000;917.5;951.79999;917.29999;944;24996
20090212;000000;944.59998;953.5;910.5;950;51798
20090213;000000;948.09998;948.09998;933.59998;942.5;18242
20090216;000000;941.09998;946.29999;940.20001;944.5;6142
20090217;000000;945;977.90002;945;972.20001;31036
20090218;000000;973.59998;990;966;988.40002;35032
20090219;000000;988.09998;988.09998;973.5;979.40002;20807
20090220;000000;981;1011.90002;980;998;20094
20090224;000000;997.09998;1002.09998;966.20001;971;28035
20090225;000000;970;982.5;951.79999;954.70001;39384
20090226;000000;953.79999;962;937.5;950.79999;28151
20090227;000000;948;968;932.70001;949.29999;21875
20090302;000000;952.79999;963.29999;929.09998;930.59998;26912
20090303;000000;929.90002;931;906.29999;915.09998;31733
20090304;000000;915.5;924.20001;900.59998;906.29999;25943
20090305;000000;909.70001;936.79999;908;934.20001;35793
20090306;000000;935.59998;946;931.09998;940.79999;16846
20090310;000000;945.09998;945.09998;892.5;895;36200
20090311;000000;900.20001;915.40002;896.40002;912.79999;15580
20090312;000000;914.79999;933;910.09998;928.59998;12722
20090313;000000;927;942;922;932;12106
20090316;000000;930.20001;935;918.79999;927.90002;9218
20090317;000000;926;927;915;918.5;7000
20090318;000000;918.59998;944;888.29999;941;32401
20090319;000000;940;965;930.79999;963;27071
20090320;000000;962.29999;972.59998;949.5;955;14192
20090323;000000;958.90002;959.79999;938.20001;941.20001;6299
20090324;000000;940.59998;940.79999;920.20001;932.5;12390
20090325;000000;929.5;943.90002;917.70001;935.20001;15701
20090326;000000;935.40002;947.90002;934.90002;935;10773
20090327;000000;935.20001;939.20001;922;926.90002;4892
20090330;000000;927;933.09998;911.29999;922.29999;13892
20090331;000000;922.20001;927.40002;915;921;7023
20090401;000000;920.79999;935.59998;919;926.79999;9768
20090402;000000;925.59998;926.40002;898.5;907.5;16692
20090403;000000;909;914;895.09998;897.59998;8883
20090406;000000;895.09998;895.09998;869;874.40002;10066
20090407;000000;876.09998;891;876.09998;888.59998;9703
20090408;000000;889.5;893.20001;876;883.59998;6175
20090409;000000;883;890.09998;878.59998;882.29999;5208
20090410;000000;887.70001;888.90002;880.29999;883.20001;417
20090413;000000;885.79999;902.90002;885.79999;894.5;4152
20090414;000000;896.59998;901.29999;889.09998;892.20001;2333
20090415;000000;893.79999;901;887;893.59998;5459
20090416;000000;893.59998;896;873.90002;875.09998;5898
20090417;000000;876;878.09998;862;868;8405
20090420;000000;869.29999;891;869;885.90002;13912
20090421;000000;887.79999;897.5;880.40002;884.90002;19680
20090422;000000;885.09998;894.5;883;890.59998;4038
20090423;000000;891.29999;909.40002;890.59998;905.59998;6803
20090424;000000;908.90002;914.40002;905;912.40002;4381
20090427;000000;913.5;917.29999;905;907.29999;5433
20090428;000000;905.29999;905.29999;884.5;893.20001;5899
20090429;000000;893.5;904.5;891;896.79999;4511
20090430;000000;897.20001;899.90002;880.70001;889.20001;6012
20090504;000000;892.90002;910;888.70001;901.59998;3782
20090505;000000;903.29999;916.40002;897.40002;898.29999;4361
20090506;000000;900.90002;913.79999;900.90002;909.90002;3005
20090507;000000;911;926.79999;910;911.5;8317
20090508;000000;915.09998;920.29999;903.20001;916.20001;4352
20090512;000000;915.70001;923;913.29999;921.59998;4703
20090513;000000;924.90002;930.59998;918.09998;925.79999;4200
20090514;000000;926;929.20001;920.5;927.5;3278
20090515;000000;926;934;923.79999;930.09998;4122
20090518;000000;931;932.09998;910.59998;919;3797
20090519;000000;921.5;928.90002;918.40002;925.79999;4682
20090520;000000;927.09998;942;926.09998;940;16028
20090521;000000;940;956.40002;937.5;954.29999;5379
20090522;000000;957;964;951.09998;957.29999;12655
20090525;000000;955.70001;962.90002;952.79999;961.29999;2403
20090526;000000;960;960;940.09998;953.70001;4619
20090527;000000;948.20001;959;946.90002;950;1828
20090528;000000;947;964.20001;944.90002;960.29999;2390
20090529;000000;963;981;963;981;3358
20090601;000000;981;988.70001;974.5;981;31691
20090602;000000;978.70001;989.59998;973.29999;982.5;5285
20090603;000000;987.90002;993;962.09998;964.40002;4466
20090604;000000;970;984;963;981.20001;3405
20090605;000000;981.5;983.79999;954;955;5149
20090608;000000;956.20001;957.20001;945.20001;953.40002;3581
20090609;000000;952.79999;963.5;950.5;956.20001;2070
20090610;000000;963.79999;990;946.09998;954.40002;7575
20090611;000000;957.70001;961.90002;942;956.79999;7453
20090615;000000;952.90002;952.90002;926.40002;929.09998;3547
20090616;000000;929.59998;939;929.59998;935.29999;4076
20090617;000000;937;939.09998;928.90002;939.09998;2566
20090618;000000;939.70001;941.5;930.20001;934.29999;2931
20090619;000000;934.40002;939.79999;932;935.79999;2339
20090622;000000;933.09998;934.59998;918.90002;921.79999;4976
20090623;000000;919.29999;927.20001;905.09998;926.59998;2549
20090624;000000;926.09998;943;926;930.29999;2967
20090625;000000;936;941.5;933.29999;940;2697
20090626;000000;942.70001;949.29999;937;941.29999;1886
20090629;000000;939.70001;943.5;935.5;939.29999;1286
20090630;000000;943;945.90002;925.5;930.90002;2909
20090701;000000;932;946.5;930.40002;940.79999;2596
20090702;000000;941;942.09998;928;931;2321
20090703;000000;934;934.59998;931.09998;933.59998;576
20090706;000000;931.09998;931.09998;921.5;924.79999;1193
20090707;000000;924.59998;934;922.09998;925.09998;1338
20090708;000000;923.70001;926;906;911.5;3187
20090709;000000;914.70001;918.79999;911.70001;913.29999;3625
20090710;000000;913.20001;914;907.20001;913.90002;1442
20090713;000000;909.90002;924;908;921;2450
20090714;000000;920.70001;926.5;920.20001;924.5;1839
20090715;000000;925.20001;941.70001;925.20001;939.5;3971
20090716;000000;938;939.59998;933.5;937.5;1514
20090717;000000;936.40002;939.09998;931.29999;934.40002;4220
20090720;000000;943;959.79999;943;949;4824
20090721;000000;949;954;943.90002;946;1847
20090722;000000;948.40002;954.70001;945;950.5;1228
20090723;000000;953.90002;959.70001;949.09998;951.09998;5230
20090724;000000;949.70001;954.90002;948.20001;952;1643
20090727;000000;954;959.29999;951.90002;953.29999;1526
20090728;000000;955;957;935.70001;937.5;1832
20090729;000000;938.29999;938.29999;926.5;929.20001;2102
20090730;000000;931;938;930.29999;934.29999;1606
20090731;000000;938;959.70001;931.09998;954.40002;1107
20090803;000000;954;964;952.5;957.59998;2083
20090804;000000;956.5;970;952.20001;965.59998;2011
20090805;000000;963.5;967.29999;959.79999;967.09998;1823
20090806;000000;964.5;971.90002;957.29999;965;4369
20090807;000000;962;964.20001;952.29999;955;2180
20090810;000000;954.40002;956.20001;944;946.29999;1372
20090811;000000;950;950;940;947.29999;801
20090812;000000;945.40002;953;940;943.5;2808
20090813;000000;952.20001;959.59998;951.5;953;3131
20090814;000000;953.5;959.59998;942.5;947.70001;2235
20090817;000000;942;943.40002;929.5;935;5394
20090818;000000;935.59998;939.40002;934.20001;938;2834
20090819;000000;937.5;944.40002;932;941.20001;2585
20090820;000000;943.5;944.09998;937.79999;940.40002;10339
20090821;000000;940;957.59998;938.5;953.79999;5816
20090824;000000;953.29999;957.5;935;941.29999;9738
20090825;000000;941;954.70001;941;944.5;4612
20090826;000000;947.40002;950;941;944.5;2208
20090827;000000;945.70001;950;941;949.29999;1438
20090828;000000;950;963.90002;949.59998;955.5;3035
20090831;000000;954.59998;955.09998;943.5;951;2224
20090901;000000;954.70001;957.70001;945.90002;954.5;2713
20090902;000000;955;980;953.09998;979.29999;4442
20090903;000000;978;998;976.59998;993.59998;12521
20090904;000000;992.90002;999.70001;985.09998;996;7942
20090907;000000;995.09998;999.59998;993.79999;994.90002;3881
20090908;000000;997.70001;1019;997;997.70001;10144
20090909;000000;1002.20001;1005;989.59998;995.90002;4980
20090910;000000;999.5;1005;990.20001;1001;3589
20090911;000000;1005;1018.5;1005;1014;2523
20090914;000000;1008.29999;1011.09998;1001.09998;1004.20001;5661
20090915;000000;1004;1016.20001;998.09998;1013.5;3365
20090916;000000;1018.29999;1039.80005;1018.29999;1024.90002;5141
20090917;000000;1028.69995;1034.80005;1012.09998;1020.09998;3370
20090918;000000;1019.29999;1023.20001;1013.5;1014.20001;4272
20090921;000000;1010;1011.29999;1001.90002;1009.40002;2620
20090922;000000;1011.09998;1026;1011.09998;1020.20001;3041
20090923;000000;1020.20001;1022.59998;1012;1015.59998;2712
20090924;000000;1018.09998;1021.79999;994.40002;997.09998;6093
20090925;000000;995.40002;1003.20001;990.09998;994.09998;1722
20090928;000000;993;1000;989.09998;993.90002;1390
20090929;000000;995;998.90002;988.40002;996;1114
20090930;000000;997.40002;1012.59998;997.40002;1008.5;2775
20091001;000000;1011;1013.09998;1000.5;1002.79999;1737
20091002;000000;1003.59998;1011;990;1006.09998;3991
20091005;000000;1005.5;1020;1005;1017.79999;2738
20091006;000000;1019.59998;1046.59998;1019.59998;1043.59998;8941
20091007;000000;1044.30005;1051.30005;1041.59998;1045.40002;5787
20091008;000000;1047;1064.5;1046.19995;1059.90002;15600
20091009;000000;1056.5;1056.5;1047.30005;1052;4164
20091012;000000;1052.90002;1063.80005;1052.19995;1059.90002;2995
20091013;000000;1059;1071.5;1057.09998;1064.5;8977
20091014;000000;1068.5;1074.90002;1059.30005;1064.09998;5131
20091015;000000;1064.5;1065.30005;1049.09998;1049.90002;4235
20091016;000000;1050.90002;1060;1046.80005;1056.59998;4634
20091019;000000;1055.40002;1071;1051.19995;1065.30005;3518
20091020;000000;1067.69995;1072.19995;1055;1058.30005;5238
20091021;000000;1057.5;1066.59998;1050.09998;1060.19995;3881
20091022;000000;1060.19995;1064;1053.5;1062.09998;2412
20091023;000000;1063.30005;1070;1050;1057;3110
20091026;000000;1056.59998;1062.09998;1040.30005;1040.5;4458
20091027;000000;1042.59998;1045.09998;1032.80005;1041.30005;3447
20091028;000000;1041.5;1041.5;1028.59998;1030.5;3301
20091029;000000;1033.09998;1049.69995;1033.09998;1049.69995;3598
20091030;000000;1048.59998;1049;1037.19995;1046.59998;1559
20091102;000000;1048;1065.5;1047.5;1060.19995;7224
20091103;000000;1062;1090.40002;1058.40002;1087.5;10770
20091105;000000;1087;1096.09998;1085.59998;1092;6204
20091106;000000;1093;1104.80005;1089.40002;1104.80005;6675
20091109;000000;1104.90002;1114.09998;1104;1106;14200
20091110;000000;1105;1113;1100.19995;1107;8101
20091111;000000;1110.90002;1120.09998;1108.19995;1118;10729
20091112;000000;1120;1122.80005;1105;1106.90002;13640
20091113;000000;1107;1122;1104.5;1121.90002;6946
20091116;000000;1122.09998;1144;1122.09998;1139.80005;10146
20091117;000000;1139;1143.19995;1129.30005;1143.09998;7145
20091118;000000;1141;1153.80005;1140.80005;1146.19995;7560
20091119;000000;1146.80005;1147.59998;1132.59998;1146.30005;9161
20091120;000000;1147.59998;1152.40002;1134.5;1150.5;7696
20091123;000000;1152.90002;1176;1152.90002;1168.30005;11203
20091124;000000;1167;1173;1165.19995;1170.80005;7913
20091125;000000;1174.40002;1194.69995;1174.40002;1194.69995;10198
20091126;000000;1192.90002;1195.5;1181.90002;1193.30005;7952
20091127;000000;1190.40002;1190.40002;1141;1182;20956
20091130;000000;1182.69995;1183.30005;1166.80005;1182.19995;6718
20091201;000000;1184;1204.90002;1183.19995;1199.5;9369
20091202;000000;1204;1219.09998;1204;1218.09998;9401
20091203;000000;1218.09998;1223.19995;1207.40002;1216;13307
20091204;000000;1215;1225;1152.69995;1159.80005;16237
20091207;000000;1157.69995;1165.80005;1138.09998;1156.09998;18380
20091208;000000;1160;1164.59998;1125.5;1132.30005;10999
20091209;000000;1132.5;1150;1118.5;1131.5;10345
20091210;000000;1133.5;1137.40002;1122.09998;1134.59998;2940
20091211;000000;1137.19995;1144.80005;1112.30005;1121.59998;6925
20091214;000000;1125;1133.5;1122.30005;1131.09998;14120
20091215;000000;1128.09998;1132.59998;1116.69995;1128.59998;16747
20091216;000000;1130.5;1147;1128.19995;1141.40002;8266
20091217;000000;1138.80005;1138.80005;1101.30005;1101.30005;22793
20091218;000000;1108;1119.5;1100.30005;1115.80005;19990
20091221;000000;1116.59998;1120.90002;1090.5;1095.19995;12935
20091222;000000;1098;1099.59998;1079;1088.5;10184
20091223;000000;1089.90002;1099.90002;1083;1094;4259
20091224;000000;1097;1110;1097;1107.09998;4496
20091225;000000;1109.59998;1115;1102.19995;1111.09998;639
20091228;000000;1113;1116.5;1100.5;1108.90002;2281
20091229;000000;1107;1111;1097.30005;1100;2553
20091230;000000;1100;1102.90002;1092;1100;1812
20091231;000000;1106;1113.90002;1104.59998;1112;1034
20100111;000000;1125;1163.59998;1125;1155.90002;9488
20100112;000000;1158.30005;1160.69995;1120.09998;1131.19995;10642
20100113;000000;1131.09998;1141.90002;1121;1141.90002;12187
20100114;000000;1142;1149.19995;1132.30005;1147.30005;17239
20100115;000000;1145;1145;1129;1134;7598
20100118;000000;1137;1140.19995;1134.80005;1135.30005;3056
20100119;000000;1139.80005;1142.19995;1131.69995;1140.5;8865
20100120;000000;1140;1140;1110;1115.5;16296
20100121;000000;1117;1118;1091.30005;1099;18840
20100122;000000;1099;1101;1085;1095.40002;17094
20100125;000000;1098;1106.59998;1095.09998;1101.5;10396
20100126;000000;1099.5;1103.90002;1087.09998;1099.40002;15338
20100127;000000;1098.19995;1101.59998;1086;1089.09998;8168
20100128;000000;1090.80005;1098.90002;1075.19995;1089;14245
20100129;000000;1087.09998;1092.5;1077.59998;1085.69995;17063
20100201;000000;1085.90002;1109.90002;1082.5;1109.40002;16658
20100202;000000;1105.90002;1120;1103.5;1116.59998;17019
20100203;000000;1118;1126.5;1107.80005;1112.19995;11302
20100204;000000;1110.80005;1110.80005;1060.09998;1065.19995;20050
20100205;000000;1068.5;1069.40002;1045.5;1065.40002;17029
20100208;000000;1070;1075;1051;1066;11149
20100209;000000;1070;1084.09998;1068.19995;1079.40002;10605
20100210;000000;1080;1084.30005;1064.30005;1075;12390
20100211;000000;1078.30005;1097.69995;1075.09998;1094.5;10246
20100212;000000;1093.19995;1094;1078.19995;1094;7837
20100215;000000;1092.80005;1103.30005;1092.80005;1101.09998;6187
20100216;000000;1101.09998;1122;1101.09998;1121.30005;8329
20100217;000000;1121.09998;1128;1112;1116.09998;9150
20100218;000000;1110.5;1127.80005;1098.5;1127.09998;12829
20100219;000000;1127.09998;1127.40002;1100;1120.19995;12486
20100224;000000;1120.09998;1120.09998;1091;1097.69995;12843
20100225;000000;1094;1109.19995;1085;1107;13084
20100226;000000;1108.90002;1123;1108.09998;1118.5;7021
20100227;000000;1115.19995;1119.80005;1115.09998;1118;936
20100301;000000;1118.5;1124.40002;1112.80005;1117.30005;7909
20100302;000000;1117.09998;1141.09998;1115.90002;1135.69995;15092
20100303;000000;1136.80005;1149;1135.90002;1141;5890
20100304;000000;1140.5;1143.80005;1128;1135;4386
20100305;000000;1136;1142.69995;1129;1133.80005;4055
20100309;000000;1132.30005;1132.30005;1112.19995;1122.19995;11301
20100310;000000;1127.09998;1139.59998;1109.90002;1112;3607
20100311;000000;1113;1118.19995;1106.5;1117.5;7347
20100312;000000;1118.80005;1149;1105;1110;21583
20100315;000000;1111.5;1113.80005;1102.59998;1110;13270
20100316;000000;1110.40002;1130.5;1110.40002;1129;10480
20100317;000000;1131.90002;1134.40002;1120.40002;1126.40002;10693
20100318;000000;1122.5;1131.59998;1120.19995;1128.80005;5134
20100319;000000;1126;1128.30005;1105.19995;1109.09998;13528
20100322;000000;1108;1111.19995;1095.40002;1104.59998;13799
20100323;000000;1105.5;1110.5;1098.30005;1109.69995;10757
20100324;000000;1105;1105;1088.19995;1089.69995;14046
20100325;000000;1089.90002;1098.30005;1089.90002;1093;8721
20100326;000000;1097.30005;1112;1093.09998;1109.80005;7385
20100329;000000;1110.80005;1116.69995;1108.80005;1110.5;5701
20100330;000000;1112;1116.5;1102.90002;1105.69995;4878
20100331;000000;1107.69995;1120;1107.69995;1113.69995;5808
20100401;000000;1113.80005;1128.90002;1112.5;1126.19995;10107
20100402;000000;1123.80005;1128;1118.30005;1119;696
20100405;000000;1123.90002;1134.40002;1123.5;1131.30005;3577
20100406;000000;1129;1140;1124.59998;1136.59998;6284
20100407;000000;1136.80005;1156.30005;1135.30005;1152.90002;16678
20100408;000000;1152.5;1156.80005;1147;1153.09998;10657
20100409;000000;1156;1166.80005;1154.90002;1164.59998;7712
20100412;000000;1164.59998;1170.59998;1157.40002;1157.40002;14719
20100413;000000;1156.40002;1160.80005;1147.40002;1155.19995;15560
20100414;000000;1155.19995;1164.5;1155.19995;1157.69995;8482
20100415;000000;1159;1164.90002;1153.40002;1162.09998;7683
20100416;000000;1161.09998;1161.09998;1133.30005;1140.19995;9671
20100419;000000;1136.19995;1140.40002;1127.09998;1139.19995;17159
20100420;000000;1137.09998;1148.40002;1137.09998;1140.69995;13032
20100421;000000;1144.5;1155;1139.19995;1149;12043
20100422;000000;1148.59998;1151.09998;1133.59998;1143.09998;7528
20100423;000000;1140.5;1158.90002;1136.5;1157.5;9931
20100426;000000;1157;1161.5;1151.19995;1154.5;3526
20100427;000000;1155.5;1174;1147.19995;1171.40002;6278
20100428;000000;1169.30005;1175.30005;1162;1168.30005;7638
20100429;000000;1168;1172.59998;1163.5;1168.59998;3674
20100430;000000;1169.40002;1184;1169.40002;1181;9957
20100504;000000;1181;1194.30005;1169.40002;1174.30005;15562
20100505;000000;1173.80005;1178.40002;1158.69995;1176.90002;11062
20100506;000000;1176.69995;1210.90002;1173.80005;1202.5;28370
20100507;000000;1202.5;1215;1193;1209.5;22517
20100511;000000;1206;1238.90002;1205.40002;1238.90002;27663
20100512;000000;1237;1248.90002;1228.90002;1239;27802
20100513;000000;1238.69995;1243.90002;1228.59998;1234.19995;13112
20100514;000000;1235.80005;1250.5;1211;1234;25403
20100517;000000;1235;1242;1221.30005;1222;25310
20100518;000000;1225;1231.90002;1207.5;1223;26445
20100519;000000;1220.30005;1222.19995;1188.90002;1196.80005;35749
20100520;000000;1194;1195.80005;1176.19995;1183.30005;49683
20100521;000000;1181.5;1189;1170.80005;1177.59998;36249
20100524;000000;1178.40002;1198;1178.40002;1196.5;10967
20100525;000000;1196;1200.80005;1186.90002;1199.90002;22216
20100526;000000;1200;1216;1200;1211.30005;12350
20100527;000000;1214.09998;1217.40002;1206.30005;1211.59998;11402
20100528;000000;1212.5;1216.59998;1201.09998;1214.80005;10476
20100531;000000;1213.19995;1219;1211.69995;1218.5;1887
20100601;000000;1219;1230.19995;1218.5;1226.30005;13497
20100602;000000;1225.59998;1225.90002;1214.5;1223;20747
20100603;000000;1223.69995;1225.19995;1200.90002;1208;9744
20100604;000000;1206.80005;1221.40002;1197.19995;1215.09998;16825
20100607;000000;1217.69995;1244.59998;1210.19995;1242.90002;12192
20100608;000000;1239;1253;1233.30005;1236.5;12487
20100609;000000;1237.59998;1239;1225;1233;6776
20100610;000000;1237.19995;1237.19995;1220;1220.19995;11142
20100611;000000;1224.59998;1235.80005;1223;1231;15499
20100615;000000;1229.09998;1239.59998;1225.5;1238.5;6013
20100616;000000;1239.5;1242;1231.59998;1236;8210
20100617;000000;1238.09998;1255;1235.90002;1249;11028
20100618;000000;1249.19995;1268;1247.09998;1261.69995;14652
20100621;000000;1260.90002;1270;1235.5;1238.80005;15052
20100622;000000;1240.5;1248.09998;1237;1244.40002;14190
20100623;000000;1243.59998;1250.40002;1228.69995;1239.09998;16106
20100624;000000;1240;1253;1232.19995;1245.30005;10649
20100625;000000;1245.30005;1261.59998;1245.30005;1256.80005;5942
20100628;000000;1258.90002;1266.19995;1239.5;1243;11517
20100629;000000;1242.30005;1248.80005;1231.90002;1243.19995;16172
20100630;000000;1244.30005;1251.19995;1238;1245.90002;13793
20100701;000000;1247.80005;1248.90002;1203;1204;33530
20100702;000000;1207.90002;1217;1204.5;1213.59998;16868
20100705;000000;1216;1217.40002;1206.90002;1211.90002;8040
20100706;000000;1209.5;1216.80005;1186;1193.59998;32596
20100707;000000;1191.69995;1205.80005;1187.09998;1205.5;8727
20100708;000000;1205.90002;1209.40002;1189.40002;1200;14076
20100709;000000;1200.59998;1215.09998;1195.09998;1210;10301
20100712;000000;1210.09998;1212.09998;1200;1203.69995;11268
20100713;000000;1203.09998;1219.80005;1198.90002;1213;15510
20100714;000000;1213.80005;1242;1204.5;1209.69995;17843
20100715;000000;1212.80005;1218;1205;1210.30005;9151
20100716;000000;1208.09998;1210.40002;1188.69995;1194.09998;18932
20100719;000000;1194.69995;1195.19995;1179.40002;1185.30005;12135
20100720;000000;1185.90002;1195;1177.5;1193.40002;16230
20100721;000000;1192;1200.19995;1185.40002;1187.80005;16928
20100722;000000;1185;1201.40002;1183.5;1195.80005;10756
20100723;000000;1196.80005;1205;1187;1189.40002;16052
20100726;000000;1191;1197.09998;1181.19995;1184.09998;12400
20100727;000000;1186.80005;1189.5;1162.40002;1165.90002;20472
20100728;000000;1165.09998;1169.40002;1160.09998;1167.09998;11966
20100729;000000;1168;1173.30005;1162.80005;1170.5;9683
20100730;000000;1172;1185.5;1170;1182.69995;14796
20100802;000000;1182.69995;1193;1177.80005;1185.09998;12799
20100803;000000;1185.90002;1192.59998;1182.59998;1187.5;7243
20100804;000000;1190;1204.80005;1190;1197;10783
20100805;000000;1196;1202.09998;1185.69995;1198;11441
20100806;000000;1199.40002;1212.80005;1196;1208.5;14485
20100809;000000;1209;1212.69995;1202.19995;1203;6728
20100810;000000;1202.80005;1209;1193.69995;1206.90002;11609
20100811;000000;1205;1211;1195;1201.09998;15724
20100812;000000;1202.69995;1219.30005;1202;1217.30005;19939
20100813;000000;1219.80005;1221.59998;1215;1218;15120
20100816;000000;1219;1230;1219;1227.90002;6026
20100817;000000;1226.5;1234;1225.19995;1227.5;8568
20100818;000000;1227.5;1232.90002;1218.09998;1230.30005;18724
20100819;000000;1231;1237.90002;1228.5;1231.5;16484
20100820;000000;1233;1234.5;1222.19995;1228;14840
20100823;000000;1229.59998;1232.09998;1221.59998;1226.5;13293
20100824;000000;1225;1236.09998;1211.09998;1230;31240
20100825;000000;1231.19995;1241.19995;1230.59998;1240.69995;33429
20100826;000000;1240.90002;1244;1235.19995;1238.5;15594
20100827;000000;1237.5;1243;1232.5;1236.30005;26764
20100830;000000;1236.30005;1238.69995;1234;1237.19995;6070
20100831;000000;1237.19995;1249;1232.19995;1246.19995;27431
20100901;000000;1248.69995;1255.40002;1243.59998;1247.09998;20240
20100902;000000;1247.80005;1254.59998;1246.90002;1253.90002;13092
20100903;000000;1252.59998;1256.09998;1239.69995;1247.09998;17554
20100906;000000;1250.90002;1252.30005;1248.90002;1251;3188
20100907;000000;1251;1260.30005;1245.30005;1257.19995;20045
20100908;000000;1257.59998;1263.40002;1253.69995;1256.90002;21770
20100909;000000;1256.90002;1259.59998;1244;1246.7;16690
20100910;000000;1253.40002;1255.40002;1241.69995;1251.5;10520
20100913;000000;1251.40002;1255.30005;1246.80005;1250;8155
20100914;000000;1253;1278.30005;1253;1273.30005;28095
20100915;000000;1273.09998;1277;1266.69995;1273.30005;23984
20100916;000000;1272.80005;1284.40002;1270.69995;1282;30459
20100917;000000;1282;1288.09998;1277.80005;1280.80005;21778
20100920;000000;1283;1289.90002;1282.09998;1284.59998;21581
20100921;000000;1283.69995;1295;1275.5;1293.09998;42373
20100922;000000;1293.5;1299.90002;1290.40002;1296;27793
20100923;000000;1295.30005;1299;1290.69995;1294.5;13174
20100924;000000;1295.09998;1303.19995;1294.90002;1298.90002;13301
20100927;000000;1300.90002;1303.30005;1297;1299.30005;26303
20100928;000000;1299.09998;1313;1283;1311.19995;38494
20100929;000000;1312;1314.59998;1307.69995;1310.80005;26253
20100930;000000;1310;1318.80005;1299.5;1311;37722
20101001;000000;1313.59998;1323.90002;1310.40002;1321;22654
20101004;000000;1321;1325;1315.19995;1317;14062
20101005;000000;1319;1345.09998;1319;1343.5;43765
20101006;000000;1344.30005;1353.5;1344.30005;1351;31290
20101007;000000;1352.5;1367;1329.5;1339;75978
20101008;000000;1337.5;1352.80005;1328.69995;1348.80005;46383
20101011;000000;1349;1358;1344.40002;1356;35280
20101012;000000;1354.30005;1357;1343.80005;1356;31725
20101013;000000;1357;1376.80005;1357;1375.09998;46293
20101014;000000;1375.5;1400;1374.90002;1384.1;51647
20101015;000000;1384.1;1389;1365.8;1370.40002;51106
20101018;000000;1371;1375.5;1356.40002;1375.19995;44078
20101019;000000;1373;1374.40002;1332.40002;1335;56505
20101020;000000;1337.90002;1350.59998;1336.5;1347;27229
20101021;000000;1346.5;1351.5;1321.5;1327.19995;42611
20101022;000000;1327.59998;1332;1318.5;1331.40002;34690
20101025;000000;1331.5;1352.19995;1331.5;1340.40002;24145
20101026;000000;1342.59998;1344.90002;1330.5;1341.90002;22931
20101027;000000;1337;1338;1321.90002;1329.80005;19510
20101028;000000;1329.90002;1348.19995;1325.59998;1346.80005;19317
20101029;000000;1343.5;1361.80005;1338;1360.69995;29173
20101101;000000;1361.19995;1367.69995;1351.80005;1353;16010
20101102;000000;1354.59998;1362.5;1353.09998;1359.80005;14751
20101103;000000;1359.80005;1367;1328.80005;1348.59998;50494
20101108;000000;1350.80005;1412.5;1350.80005;1409.59998;32494
20101109;000000;1410;1426.80005;1386.5;1387.09998;70701
20101110;000000;1393;1412.40002;1386.19995;1406.69995;63576
20101111;000000;1406.90002;1420;1399.69995;1410.19995;52501
20101112;000000;1408.5;1408.5;1362.59998;1371;74795
20101113;000000;1369;1374.90002;1368;1374.90002;1425
20101115;000000;1372.30005;1378.69995;1361;1363.09998;56362
20101116;000000;1363.5;1367.59998;1333;1344;64841
20101117;000000;1341;1347.90002;1334.19995;1338.69995;33396
20101118;000000;1341.90002;1362.90002;1341.90002;1356.40002;41500
20101119;000000;1359.40002;1364.80005;1344.69995;1357.90002;37420
20101122;000000;1358.30005;1374.90002;1351.40002;1370;20532
20101123;000000;1368;1384.09998;1358.69995;1377.90002;52929
20101124;000000;1379.69995;1383.09998;1371.30005;1376;37916
20101125;000000;1374.59998;1378;1372.40002;1376;12638
20101126;000000;1375;1375;1352.5;1362;21843
20101129;000000;1363.40002;1371.5;1357;1369.90002;37028
20101130;000000;1369.69995;1392;1367.5;1388.09998;37429
20101201;000000;1388.80005;1398.5;1383.90002;1391.5;26725
20101202;000000;1392;1400.5;1386;1386.80005;20403
20101203;000000;1389;1409.90002;1387.30005;1409;35236
20101206;000000;1409;1425;1409;1421;21219
20101207;000000;1421;1432;1400.5;1402.80005;43217
20101208;000000;1401.30005;1401.30005;1372.5;1384.6;40379
20101209;000000;1392;1400.30005;1380.9;1386.1;55227
20101210;000000;1397.69995;1398.5;1378.59998;1393.30005;33153
20101213;000000;1394.69995;1405.40002;1394.09998;1400;24029
20101214;000000;1405.5;1414.40002;1397.5;1400.59998;71455
20101215;000000;1399.19995;1399.30005;1384.5;1387;43314
20101216;000000;1387.80005;1390.69995;1366.09998;1375;59811
20101217;000000;1375.5;1384;1369.59998;1384;41454
20101220;000000;1384;1393;1379.09998;1387.80005;23924
20101221;000000;1389.5;1395;1384;1390.30005;21658
20101222;000000;1391.5;1393.80005;1385.09998;1386.59998;25975
20101223;000000;1387.69995;1389.69995;1374.90002;1381.19995;48335
20101224;000000;1383.30005;1386.59998;1381;1386.59998;2694
20101227;000000;1387.5;1389.5;1380.80005;1387.40002;14025
20101228;000000;1388;1410;1388;1410;30380
20101229;000000;1410;1417.40002;1404;1414;21153
20101230;000000;1415;1418;1405.8;1407.7;19316
20110111;000000;1407;1407;1375.59998;1388.8;28153
20110112;000000;1389;1392;1379.9;1390.3;33158
20110113;000000;1390.1;1395.9;1373;1375.5;68251
20110114;000000;1377;1379.3;1357.1;1362.8;95074
20110117;000000;1363.2;1365.4;1359.2;1361.3;24893
20110118;000000;1362.3;1378.7;1362.3;1368.8;35498
20110119;000000;1369.6;1381.3;1369;1371;33872
20110120;000000;1370.6;1370.6;1331;1351.1;82685
20110121;000000;1351.1;1353;1339.4;1344.3;41552
20110124;000000;1346.5;1354.2;1336;1338.5;38585
20110125;000000;1336;1336.9;1324.5;1335;59206
20110126;000000;1335.4;1345.8;1327.2;1345;50181
20110127;000000;1346;1347.8;1313.1;1315;68236
20110128;000000;1316;1349.7;1313;1345;93756
20110131;000000;1343;1343;1325.3;1333.3;60154
20110201;000000;1334;1345.80005;1327.7;1343;56985
20110202;000000;1342;1342;1329;1339;27028
20110203;000000;1339;1357.5;1327.6;1355.1;61948
20110204;000000;1354;1361.5;1347.90002;1351.30005;48269
20110207;000000;1349;1355.40002;1347.09998;1352.5;26464
20110208;000000;1354;1370;1350.19995;1366.09998;33575
20110209;000000;1366.09998;1369;1360.19995;1363.59998;20243
20110210;000000;1363.5;1368.80005;1353.59998;1363;31037
20110211;000000;1364;1371;1356;1358;41246
20110214;000000;1359;1369;1358.40002;1364.3;16095
20110215;000000;1365.9;1379;1365.7;1375.9;32458
20110216;000000;1377;1384.7;1369.9;1376.2;34153
20110217;000000;1378;1389.1;1378;1387;32309
20110218;000000;1387.8;1394.9;1384.8;1389.2;23844
20110221;000000;1392;1411.1;1392;1409.9;32411
20110222;000000;1409;1409.7;1396.5;1401.2;44639
20110224;000000;1404.4;1422;1392;1397.1;46399
20110225;000000;1400.9;1415;1400.9;1413.2;38378
20110228;000000;1414.8;1419.8;1407.7;1411.5;20559
20110301;000000;1412.8;1435;1412.8;1433.9;32944
20110302;000000;1433.5;1441.9;1429.8;1434.8;45928
20110303;000000;1432.5;1434.8;1410.59998;1417.30005;49265
20110304;000000;1417.30005;1433.5;1415.80005;1430;32504
20110305;000000;1430;1437.3;1428.59998;1437.3;1472
20110309;000000;1433.6;1439.7;1425.8;1431.2;32581
20110310;000000;1437.19995;1437.90002;1409.90002;1417.5;14534
20110311;000000;1420.19995;1431.5;1412;1427;31361
20110314;000000;1429;1436.3;1425.8;1428.5;50787
20110315;000000;1426.1;1426.1;1385.8;1398.09998;50674
20110316;000000;1402.69995;1410.69995;1396.2;1402.7;48358
20110317;000000;1400;1409.5;1391.5;1407.4;29669
20110318;000000;1409.9;1428.3;1409.9;1424.5;52372
20110321;000000;1425.5;1439.2;1420.7;1431.7;35944
20110322;000000;1431.5;1436.5;1423.8;1432;43050
20110323;000000;1433;1445.5;1431.4;1443;30195
20110324;000000;1441.9;1452.8;1428;1433.5;49519
20110325;000000;1435;1442.4;1426;1434.8;44291
20110328;000000;1431.7;1431.7;1415;1423.7;33311
20110329;000000;1424.5;1428.8;1416;1423;17172
20110330;000000;1423;1434.6;1415.9;1426.2;32021
20110331;000000;1427;1443;1426.2;1441;28077
20110401;000000;1440;1440;1416.5;1430.7;45923
20110404;000000;1432;1442.59998;1432;1437.8;22528
20110405;000000;1438;1459.9;1433.8;1459.3;39855
20110406;000000;1458.3;1466.2;1456.7;1464.5;31880
20110407;000000;1462;1468.8;1456.7;1463.6;32446
20110408;000000;1463.9;1481.7;1463.9;1478;138476
20110411;000000;1472.1;1478.8;1462.7;1466.2;77674
20110412;000000;1463;1470.7;1447.3;1456;50562
20110413;000000;1456.9;1465.6;1454.8;1460.6;20926
20110414;000000;1462.5;1477.9;1455.9;1477.5;42122
20110415;000000;1477.5;1492.5;1475.1;1490.1;29248
20110418;000000;1489.1;1505;1480.7;1499.8;44727
20110419;000000;1499.5;1503.2;1493;1500.8;22959
20110420;000000;1502;1511.7;1498.1;1505.4;47372
20110421;000000;1506.8;1513.3;1504.1;1509.8;34522
20110422;000000;1509.9;1513.9;1508.2;1510.5;2052
20110425;000000;1512.3;1522.4;1505.6;1512.8;33486
20110426;000000;1512;1512;1495.6;1503.8;20566
20110427;000000;1507;1533.7;1505.9;1532;41538
20110428;000000;1533.5;1544;1526.8;1539;50481
20110429;000000;1536.5;1572.4;1535.3;1562.8;39845
20110503;000000;1560.1;1560.1;1520;1536.6;66802
20110504;000000;1536.7;1545.5;1507.6;1516.6;65616
20110505;000000;1516.8;1522.5;1464.1;1475.4;82918
20110506;000000;1479.5;1499.3;1476.1;1493.6;68816
20110510;000000;1493.6;1523.8;1493.6;1518.8;43403
20110511;000000;1520.6;1528.7;1497.2;1506.9;60823
20110512;000000;1502.3;1519;1479.7;1504.9;68482
20110513;000000;1508.7;1518.3;1484.9;1495.8;44428
20110516;000000;1492;1509.7;1485.6;1501;38157
20110517;000000;1501;1501;1471.2;1485;58920
20110518;000000;1486;1504;1486;1496.5;56407
20110519;000000;1495.4;1499.6;1486.2;1497.1;28046
20110520;000000;1499;1519.7;1489.6;1517.6;55555
20110523;000000;1515;1523;1506.6;1520.2;46106
20110524;000000;1520;1530.4;1519.4;1526.7;43758
20110525;000000;1526;1535.1;1523.5;1527.7;30445
20110526;000000;1528.3;1533.7;1516.7;1523.9;54824
20110527;000000;1525;1540.6;1525;1538;31072
20110530;000000;1538;1542.4;1536.7;1542.4;9364
20110531;000000;1540;1542.9;1534.3;1538.1;30129
20110601;000000;1536;1553.4;1531.8;1540.5;34753
20110602;000000;1540.2;1547;1515.6;1535.7;60281
20110603;000000;1535;1549.4;1526.4;1544.1;64043
20110606;000000;1547.5;1554.8;1542.5;1545.1;32910
20110607;000000;1548;1551.5;1538;1549.5;23434
20110608;000000;1547;1549;1532;1538.7;25422
20110609;000000;1537.6;1551.2;1534.3;1546;27578
20110610;000000;1547.5;1550.3;1531;1536;10329
20110614;000000;1530;1532.9;1518.2;1531.6;27238
20110615;000000;1536;1548;1520.1;1538.4;52812
20110616;000000;1535;1538.4;1526.7;1534.5;36648
20110617;000000;1532.3;1547.5;1527.8;1544.2;27436
20110620;000000;1544;1552.4;1538.5;1546.2;33062
20110621;000000;1548;1553.5;1546;1552;27780
20110622;000000;1552;1562;1537;1554.3;59187
20110623;000000;1552;1552;1517.6;1526;98384
20110624;000000;1525.7;1528.40002;1466.5;1501;101897
20110627;000000;1504.4;1506.8;1494.2;1499.8;50827
20110628;000000;1500.9;1515;1499.7;1504;34133
20110629;000000;1505;1517.7;1505;1515.3;43016
20110630;000000;1515.4;1517.3;1503;1504.3;41918
20110701;000000;1505;1505;1482.6;1491.6;55478
20110704;000000;1495;1502;1495;1500.7;9676
20110705;000000;1500.7;1520.5;1496.7;1519.3;26226
20110706;000000;1519.2;1538.1;1514.7;1533.7;36024
20110707;000000;1533.7;1539.3;1526.9;1535.8;21457
20110708;000000;1536.5;1550.1;1529.3;1548;25482
20110711;000000;1549;1561.6;1546.5;1556.8;33488
20110712;000000;1556;1578;1545;1571.7;60363
20110713;000000;1571.4;1593;1570.5;1584.6;71219
20110714;000000;1586.5;1599.4;1586.1;1591;48892
20110715;000000;1588;1597.4;1580.1;1596.3;23289
20110718;000000;1597.8;1612.3;1597.8;1608.5;35240
20110719;000000;1609.7;1613.8;1587.2;1591;56011
20110720;000000;1592.9;1604.6;1584.8;1602.2;32064
20110721;000000;1603.2;1608.8;1587.2;1595.9;85067
20110722;000000;1595.4;1613.4;1588.4;1606.3;71128
20110725;000000;1608.4;1624.4;1608.4;1618.1;71463
20110726;000000;1616.7;1623.3;1612;1622.6;32960
20110727;000000;1624;1631.8;1612;1616.4;23543
20110728;000000;1617.6;1623.7;1606.8;1617.8;44307
20110729;000000;1615;1636;1613.4;1628.1;27300
20110801;000000;1626.5;1635;1601.1;1622.2;44363
20110802;000000;1625.9;1658.7;1625.9;1657;60301
20110803;000000;1657;1676.4;1657;1663.4;77634
20110804;000000;1662;1684.1;1641;1648.3;82473
20110805;000000;1653;1672;1645;1659.5;72091
20110808;000000;1665;1730;1665;1717.4;55916
20110809;000000;1718;1795;1715.6;1739.1;88962
20110810;000000;1744.3;1810.5;1739;1789.2;87832
20110811;000000;1791;1799.4;1735;1752.2;80969
20110812;000000;1753.2;1771;1727.2;1744;39291
20110815;000000;1746;1771.5;1735.6;1769.1;31535
20110816;000000;1769.6;1791.4;1767.7;1790.2;55958
20110817;000000;1790.2;1800.3;1781.2;1797;47899
20110818;000000;1799;1834.5;1796.7;1829.5;73291
20110819;000000;1837.2;1882.7;1837.2;1853;72534
20110822;000000;1859.5;1900;1859.5;1898.7;58402
20110823;000000;1900;1908;1826;1830;98235
20110824;000000;1838.5;1858.7;1755.2;1769;100154
20110825;000000;1763.1;1774.5;1707.1;1773.8;92932
20110826;000000;1774.9;1825;1767.1;1820.5;102739
20110829;000000;1820;1826.8;1775;1792.3;102895
20110830;000000;1794;1850;1787.3;1842;73962
20110831;000000;1842;1848;1815;1829;47132
20110901;000000;1826;1834;1817;1827.5;27040
20110902;000000;1829;1887;1829;1883.80005;81385
20110905;000000;1885.90002;1909.90002;1878;1901.19995;52903
20110906;000000;1903.5;1924.40002;1857;1876.30005;166419
20110907;000000;1876.30005;1876.30005;1798.19995;1824.80005;118752
20110908;000000;1827;1878.5;1827;1874.5;79554
20110909;000000;1875.1;1891.2;1827.8;1857.5;145255
20110912;000000;1858.90002;1864.5;1811.4;1824.9;23587
20110913;000000;1825;1857;1805;1845.90002;19673
20110914;000000;1842;1847;1820;1827;46804
20110915;000000;1819;1827.5;1781.19995;1798;82943
20110916;000000;1794.80005;1830.5;1770;1816.19995;56212
20110919;000000;1820;1835.30005;1779.30005;1787.80005;70427
20110920;000000;1787.80005;1818.59998;1780.09998;1810;57515
20110921;000000;1815;1823.40002;1781.59998;1794.5;59681
20110922;000000;1787.19995;1787.19995;1729.69995;1742.69995;110016
20110923;000000;1742.40002;1757.09998;1637;1655;133574
20110926;000000;1645;1645;1546;1633.19995;163177
20110927;000000;1640;1683.40002;1640;1652;70468
20110928;000000;1651.30005;1675.69995;1601.59998;1612;69467
20110929;000000;1612.19995;1641.90002;1607.09998;1622;75587
20110930;000000;1625.59998;1639.80005;1608.59998;1622.80005;57292
20111003;000000;1629.59998;1672.69995;1629.59998;1659.09998;54110
20111004;000000;1662.5;1689.69995;1599.5;1620.40002;73323
20111005;000000;1622;1652;1603.19995;1647.19995;54028
20111006;000000;1649.5;1660.19995;1635;1655.5;45009
20111007;000000;1660;1669.90002;1631.19995;1641.80005;52027
20111010;000000;1648.09998;1684;1648.09998;1684;63917
20111011;000000;1684;1686;1658.09998;1672.40002;56597
20111012;000000;1671.59998;1697;1670;1685.09998;75096
20111013;000000;1681.69995;1685.80005;1656;1674;60275
20111014;000000;1674.5;1689.69995;1672.90002;1685.09998;35193
20111017;000000;1683.40002;1701.09998;1640;1675.90002;55246
20111018;000000;1675.69995;1676.69995;1630;1669.5;90761
20111019;000000;1669.30005;1669.30005;1644.30005;1647.69995;54999
20111020;000000;1645;1645;1607;1626.69995;60805
20111021;000000;1629;1654.40002;1625;1646.69995;56615
20111024;000000;1650;1666.5;1641.19995;1655;41148
20111025;000000;1655.69995;1718.90002;1652.19995;1707.40002;73252
20111026;000000;1715;1733.80005;1708.5;1726.69995;85984
20111027;000000;1729.90002;1758;1710.5;1748;60691
20111028;000000;1749.5;1753;1736.69995;1750.40002;48364
20111031;000000;1745;1745;1705.09998;1725.5;25974
20111101;000000;1727.69995;1749.90002;1688.90002;1729.69995;47892
20111102;000000;1730.19995;1751.59998;1721.09998;1743.90002;39634
20111103;000000;1742;1775;1729.80005;1771.90002;56109
20111107;000000;1774.80005;1803;1768.40002;1803;19481
20111108;000000;1802.59998;1810;1781.69995;1787.40002;25833
20111109;000000;1785.30005;1806.5;1773.19995;1780.30005;20103
20111110;000000;1776;1782.59998;1741.30005;1759.30005;22818
20111111;000000;1768;1793.80005;1767;1793.40002;17802
20111114;000000;1795;1799.69995;1780.59998;1785.5;13052
20111115;000000;1783;1794.69995;1765;1783.09998;19169
20111116;000000;1782;1786.40002;1760;1778.80005;26494
20111117;000000;1775.30005;1775.30005;1717.19995;1727;28917
20111118;000000;1728;1743.19995;1719;1732.19995;23124
20111121;000000;1732.19995;1732.19995;1671.30005;1688;41519
20111122;000000;1689;1713.09998;1688.59998;1705.19995;40410
20111123;000000;1705.30005;1717.40002;1682;1698;32566
20111124;000000;1699.90002;1708.5;1695.40002;1696;9389
20111125;000000;1695.40002;1708;1676.40002;1693;42168
20111128;000000;1694;1726;1694;1713.09998;38277
20111129;000000;1718;1725.40002;1707.59998;1723.59998;16812
20111130;000000;1725.5;1757.69995;1705.09998;1749.69995;65042
20111201;000000;1749.09998;1759.5;1736.30005;1746.80005;20083
20111202;000000;1747.80005;1765.59998;1740.90002;1751;22141
20111205;000000;1747.30005;1749.69995;1720.19995;1725.5;24033
20111206;000000;1722.30005;1733.30005;1704;1733.30005;23894
20111207;000000;1733.59998;1744.5;1721.5;1741.40002;23542
20111208;000000;1739.09998;1758.6;1705.3;1710.1;47790
20111209;000000;1712.8;1725.8;1705.7;1715.1;34767
20111212;000000;1720;1720;1667.09998;1677.80005;11774
20111213;000000;1673.80005;1686;1646.59998;1648;14590
20111214;000000;1648;1652.5;1574;1584.59998;40694
20111215;000000;1579.7;1610.9;1571.5;1576.6;57232
20111216;000000;1583.6;1614.8;1583.6;1604;41941
20111219;000000;1599;1617.9;1596.4;1601.1;17215
20111220;000000;1605.1;1627;1600.3;1624.9;21466
20111221;000000;1627.8;1650.8;1614.5;1620.6;39933
20111222;000000;1620;1624;1603.3;1613.6;22376
20111223;000000;1617.6;1622;1610;1612.5;13533
20111226;000000;1610.2;1613;1590.5;1602.8;3245
20111227;000000;1602.4;1609;1595.6;1600.1;7555
20111228;000000;1600;1600;1561.6;1563;28032
20111229;000000;1563.9;1564.8;1527.9;1551.2;37153
20111230;000000;1554.9;1588;1554.9;1571.9;22847
20120103;000000;1578.3;1613.8;1578.3;1611;18829
20120104;000000;1609;1624.2;1599.3;1618.5;29645
20120105;000000;1620;1631.7;1602.8;1628.4;28328
20120106;000000;1628.7;1636.9;1611.5;1623;35396
20120109;000000;1622;1628.9;1611.6;1613.2;12441
20120110;000000;1618;1646.4;1618;1639.6;22636
20120111;000000;1640.5;1653.2;1636;1644;20605
20120112;000000;1644.8;1669.2;1644.8;1654.5;29100
20120113;000000;1652;1656.9;1590;1642;18640
20120116;000000;1645.5;1653.7;1642;1653.3;6789
20120117;000000;1653.4;1673.9;1653.4;1658.4;17671
20120118;000000;1658.5;1668.5;1648.5;1663.8;29973
20120119;000000;1664;1676.6;1655.1;1655.4;24691
20120120;000000;1660.3;1673.2;1649.7;1670;20252
20120123;000000;1670.5;1688.6;1670.5;1680.5;17532
20120124;000000;1679.5;1683.2;1666.6;1670.4;16719
20120125;000000;1673;1708.8;1651.5;1707.7;41717
20120126;000000;1708.5;1734.3;1707.2;1725.1;42499
20120127;000000;1722.6;1741.1;1720.5;1741.1;27480
20120130;000000;1739.1;1739.1;1721;1733.4;23340
20120131;000000;1735.5;1751.2;1728.3;1743.8;27954
20120201;000000;1741;1760;1736;1748.9;31657
20120202;000000;1750.8;1764.1;1744.3;1760.8;27261
20120203;000000;1760.8;1766.3;1730;1732;43407
20120206;000000;1735;1742.1;1715.6;1725.4;29457
20120207;000000;1724.8;1754.5;1713.7;1751;36283
20120208;000000;1754;1756.5;1725.1;1737.3;35710
20120209;000000;1738.9;1760.2;1730.2;1735.1;36413
20120210;000000;1735.8;1737.7;1707.8;1717.8;43120
20120213;000000;1722.9;1736.7;1718.8;1728;17492
20120214;000000;1726.1;1730;1715;1717.7;23304
20120215;000000;1717.7;1740;1717.7;1731.6;36060
20120216;000000;1725;1732.4;1708;1731.5;32413
20120217;000000;1732.4;1738.2;1720;1726.6;21144
20120220;000000;1728;1738.5;1728;1732.9;14044
20120221;000000;1734;1759.5;1734;1759;31824
20120222;000000;1759;1784;1750.8;1777.9;34121
20120224;000000;1785;1788.9;1772;1773.4;24260
20120227;000000;1775.6;1785;1763.4;1771.3;24963
20120228;000000;1773.7;1793.4;1773.7;1786.8;29877
20120229;000000;1786.1;1793.1;1705.9;1717;64429
20120301;000000;1714.9;1726.5;1701;1721.7;67827
20120302;000000;1721.2;1721.5;1701;1714.2;25608
20120305;000000;1712.7;1712.8;1691.7;1703.3;47928
20120306;000000;1701.7;1703.6;1663;1669.2;38324
20120307;000000;1675;1687.3;1670.9;1683.6;21598
20120311;000000;1700.9;1730;1700.9;1721.2;319
20120312;000000;1718;1718;1703;1710.3;11662
20120313;000000;1715;1720.3;1674.1;1676.6;15920
20120314;000000;1676.6;1694.3;1646;1650.2;26344
20120315;000000;1653.5;1675.09998;1650.19995;1667.90002;36242
20120316;000000;1667.5;1673.09998;1647.59998;1667.59998;25561
20120319;000000;1668.90002;1677;1658.09998;1670;20629
20120320;000000;1666.1;1666.1;1647;1652.90002;28612
20120321;000000;1655.19995;1667.5;1651.59998;1657;23752
20120322;000000;1655.1;1658;1633.8;1649.09998;38908
20120323;000000;1649.09998;1672.90002;1647.19995;1672.5;31636
20120326;000000;1672.5;1698.8;1660.40002;1697.5;42271
20120327;000000;1696.1;1703.8;1681.30005;1685;37933
20120328;000000;1683;1690.09998;1661.2;1668.6;29806
20120329;000000;1666.2;1670.7;1651.09998;1669;24969
20120330;000000;1670;1675.90002;1664.6;1674;15360
20120402;000000;1674;1688.5;1667.5;1682.3;14925
20120403;000000;1683.6;1685.5;1642.69995;1649.40002;38389
20120404;000000;1652.5;1652.5;1615.1;1629.8;39203
20120405;000000;1629.3;1638;1624.2;1635.5;31878
20120406;000000;1635.30005;1642.19995;1630.5;1631.5;2739
20120409;000000;1632.80005;1653.5;1632.80005;1646;17304
20120410;000000;1650.69995;1668;1631.6;1664.7;44898
20120411;000000;1664.2;1666.6;1656.8;1660.59998;23303
20120412;000000;1661.69995;1683.5;1654.09998;1679.5;27678
20120413;000000;1678.8;1681.3;1652;1658.59998;31629
20120416;000000;1656.5;1662;1645.19995;1656.6;17326
20120417;000000;1654.6;1661.30005;1638.6;1655;20272
20120418;000000;1655.69995;1659.09998;1641.8;1643.40002;19766
20120419;000000;1642.90002;1657.80005;1635;1645.6;36245
20120420;000000;1645.6;1652.1;1643;1648;28756
20120423;000000;1646.80005;1647;1627.5;1643;25274
20120424;000000;1639.1;1653.3;1636.3;1646.80005;22170
20120425;000000;1644.80005;1650;1627;1647;34477
20120426;000000;1648;1668.3;1648;1661.3;17401
20120427;000000;1660.4;1670.9;1653.4;1666.1;14366
20120428;000000;1666;1674.80005;1662.7;1670.09998;1383
20120502;000000;1668.59998;1668.59998;1650;1658.09998;22492
20120503;000000;1655;1655;1634.80005;1640.90002;29137
20120504;000000;1640.30005;1651.6;1630.69995;1647.3;28140
20120505;000000;1646.3;1646.3;1641.1;1643.80005;481
20120507;000000;1643.30005;1647.80005;1636.80005;1641.59998;13802
20120508;000000;1640.59998;1640.59998;1597.59998;1611.09998;36990
20120510;000000;1609;1609;1589.59998;1598.9;26027
20120511;000000;1595;1595.1;1576.7;1584;18124
20120512;000000;1581;1597.30005;1578.1;1588.90002;965
20120514;000000;1585.69995;1585.69995;1559.30005;1563.5;21921
20120515;000000;1562.7;1568.5;1547.09998;1547.69995;30990
20120516;000000;1546;1556;1530.5;1540.3;44902
20120517;000000;1540.3;1584.2;1540.3;1578.1;47803
20120518;000000;1576.7;1601.2;1573.8;1593;29309
20120521;000000;1594;1601.69995;1588;1591.7;26211
20120522;000000;1591.4;1595.3;1560.6;1565.7;40851
20120523;000000;1565.2;1567.7;1536.3;1566;41287
20120524;000000;1561.4;1581;1551.09998;1561.5;39369
20120525;000000;1558;1576.19995;1555.19995;1575.90002;23694
20120528;000000;1576.69995;1586.30005;1575.09998;1578.9;8452
20120529;000000;1580;1585.1;1550;1558.4;22640
20120530;000000;1557.9;1573.19995;1533;1567.30005;39837
20120531;000000;1567.30005;1576;1554.09998;1565.5;36370
20120601;000000;1563.7;1631.19995;1546.2;1625.69995;75323
20120604;000000;1629.5;1629.5;1612;1625;24215
20120605;000000;1620.8;1624.09998;1613;1615.09998;22830
20120606;000000;1620.19995;1643.5;1615;1624;60006
20120607;000000;1623.4;1632;1580.3;1593;67279
20120608;000000;1591.8;1597.4;1567.3;1595;36884
20120609;000000;1596;1607.40002;1582.30005;1599;2053
20120613;000000;1608;1631;1608;1624.30005;14397
20120614;000000;1628;1635;1618;1633.09998;20459
20120615;000000;1632.30005;1694.80005;1628.5;1635.3;48789
20120618;000000;1635;1638.5;1620.7;1632.5;22624
20120619;000000;1637.30005;1642.40002;1626.3;1629;13163
20120620;000000;1630;1631.4;1599;1614.09998;46902
20120621;000000;1614;1614;1574;1574;26355
20120622;000000;1573.5;1582.5;1567.8;1581.19995;19127
20120625;000000;1582.40002;1597.7;1573.90002;1593;23854
20120626;000000;1592.6;1596;1575.59998;1580.80005;17750
20120627;000000;1580.30005;1592.69995;1571.59998;1584.69995;35604
20120628;000000;1586.90002;1587.5;1556.3;1565;31439
20120629;000000;1565;1613.8;1565;1608.2;44806
20120702;000000;1602.2;1606.5;1593.5;1605.69995;13172
20120703;000000;1607.40002;1630.9;1607.40002;1623.7;20017
20120704;000000;1622.6;1629.69995;1612.30005;1620.5;10276
20120705;000000;1620.5;1636;1603.80005;1614.9;37321
20120706;000000;1612.7;1615.3;1582.69995;1589.19995;35561
20120709;000000;1588.5;1599;1585;1595;18738
20120710;000000;1593;1607.8;1570.5;1573.19995;36695
20120711;000000;1579.90002;1589.40002;1572.4;1583.2;32958
20120712;000000;1578;1584.9;1561.3;1580.5;45005
20120713;000000;1582;1601.69995;1575.40002;1594;35439
20120716;000000;1596.80005;1600;1581.5;1594.40002;19984
20120717;000000;1594.59998;1604;1574.09998;1587.5;26368
20120718;000000;1585;1593;1573.19995;1580.40002;26668
20120719;000000;1584.30005;1597.19995;1582.1;1587;30472
20120720;000000;1587;1594;1579.3;1591.90002;22752
20120723;000000;1585.40002;1587;1568.80005;1583.4;26170
20120724;000000;1583.8;1590.2;1574.5;1585.30005;22273
20120725;000000;1586.19995;1616.5;1586.19995;1609.7;44986
20120726;000000;1610.1;1627;1607.4;1622.5;35138
20120727;000000;1622.69995;1635.40002;1620.90002;1629;36745
20120730;000000;1624;1630;1616.59998;1627.4;15276
20120731;000000;1628.8;1634;1616.19995;1618.80005;22883
20120801;000000;1619.80005;1624.5;1595;1605.69995;47380
20120802;000000;1607.09998;1621.1;1587.59998;1593;54569
20120803;000000;1594.30005;1611.19995;1590.59998;1609;29414
20120806;000000;1610.90002;1619.9;1608.69995;1617;21137
20120807;000000;1617;1622.5;1613;1615.69995;17508
20120808;000000;1615.5;1620;1603;1616.69995;16958
20120809;000000;1618.90002;1621.8;1612.69995;1621.5;10988
20120810;000000;1619.1;1630.4;1607.2;1624.40002;17591
20120813;000000;1624.69995;1627.90002;1610.7;1612.5;16208
20120814;000000;1614.3;1620;1593;1602.80005;33172
20120815;000000;1604.5;1614.3;1594;1607.1;29047
20120816;000000;1607.1;1624.19995;1604.1;1616.40002;21460
20120817;000000;1617;1623.19995;1613.90002;1617.59998;19313
20120820;000000;1618.59998;1625.69995;1612.19995;1624.69995;17339
20120821;000000;1625.5;1646.19995;1625.09998;1640.40002;32190
20120822;000000;1640.90002;1659.40002;1638.5;1659.19995;35633
20120823;000000;1660;1678.5;1660;1673;30511
20120824;000000;1671;1677.19995;1665.8;1674;17486
20120827;000000;1674.90002;1679;1664.09998;1667.30005;19917
20120828;000000;1665.5;1673.5;1660.69995;1667.8;23580
20120829;000000;1668.7;1670.8;1653.2;1658.90002;31130
20120830;000000;1658.90002;1665.19995;1653.2;1658.2;23154
20120831;000000;1657.8;1693;1646.1;1693;58288
20120903;000000;1692;1699.40002;1685.40002;1697;14826
20120904;000000;1693.5;1699.59998;1689;1696.19995;35931
20120905;000000;1696.90002;1696.90002;1687.69995;1694.1;32304
20120906;000000;1694.5;1715.8;1694.5;1703.40002;48652
20120907;000000;1702;1740;1691;1735.19995;36429
20120910;000000;1743.4;1745;1733.2;1733.3;3599
20120911;000000;1735.09998;1750;1733.90002;1739;2644
20120912;000000;1742.09998;1758.80005;1734.80005;1738.80005;11313
20120913;000000;1739;1780.19995;1727.80005;1773.30005;24194
20120914;000000;1779.40002;1788.69995;1776.30005;1782.09998;60591
20120917;000000;1784.40002;1785;1763.80005;1766.90002;44080
20120918;000000;1764.09998;1783;1761.90002;1781.40002;31231
20120919;000000;1782;1793;1770.69995;1780.2;23150
20120920;000000;1779.7;1779.7;1762.4;1774.59998;31969
20120921;000000;1777;1797.30005;1776.59998;1781.90002;48476
20120924;000000;1780.80005;1780.80005;1765;1774;25297
20120925;000000;1769.09998;1785.40002;1767.09998;1770.40002;25978
20120926;000000;1771.69995;1774.59998;1746;1760.9;44710
20120927;000000;1763.7;1788.69995;1761.7;1784.30005;36842
20120928;000000;1787.69995;1791.69995;1776.19995;1781.90002;31473
20121001;000000;1781.69995;1801;1773.69995;1784.3;52209
20121002;000000;1787.8;1793.5;1777;1781.19995;27815
20121003;000000;1783;1789.90002;1780.19995;1787.9;26284
20121004;000000;1788;1804.90002;1786.3;1801;50287
20121005;000000;1800;1803;1781.09998;1787.9;53568
20121008;000000;1786;1786;1774;1782.7;18663
20121009;000000;1784.6;1787.6;1768.2;1773.3;40714
20121010;000000;1772.2;1777.1;1765.3;1771.4;20317
20121011;000000;1773;1783.8;1772;1778;18722
20121012;000000;1778.7;1782.1;1762;1765.7;18248
20121015;000000;1763.6;1763.6;1732.1;1739.9;53880
20121016;000000;1742.8;1751.1;1740.9;1750.1;19175
20121017;000000;1750.8;1759;1747;1752.9;25869
20121018;000000;1752.4;1755.3;1741.7;1745.5;19581
20121019;000000;1745;1745;1720.5;1725.7;29699
20121022;000000;1727.4;1733.7;1725.1;1732.6;23744
20121023;000000;1731.5;1731.5;1707.7;1709.9;32332
20121024;000000;1712;1715.8;1702.5;1706.4;26223
20121025;000000;1710;1722;1710;1717.2;22460
20121026;000000;1715;1722.5;1702.5;1715;37877
20121029;000000;1717;1721.8;1706;1713.3;18118
20121030;000000;1713.3;1721.8;1712.3;1713.7;6485
20121031;000000;1715.8;1730.8;1715.3;1725.1;40017
20121101;000000;1725.2;1731.2;1720;1721.7;21120
20121102;000000;1721.6;1721.6;1679.4;1683.8;42225
20121106;000000;1687;1724.4;1687;1717.7;29872
20121107;000000;1717.9;1735.3;1703.1;1723.4;58204
20121108;000000;1723.4;1737.7;1715.5;1736;30433
20121109;000000;1735.5;1743.7;1729.2;1733;26341
20121112;000000;1737;1740.1;1727.3;1729.6;22273
20121113;000000;1729.1;1736.7;1721.1;1730.1;30892
20121114;000000;1731.6;1737;1723;1730.1;30316
20121115;000000;1728;1728;1710;1717.1;35706
20121116;000000;1717;1718.9;1707.9;1715.8;28244
20121119;000000;1718;1735.9;1718;1734;30694
20121120;000000;1733.4;1736.8;1724.5;1728.7;23706
20121121;000000;1728.7;1734.8;1724.3;1731.6;16843
20121122;000000;1733.3;1736.3;1731.1;1733.1;5233
20121123;000000;1732.7;1757;1732.5;1753;23209
20121126;000000;1752.6;1759.9;1752;1754.7;49072
20121127;000000;1756;1756;1746.7;1747;23939
20121128;000000;1747;1747;1710.7;1724.5;45196
20121129;000000;1725.9;1733.4;1723.2;1732.4;33272
20121130;000000;1732.5;1735.7;1711.4;1712;34029
20121203;000000;1712.1;1728;1712.1;1719.1;20311
20121204;000000;1718.7;1718.7;1694.5;1697.5;32680
20121205;000000;1700.9;1710;1687.6;1696.8;40384
20121206;000000;1694;1703.4;1682.3;1698.9;69742
20121207;000000;1700;1710;1683;1703.8;27855
20121210;000000;1715.4;1724.8;1715.1;1718.7;6955
20121211;000000;1718;1722.8;1713.9;1717;4643
20121212;000000;1717.5;1733.5;1717;1726.6;16666
20121213;000000;1724;1724;1700.3;1704.6;17851
20121214;000000;1705.3;1710.5;1703.1;1707.5;25980
20121217;000000;1705;1709.9;1697.8;1704.1;42181
20121218;000000;1705;1710;1670.6;1678.2;45214
20121219;000000;1680.3;1687;1672.2;1677.7;34545
20121220;000000;1676.8;1680.7;1643.8;1654.5;46525
20121221;000000;1653.5;1667.3;1651.1;1663.2;22917
20121224;000000;1663.9;1673.3;1663.9;1665;12617
20121225;000000;1666.6;1671.9;1662.8;1668.1;2091
20121226;000000;1668;1675;1660;1667.6;12041
20121227;000000;1666.1;1673.2;1660.2;1671.9;12179
20121228;000000;1670.2;1670.9;1662;1664.2;20547
20130108;000000;1663.8;1670;1654;1667.3;14645
20130109;000000;1669.7;1672.9;1658.9;1663.9;16778
20130110;000000;1665.4;1685.4;1665.2;1682.1;28547
20130111;000000;1681.7;1683.4;1661;1667;32485
20130114;000000;1669.7;1680.2;1661.4;1672.8;27438
20130115;000000;1674.2;1690.7;1674.2;1686.2;33109
20130116;000000;1687.5;1690.5;1679.5;1687.1;23299
20130117;000000;1686.2;1700.8;1672.7;1693.5;51014
20130118;000000;1693.9;1700.8;1690.3;1692.3;28782
20130121;000000;1693;1696.8;1691.4;1695.7;10921
20130122;000000;1695.7;1701.6;1691.9;1699.2;30823
20130123;000000;1698.5;1700.5;1689.3;1691.2;25760
20130124;000000;1691.1;1691.1;1671.5;1674.9;27493
20130125;000000;1674.8;1678.1;1662;1663.2;35252
20130128;000000;1665;1667;1656.5;1659.4;23794
20130129;000000;1660.4;1669.8;1660.4;1667.8;29448
20130130;000000;1668.6;1689;1667;1680.4;38095
20130131;000000;1682.5;1684.1;1662.1;1665.5;30277
20130201;000000;1666.1;1685.8;1665.7;1672.4;37324
20130204;000000;1675.3;1681;1665.4;1676.8;27139
20130205;000000;1678.2;1688.9;1670.1;1675.8;47958
20130206;000000;1676.5;1683;1672.1;1680.7;26963
20130207;000000;1683;1686;1666.4;1675;53612
20130208;000000;1675.1;1679.8;1668.4;1671.2;30080
20130211;000000;1671.6;1672.8;1646.3;1653.5;68514
20130212;000000;1653;1656.7;1642.9;1655.8;46276
20130213;000000;1654.5;1656.9;1643.7;1644.8;31160
20130214;000000;1645;1653;1636.4;1638.6;46753
20130215;000000;1638;1638;1603;1608;79041
20130218;000000;1608.3;1620.2;1608.3;1613;20484
20130219;000000;1614.5;1617;1603.6;1606.6;47711
20130220;000000;1608;1611.1;1565.9;1566.6;66262
20130221;000000;1566.9;1587.5;1565.9;1578.9;65059
20130222;000000;1579.8;1589.7;1570;1578.5;53516
20130225;000000;1578.7;1596;1578.7;1593.2;57684
20130226;000000;1594;1625;1586.6;1616.6;67469
20130227;000000;1616.1;1616.1;1595.5;1596.2;50234
20130228;000000;1599;1605;1576.5;1578.6;77207
20130301;000000;1579;1589.3;1565.9;1577.3;80729
20130304;000000;1579.2;1583.2;1571.2;1572.9;50950
20130305;000000;1574.80005;1587.40002;1573.59998;1577.69995;43512
20130306;000000;1578.5;1586.19995;1570.09998;1581.59998;47015
20130307;000000;1582.90002;1586.40002;1576.09998;1577.69995;34321
20130311;000000;1590.59998;1593.69995;1587.40002;1592;9808
20130312;000000;1594;1609.80005;1593;1605.69995;7381
20130313;000000;1605;1609;1597;1600;20296
20130314;000000;1599.7;1604.3;1587.5;1599.3;46088
20130315;000000;1601.69995;1612;1599.19995;1600.5;53487
20130318;000000;1601.59998;1619.40002;1601.59998;1613;48010
20130319;000000;1612.6;1631.4;1608.4;1624.2;85481
20130320;000000;1624.8;1626;1611;1616.6;50227
20130321;000000;1617.4;1626.3;1616.2;1625.1;30274
20130322;000000;1624.5;1624.8;1613;1617.2;27859
20130325;000000;1618;1620.5;1597;1611.4;41886
20130326;000000;1610;1610.4;1601;1607;26287
20130327;000000;1607.1;1614.6;1597.6;1611.6;28361
20130328;000000;1611.8;1612.6;1600.4;1602.4;22987
20130329;000000;1602.5;1610.8;1600;1606.5;6703
20130401;000000;1606.5;1607.6;1601.1;1605;24853
20130402;000000;1604.9;1608;1579.7;1581.6;50824
20130403;000000;1581;1581;1553;1562;96853
20130404;000000;1559;1560.7;1543.5;1556.9;51429
20130405;000000;1556.8;1584.7;1553.2;1582.5;53267
20130408;000000;1582.3;1583.9;1571;1576.7;29007
20130409;000000;1577.2;1593.6;1574.6;1587.1;29618
20130410;000000;1589;1591.8;1560.6;1561.6;49349
20130411;000000;1563.6;1571.2;1557.6;1564.2;30216
20130412;000000;1565;1568;1487.1;1489.9;119075
20130415;000000;1489;1489;1350.9;1362.8;174700
20130416;000000;1365.3;1404.9;1361.8;1370.2;103633
20130417;000000;1372.9;1396.4;1369.6;1370.4;61643
20130418;000000;1370.8;1403.1;1370.8;1388.9;53270
20130419;000000;1391;1426.9;1391;1401.9;60419
20130422;000000;1402.7;1439.3;1402.7;1425.7;56368
20130423;000000;1425.1;1427.5;1404.7;1414.1;96953
20130424;000000;1414.5;1438.7;1414.5;1430.7;58054
20130425;000000;1431.1;1469.3;1431.1;1464;52969
20130426;000000;1468.5;1481.5;1448.7;1456.1;86942
20130429;000000;1463;1478.5;1462.8;1470.8;45463
20130430;000000;1467;1493.6;1460.7;1477;78396
20130502;000000;1472.2;1474.3;1450.7;1467.3;65850
20130503;000000;1470.7;1488.7;1455.8;1471;71104
20130506;000000;1471.6;1482.1;1465.5;1470.7;25331
20130507;000000;1470.1;1470.1;1441.4;1452.7;65348
20130508;000000;1453.8;1477;1450.6;1472.3;52309
20130510;000000;1470.7;1470.7;1421.7;1443.9;102286
20130513;000000;1443.1;1443.1;1428;1434.1;58519
20130514;000000;1437.6;1446.3;1422.4;1428.3;78867
20130515;000000;1427.1;1427.1;1388.7;1394.7;88252
20130516;000000;1396.1;1398;1370.3;1387.2;90828
20130517;000000;1386.5;1388.2;1358.1;1360.6;94700
20130520;000000;1360.1;1399.7;1344.2;1394.6;120983
20130521;000000;1395.7;1399.5;1360.8;1373.2;103861
20130522;000000;1375.3;1416.5;1355.7;1366.4;159305
20130523;000000;1368.1;1399.4;1368.1;1392.7;122384
20130524;000000;1393.4;1395.8;1383.5;1386;50995
20130527;000000;1388.8;1419;1388.8;1397.6;23775
20130528;000000;1397;1404.8;1374.6;1382.2;93543
20130529;000000;1383;1396.9;1383;1394.6;75935
20130530;000000;1396.4;1419.9;1396.4;1415.6;101770
20130531;000000;1417.5;1422.1;1386;1386.8;83778
20130603;000000;1390;1417.5;1390;1412;82717
20130604;000000;1412.3;1412.9;1394.5;1399.9;54454
20130605;000000;1400.3;1412;1396.7;1403.3;66692
20130606;000000;1399.5;1424.8;1392.7;1412.3;104451
20130607;000000;1413.6;1417.8;1379.1;1380.7;87995
20130610;000000;1387.6;1394.3;1383.1;1392.5;2529
20130611;000000;1390;1394.7;1370.2;1382.5;9582
20130613;000000;1389.8;1400;1380.3;1391.7;17167
20130614;000000;1391.8;1398.7;1383.7;1397.3;32577
20130617;000000;1396.2;1396.2;1385.5;1389.7;34864
20130618;000000;1388.1;1388.1;1366.5;1373.2;52829
20130619;000000;1373.8;1379.2;1348.7;1351.8;70138
20130620;000000;1350.3;1350.3;1276.7;1278.2;135742
20130621;000000;1279.5;1302.8;1279.5;1294.9;35121
20130624;000000;1294;1294;1276.7;1284.5;45950
20130625;000000;1282.9;1290.6;1272.8;1277.4;36975
20130626;000000;1276.5;1276.5;1223.9;1227.8;105450
20130627;000000;1232.9;1245;1198.3;1203;77997
20130628;000000;1203.1;1231.8;1188;1230.5;120785
20130701;000000;1231.5;1262.8;1231.5;1253.2;58181
20130702;000000;1256.1;1268.3;1241.1;1243.9;50091
20130703;000000;1246;1262.3;1238.2;1255.6;38682
20130704;000000;1254.4;1258.6;1247;1250.7;38178
20130705;000000;1250.7;1250.7;1209.5;1222.8;79952
20130708;000000;1221;1240.3;1221;1238.1;37345
20130709;000000;1239.6;1264.5;1239.6;1249.5;43053
20130710;000000;1247.7;1267;1246.7;1254.2;62003
20130711;000000;1255.1;1300.5;1255.1;1287;49114
20130712;000000;1287;1288.3;1269.3;1288.3;36543
20130715;000000;1288.5;1295.5;1275.8;1287.7;32676
20130716;000000;1287.5;1296.8;1282.4;1293.9;60141
20130717;000000;1293.1;1301.9;1271.3;1278.4;75764
20130718;000000;1279.4;1290.8;1277.5;1287.1;43626
20130719;000000;1289.1;1300;1288.4;1297.2;37432
20130722;000000;1299.5;1343.5;1299.5;1338;119713
20130723;000000;1337.3;1350.5;1330.1;1347.5;44790
20130724;000000;1346.9;1349.3;1317;1325.1;75967
20130725;000000;1324.1;1337.5;1312.7;1335.2;67263
20130726;000000;1337;1341.8;1311.6;1333.7;57343
20130729;000000;1332.5;1341.7;1326.2;1333.7;47824
20130730;000000;1333.7;1333.7;1320;1328.5;33203
20130731;000000;1329.9;1338.7;1306.1;1326.2;99802
20130801;000000;1325.5;1331.6;1311.4;1315;65219
20130802;000000;1312.7;1321.8;1286.3;1311.9;96443
20130805;000000;1313.7;1320;1301;1306.2;56506
20130806;000000;1305.4;1305.4;1282.5;1287.5;60076
20130807;000000;1287.4;1293;1276;1289;41959
20130808;000000;1291.1;1317.3;1290;1314.4;50418
20130809;000000;1313.3;1320.5;1308;1317.8;25135
20130812;000000;1318.3;1346.7;1318.3;1338.8;54484
20130813;000000;1338.5;1344.2;1322;1325;65536
20130814;000000;1325;1339.4;1322;1338.6;50194
20130815;000000;1339.4;1368.1;1321.4;1367.6;88388
20130816;000000;1367.1;1382.4;1360.8;1374.8;67115
20130819;000000;1376.5;1382.8;1365.5;1370.4;43665
20130820;000000;1368;1380.5;1355.2;1374.9;64185
20130821;000000;1374.6;1383;1363;1373.8;63674
20130822;000000;1372;1384.9;1364.8;1379.6;70710
20130823;000000;1380.1;1403.7;1372.1;1400.1;79147
20130826;000000;1400.3;1406.3;1391.5;1404.7;49999
20130827;000000;1401.2;1424.7;1400.2;1417;62112
20130828;000000;1421.1;1435;1416;1417.7;78915
20130829;000000;1417.1;1417.8;1403.1;1408.9;65195
20130830;000000;1409;1409.4;1393.1;1395.9;54490
20130902;000000;1396.4;1399.3;1388.7;1393.9;34273
20130903;000000;1393.1;1417.6;1385.7;1414.3;82025
20130904;000000;1413.6;1413.6;1386.6;1395.5;57148
20130905;000000;1392.7;1401.4;1366.3;1369.6;96832
20130906;000000;1369.9;1394.3;1359;1392;111044
20130909;000000;1390;1391.4;1382.4;1387.2;33490
20130910;000000;1390.1;1390.1;1364.9;1371.4;5662
20130911;000000;1372.1;1374.5;1365;1371.2;7934
20130912;000000;1368.5;1368.5;1328.3;1328.3;51029
20130913;000000;1325.6;1330.8;1298.4;1329.5;60544
20130916;000000;1330.7;1339.9;1312.3;1313.5;86516
20130917;000000;1315;1329;1309.4;1314.1;88400
20130918;000000;1312.5;1343.8;1298;1343.8;109337
20130919;000000;1343.8;1384.7;1343.8;1370.8;98430
20130920;000000;1369.7;1369.7;1330.5;1334.7;86810
20130923;000000;1330.7;1333.8;1317.9;1321.6;52337
20130924;000000;1326.9;1330;1307.6;1325.2;53917
20130925;000000;1327.9;1342;1319.7;1336.9;66288
20130926;000000;1335.6;1342.1;1320.7;1325;54577
20130927;000000;1325.8;1348.4;1323.6;1340.4;92023
20130930;000000;1340.8;1347;1324.6;1332.6;72422
20131001;000000;1331.7;1340.8;1286;1295.5;117056
20131002;000000;1295.9;1328.1;1289.5;1320.4;69727
20131003;000000;1319.1;1326;1305.2;1322.5;37273
20131004;000000;1323.5;1330;1309.2;1313.5;41764
20131007;000000;1315.5;1333.3;1312.3;1327;37391
20131008;000000;1328.6;1334.5;1319.9;1323.1;30216
20131009;000000;1323.3;1326.6;1295.5;1309.8;57830
20131010;000000;1311.7;1316.3;1288.9;1290.5;78187
20131011;000000;1292;1298.4;1265.2;1273.5;106348
20131014;000000;1274;1296.1;1274;1279.1;73599
20131015;000000;1276.7;1292.3;1255.9;1286.4;138296
20131016;000000;1286.1;1292.8;1272.5;1282.9;85095
20131017;000000;1282.5;1328.9;1277.9;1324.8;110771
20131018;000000;1324;1332.9;1313.3;1319.1;48611
20131021;000000;1320.1;1329.2;1317.5;1321;43147
20131022;000000;1321.5;1349.9;1313.9;1345.8;70316
20131023;000000;1344.2;1344.2;1333.4;1339;43346
20131024;000000;1338.9;1365.5;1338.9;1358.1;106749
20131025;000000;1357;1365;1347.1;1361.5;57091
20131028;000000;1360.8;1369.8;1352.8;1361.8;51084
20131029;000000;1361.9;1362.8;1346.1;1351.6;47818
20131030;000000;1353.4;1368;1340.9;1349;85215
20131031;000000;1346.7;1346.7;1323.6;1330.8;47934
20131101;000000;1331.7;1333.5;1311.9;1320.9;51277
20131105;000000;1321;1325;1310.3;1315.2;26506
20131106;000000;1317;1327.8;1315.2;1322.9;30106
20131107;000000;1323;1333.2;1301;1311.2;55955
20131108;000000;1312.2;1319.7;1285.4;1291.5;56040
20131111;000000;1291.3;1292.8;1282;1286.7;39704
20131112;000000;1286;1289.3;1265.8;1268.3;38680
20131113;000000;1268.3;1283.8;1268.3;1277.7;34497
20131114;000000;1278;1298.5;1278;1288.8;54429
20131115;000000;1289.7;1294.5;1283.4;1292.9;34703
20131118;000000;1292.5;1292.8;1274;1276.9;42468
20131119;000000;1277.9;1283.3;1273;1279.5;47067
20131120;000000;1279;1279.9;1241.1;1248.9;98337
20131121;000000;1249.7;1253.1;1240.3;1247.1;45574
20131122;000000;1247;1252.1;1243.9;1246.2;38499
20131125;000000;1245.6;1255.5;1230;1252.9;65752
20131126;000000;1255;1258.9;1243.6;1245.5;43506
20131127;000000;1247;1264.4;1242.6;1244.9;57380
20131128;000000;1244.9;1250.8;1243.3;1246.6;19418
20131129;000000;1246.4;1259.4;1245.6;1255.1;32929
20131202;000000;1253.4;1253.5;1223.1;1223.5;64703
20131203;000000;1224;1230.8;1217.5;1224.4;50647
20131204;000000;1224.7;1254;1214.2;1249.8;89504
20131205;000000;1248.3;1248.3;1221;1232.1;62702
20131206;000000;1231.1;1248.6;1216;1228.7;61635
20131209;000000;1230.2;1243.3;1230.2;1242.3;21616
20131210;000000;1244.5;1275;1243.2;1269.4;9377
20131211;000000;1267.5;1273;1263;1263.5;21574
20131212;000000;1263;1266.8;1233.3;1238.8;51290
20131213;000000;1237.4;1248.6;1229.2;1246.5;62918
20131216;000000;1247.2;1259.7;1237.5;1250.7;63808
20131217;000000;1251.4;1255;1233.6;1237.4;71185
20131218;000000;1238.4;1260;1227.7;1240;73640
20131219;000000;1238.1;1238.1;1195.3;1201;181853
20131220;000000;1200.9;1212.2;1196.1;1206;91678
20131223;000000;1206.9;1210.8;1197.5;1201.7;68104
20131224;000000;1203.1;1210.8;1201.2;1210.4;38100
20131225;000000;1210.2;1210.9;1205.1;1206.7;6308
20131226;000000;1206.4;1220.5;1204.1;1216.8;44824
20131227;000000;1216.8;1224.7;1214.9;1219.5;25254
20131230;000000;1218.1;1218.1;1204.9;1205.9;24628
20140106;000000;1208.6;1251.1;1208.6;1243;44980
20140108;000000;1242.1;1242.1;1222.8;1226.3;36457
20140109;000000;1228.5;1233.9;1226.1;1231.5;27634
20140110;000000;1232.2;1251.9;1230.1;1249;39873
20140113;000000;1250;1258.6;1246.7;1257.4;27865
20140114;000000;1257;1259.4;1242.1;1246.2;39272
20140115;000000;1244.9;1245.9;1237.1;1242.5;34823
20140116;000000;1244;1248.9;1239.9;1245.1;30974
20140117;000000;1246.2;1258;1241.2;1256.1;41758
20140120;000000;1256.5;1265;1256.5;1260;62733
20140121;000000;1260;1260.5;1241.8;1248.5;48608
20140122;000000;1248.1;1248.5;1242.7;1245;21372
20140123;000000;1244.7;1270.3;1237.3;1267.1;57445
20140124;000000;1267.1;1278.2;1260.9;1269.6;49208
20140127;000000;1269.6;1277;1254.5;1256.4;53626
20140128;000000;1259.1;1264.5;1251.6;1253.5;38781
20140129;000000;1255.4;1270.8;1253.9;1266;46043
20140130;000000;1264.6;1265;1240.5;1246.9;62314
20140131;000000;1246.2;1256.4;1240.1;1242.8;46376
20140203;000000;1243.5;1267.9;1243;1262.8;35809
20140204;000000;1260.4;1262.6;1249.4;1255.5;41312
20140205;000000;1255.7;1275.5;1254.5;1260.1;76809
20140206;000000;1260.6;1269.1;1251.3;1259;58684
20140207;000000;1260;1272.8;1255;1268.2;48643
20140210;000000;1268.8;1280.4;1268.8;1277.9;34368
20140211;000000;1279;1295.3;1279;1293;60174
20140212;000000;1291.2;1297.9;1286.2;1293.2;45705
20140213;000000;1293.1;1303.8;1287.9;1301.5;41360
20140214;000000;1302.9;1322.5;1302.9;1319.8;66810
20140217;000000;1320.9;1331.4;1320.9;1328.6;22196
20140218;000000;1328.5;1328.5;1313.7;1325.4;37272
20140219;000000;1325;1325;1315.5;1318.1;34719
20140220;000000;1317.3;1322.8;1309.3;1322.2;30479
20140221;000000;1320.6;1329.7;1318.3;1328;34271
20140224;000000;1327;1340.4;1325.8;1338.5;40392
20140225;000000;1337.1;1345.2;1332.2;1344.2;41090
20140226;000000;1345.3;1346.5;1323.2;1329.7;48897
20140227;000000;1329.5;1336.7;1324.1;1329.9;39036
20140228;000000;1330.7;1333.8;1313.1;1322.1;31580
20140303;000000;1323.8;1359;1323.8;1349.6;75322
20140304;000000;1349.8;1350.4;1331.1;1337.5;35843
20140305;000000;1337.7;1343.3;1332.2;1339.7;35439
20140306;000000;1341;1352.6;1333;1350.7;30784
20140307;000000;1350.7;1354.4;1321.5;1339.9;50398
20140311;000000;1346;1359;1344;1350;1985
20140312;000000;1355.8;1378;1355.8;1375.5;5805
20140313;000000;1377;1386;1371.5;1379;9444
20140314;000000;1378.2;1405;1375.2;1390.2;58254
20140317;000000;1391.4;1393;1365;1368.4;60806
20140318;000000;1367.3;1368.4;1351.2;1354.9;67986
20140319;000000;1356.2;1361.8;1328.9;1333.6;65199
20140320;000000;1333.9;1338;1321.1;1328.1;56083
20140321;000000;1329.9;1344.9;1329.9;1337.9;42898
20140324;000000;1337.7;1337.7;1306.1;1310;75980
20140325;000000;1312.1;1317.5;1304.8;1310.8;29118
20140326;000000;1311.8;1324.4;1299;1300.1;32984
20140327;000000;1300.5;1305.2;1288.4;1292.9;63017
20140328;000000;1293.1;1298.6;1287;1295.7;66970
20140331;000000;1295.9;1298;1283.7;1284.9;42465
20140401;000000;1286.2;1290.4;1277.8;1280.4;31685
20140402;000000;1282.4;1296.2;1281.5;1291.9;37899
20140403;000000;1292.5;1295.2;1283;1289.3;30862
20140404;000000;1288.9;1309.3;1270;1305.2;53419
20140407;000000;1304.8;1304.8;1297.7;1299.9;31830
20140408;000000;1301.6;1316.7;1301.6;1310.7;39714
20140409;000000;1312;1315.9;1302.7;1312.3;58784
20140410;000000;1313;1324.9;1313;1318.7;60367
20140411;000000;1319.9;1324.6;1313.4;1319.6;29126
20140414;000000;1320.5;1330.2;1319.7;1325.8;46225
20140415;000000;1325.6;1325.6;1290;1302.1;89112
20140416;000000;1299.5;1305.1;1292.7;1300.3;48866
20140417;000000;1300.4;1303.5;1292.3;1292.9;38052
20140418;000000;1293.6;1300.3;1290.1;1298.1;6455
20140421;000000;1298;1298;1282.6;1290.8;39015
20140422;000000;1290.9;1297.8;1276.6;1285.2;35516
20140423;000000;1285.5;1289.8;1281.5;1287;33642
20140424;000000;1287.9;1299.9;1269.6;1294.3;55914
20140425;000000;1293.5;1307;1292.9;1303.5;32086
20140428;000000;1303.9;1306.3;1294.4;1299;32605
20140429;000000;1297;1304.1;1288;1298.4;32952
20140430;000000;1298.1;1299.9;1286.7;1293.8;29551
20140502;000000;1292.3;1307.3;1275.6;1299.6;25434
20140505;000000;1302.9;1317;1302.9;1311.2;34932
20140506;000000;1311;1314.9;1306;1310.3;33253
20140507;000000;1310.9;1316.8;1289.3;1292.9;35277
20140508;000000;1293.4;1298.3;1286.6;1291.5;24039
20140512;000000;1292.2;1306;1290.2;1298.7;27903
20140513;000000;1296.5;1300.4;1288.1;1295.1;31926
20140514;000000;1295.1;1311;1294.3;1308;26990
20140515;000000;1307;1308.7;1290.6;1298.1;46536
20140516;000000;1297.5;1299.1;1288;1293.6;22068
20140519;000000;1295;1306.9;1294.5;1295.6;28109
20140520;000000;1295.6;1297.8;1286.9;1295.6;28750
20140521;000000;1295.7;1296.5;1284.1;1291.5;22578
20140522;000000;1294;1305.4;1292.9;1296;24977
20140523;000000;1297;1297.3;1288.1;1295.5;15954
20140526;000000;1294.5;1299.5;1291.4;1293.3;15060
20140527;000000;1293.2;1293.2;1266.2;1267.7;55457
20140528;000000;1267.1;1268.4;1257.5;1258.7;50074
20140529;000000;1259.2;1261.4;1253.1;1256.7;38886
20140530;000000;1257.8;1260;1243.6;1250.6;40647
20140602;000000;1250.1;1253.1;1242.8;1246.2;34275
20140603;000000;1245.6;1250;1241.2;1247.4;29831
20140604;000000;1247.5;1250.4;1244;1245;22140
20140605;000000;1246.5;1258.6;1242.4;1254.5;39987
20140606;000000;1255.5;1260;1246.9;1254.2;42572
20140609;000000;1254.3;1257.7;1252.8;1253.6;14994
20140610;000000;1254.5;1268.8;1253.1;1267.2;30200
20140611;000000;1267.7;1271.8;1265.1;1266.6;8557
20140613;000000;1266.7;1280.3;1266.7;1279.2;5167
20140616;000000;1279.4;1288.8;1277.7;1278.4;47322
20140617;000000;1277.7;1277.7;1260;1272.1;48381
20140618;000000;1271.5;1278.2;1267.9;1275.9;40260
20140619;000000;1277.8;1322;1277.8;1316.5;79188
20140620;000000;1316.5;1323.7;1311.7;1316.5;79397
20140623;000000;1316.5;1322.7;1313.2;1320.8;28074
20140624;000000;1319.4;1335;1318.1;1323.7;66546
20140625;000000;1323.5;1327.4;1315.3;1322.7;41223
20140626;000000;1322.6;1323.7;1309;1320.5;57999
20140627;000000;1320.5;1326.1;1316.4;1320.5;44010
20140630;000000;1319.6;1332;1312.7;1329.1;52095
20140701;000000;1329.5;1334.3;1326;1330.3;41161
20140702;000000;1329.8;1335.6;1324.8;1330.6;43558
20140703;000000;1329.7;1329.7;1313.2;1322;51217
20140704;000000;1322.5;1327;1315.3;1316.6;16973
20140707;000000;1316.5;1322.1;1313.6;1322;19411
20140708;000000;1321.6;1328.1;1316.3;1321.9;33389
20140709;000000;1322;1336.7;1322;1333;35797
20140710;000000;1333;1348.2;1330.6;1338.7;52156
20140711;000000;1340;1342.2;1336.1;1339.4;21067
20140714;000000;1339;1339;1295;1310.1;76482
20140715;000000;1310.6;1315.7;1295;1296.3;50996
20140716;000000;1296.9;1304.9;1295.7;1298.6;29405
20140717;000000;1301.3;1324.9;1300.4;1319.4;36472
20140718;000000;1317.3;1317.3;1306;1313.3;33837
20140721;000000;1314;1320.2;1311.4;1314.8;21072
20140722;000000;1313;1317.1;1303.1;1307.5;36269
20140723;000000;1306.9;1312.7;1301;1306;18188
20140724;000000;1305.5;1305.5;1287.3;1291.7;88581
20140725;000000;1292.5;1296.7;1291.3;1294.2;22701
20140728;000000;1294.4;1308;1294.4;1305.7;24438
20140729;000000;1305.5;1312.5;1296.8;1300;38995
20140730;000000;1300;1303.4;1291.1;1296.7;27213
20140731;000000;1295.6;1298.8;1280.8;1286.2;62288
20140801;000000;1284.8;1297.2;1280.7;1293.3;31326
20140804;000000;1294;1295.3;1286;1289;15741
20140805;000000;1289.2;1293.9;1282.7;1289.2;24438
20140806;000000;1291.8;1308.7;1288.3;1306.9;53154
20140807;000000;1307.5;1314.8;1302.2;1312.5;41153
20140808;000000;1314;1322.3;1306;1311.6;40278
20140811;000000;1310.5;1311.3;1305.3;1309.1;22236
20140812;000000;1308;1318;1306.3;1308.9;35361
20140813;000000;1309.6;1315.5;1302;1311.5;50625
20140814;000000;1312.4;1319.9;1309.4;1312.9;46982
20140815;000000;1312.7;1315.9;1293;1306.3;57930
20140818;000000;1304.9;1304.9;1295;1297.4;40903
20140819;000000;1299.6;1302.5;1293.3;1295.2;28736
20140820;000000;1295.9;1298.9;1286.8;1290.1;45598
20140821;000000;1289.2;1289.2;1273.1;1277.2;56876
20140822;000000;1278.5;1283.3;1275;1281.1;31099
20140825;000000;1280.5;1281.6;1275.7;1276.8;21794
20140826;000000;1279.3;1291.4;1279.3;1283;36097
20140827;000000;1283.2;1288;1281.2;1283.9;30569
20140828;000000;1284;1296.7;1284;1289.2;48572
20140829;000000;1289;1291.2;1282.8;1286.8;33845
20140901;000000;1287;1290.4;1270;1283.7;22216
20140902;000000;1282.5;1284.9;1262.2;1265.8;40729
20140903;000000;1266.5;1270.7;1260.7;1269.9;38692
20140904;000000;1270.9;1278.1;1260.5;1262;59543
20140905;000000;1263;1274.3;1262;1268.9;25842
20140908;000000;1269.5;1271;1250.2;1254.3;50176
20140909;000000;1254.6;1256.6;1246.8;1255.2;48940
20140910;000000;1259.9;1261.3;1248;1254;4518
20140911;000000;1251.7;1255.4;1239.5;1245;8132
20140912;000000;1244;1245;1230.8;1232;21422
20140915;000000;1234;1240.6;1232.4;1234.3;43829
20140916;000000;1235;1243.9;1231.6;1235.4;64757
20140917;000000;1236.4;1239.7;1223.7;1224.8;35947
20140918;000000;1224.6;1228.6;1216.9;1226.2;44751
20140919;000000;1226;1226.5;1214;1217.7;41132
20140922;000000;1216.5;1221;1211.7;1216.7;36646
20140923;000000;1218.3;1234.8;1216.1;1223;48897
20140924;000000;1223.2;1226.8;1216.6;1218;33927
20140925;000000;1217;1224.6;1207.5;1222.4;65136
20140926;000000;1222.8;1231.7;1212.4;1217.8;42939
20140929;000000;1216.9;1222.7;1215;1215.1;27899
20140930;000000;1216.7;1220;1204.5;1208.7;62973
20141001;000000;1207.6;1219.2;1205.7;1216;46421
20141002;000000;1218;1220;1208.5;1213.3;56528
20141003;000000;1213;1213;1190.3;1191.9;48133
20141006;000000;1191.8;1207.9;1187.2;1206.8;56256
20141007;000000;1206;1213.1;1202.5;1211;50499
20141008;000000;1212;1223.6;1205.3;1222.3;60826
20141009;000000;1224;1233.2;1221.3;1223.1;57118
20141010;000000;1223.1;1224.8;1216.8;1222.4;30719
20141013;000000;1223.3;1236.8;1223.3;1233.5;53015
20141014;000000;1233.5;1238.1;1230.1;1233;31042
20141015;000000;1232.5;1250.1;1221.4;1241.9;112355
20141016;000000;1242;1245.9;1236.3;1241.3;53109
20141017;000000;1242.2;1243.4;1233;1239.4;32833
20141020;000000;1240;1250.3;1238.9;1247.6;25887
20141021;000000;1248.5;1256.5;1247.9;1249.8;48621
20141022;000000;1251.1;1251.7;1241.6;1242.1;37068
20141023;000000;1243.7;1245.8;1225.1;1233.3;38558
20141024;000000;1233.3;1235.2;1227.3;1231.5;19468
20141027;000000;1231.1;1232.2;1226.1;1227.3;13242
20141028;000000;1228.6;1236.2;1226.8;1230.5;28199
20141029;000000;1231;1232.7;1209.3;1213.2;59867
20141030;000000;1212.7;1212.7;1197.3;1201;70343
20141031;000000;1199.1;1199.1;1160.3;1170.7;149020
20141103;000000;1170;1173.3;1165;1165.8;17517
20141105;000000;1165;1165;1137.1;1143.6;75867
20141106;000000;1143.5;1148.6;1140.6;1142.4;25406
20141107;000000;1140.5;1173.1;1136.3;1171.7;54021
20141110;000000;1171;1173.4;1147.9;1148.2;48024
20141111;000000;1150.6;1173.1;1146.6;1165.9;41062
20141112;000000;1166.6;1169.4;1156.1;1158.9;38085
20141113;000000;1158.8;1167.7;1152.3;1161.2;32451
20141114;000000;1160.1;1193;1145.3;1190.3;70882
20141117;000000;1189;1192.3;1180.9;1186;42891
20141118;000000;1187;1204.2;1187;1195.7;62652
20141119;000000;1193.6;1202;1172.7;1184.9;92693
20141120;000000;1183.9;1196.5;1182.2;1194.4;50724
20141121;000000;1194.4;1207.7;1186.5;1201;67240
20141124;000000;1200;1201.3;1193.5;1199;35084
20141125;000000;1198;1204.1;1191;1200.7;47286
20141126;000000;1200.8;1206.7;1195.1;1198.2;26357
20141127;000000;1198.2;1199.3;1185;1190;25535
20141128;000000;1189.7;1189.7;1150.1;1163.2;52040
20141201;000000;1159;1221.6;1146.3;1212.5;123242
20141202;000000;1211.5;1216.6;1191.8;1198.8;87475
20141203;000000;1199.9;1222.6;1199.5;1210.5;46343
20141204;000000;1210.2;1214.6;1202.4;1207.1;41131
20141205;000000;1207;1209.5;1187.3;1192.7;63899
20141208;000000;1193.1;1209.9;1191.4;1205.6;35798
20141209;000000;1205.1;1240;1202.3;1229.4;57655
20141210;000000;1233.6;1241.2;1228.7;1233.2;1289
20141211;000000;1231;1237.3;1220.2;1230.3;4700
20141212;000000;1229;1235;1213;1225.4;11028
20141215;000000;1224.4;1225.8;1193.5;1195.4;55383
20141216;000000;1198.7;1229.3;1190.6;1199.8;72709
20141217;000000;1201;1208.5;1186.7;1195;29991
20141218;000000;1195.7;1218.5;1195.7;1204.1;26072
20141219;000000;1204.6;1206.3;1198.5;1201.8;17129
20141222;000000;1202.8;1208.6;1176;1178.6;25854
20141223;000000;1182;1190;1177.8;1179.1;19164
20141224;000000;1180.3;1189.4;1178;1179.6;11268
20141225;000000;1181.4;1183.6;1157.8;1173.1;4770
20141226;000000;1174.8;1204.6;1174.8;1199.1;23288
20141229;000000;1200;1201.5;1181.5;1187.7;22095
20141230;000000;1188.7;1214;1185.2;1202.8;17066
20150105;000000;1202.3;1211.4;1189;1210.6;14355
20150106;000000;1211.6;1227.1;1209.4;1222;14812
20150108;000000;1221;1221;1207.6;1210.6;11513
20150109;000000;1211.8;1224.9;1210.1;1224.3;14590
20150112;000000;1224.6;1241;1221.2;1238.1;27543
20150113;000000;1239.4;1248;1232.4;1236;36859
20150114;000000;1235.7;1248.6;1229.8;1234.8;48904
20150115;000000;1233;1271.2;1226;1262.2;58115
20150116;000000;1264;1286.5;1259.1;1280.4;44634
20150119;000000;1281;1283.3;1276.3;1277;23015
20150120;000000;1279.5;1302.2;1279.5;1298.8;68904
20150121;000000;1301;1311;1288.8;1298.1;80172
20150122;000000;1297.6;1311.7;1283.6;1308.6;79833
20150123;000000;1306.4;1306.4;1288.8;1297.7;34427
20150126;000000;1298.8;1298.8;1278.9;1283.1;63218
20150127;000000;1284.6;1300;1280;1298.6;35648
20150128;000000;1297.5;1297.5;1282;1287.2;29104
20150129;000000;1286;1286;1252;1258.7;78292
20150130;000000;1258.9;1284.6;1258.9;1284.1;44548
20150202;000000;1282;1284.3;1262;1275.8;46499
20150203;000000;1278.1;1286.9;1256.6;1261.7;73077
20150204;000000;1265;1273.8;1260.8;1266.2;32223
20150205;000000;1268.1;1272.6;1257.4;1266.2;37846
20150206;000000;1266.2;1270;1230.1;1238;69509
20150209;000000;1239.5;1245.5;1236.4;1240.4;30362
20150210;000000;1242.2;1247.4;1231;1234.4;35390
20150211;000000;1235.2;1238.9;1195.7;1220.2;61535
20150212;000000;1222.1;1232.9;1220;1222.7;45777
20150213;000000;1224;1235;1223.2;1228.5;31115
20150216;000000;1230;1236.9;1225;1229.9;19606
20150217;000000;1227.6;1227.6;1203.8;1207.7;126111
20150218;000000;1209.5;1212.9;1196.9;1210.4;53044
20150219;000000;1211.9;1222.8;1205.1;1205.5;40760
20150220;000000;1207.2;1215.8;1199.7;1202.8;55436
20150224;000000;1203.3;1203.5;1190.8;1200.5;50887
20150225;000000;1201.7;1212;1201.7;1205.9;34230
20150226;000000;1206;1221.2;1206;1210.2;50536
20150227;000000;1209.6;1219.9;1204.7;1213;45530
20150302;000000;1214.9;1225.1;1205.1;1206.8;41349
20150303;000000;1207.6;1215.1;1201.4;1203.8;37010
20150304;000000;1205.7;1208;1198.5;1199.5;34165
20150305;000000;1199.9;1210.1;1196.5;1200;37043
20150306;000000;1199.7;1199.8;1164.1;1167.2;99079
20150310;000000;1178;1178.2;1160.1;1169;2083
20150311;000000;1169.2;1171.3;1152.1;1160;3383
20150312;000000;1160.5;1185;1151;1158.5;3759
20150313;000000;1159.1;1165.3;1154;1160.9;10513
20150316;000000;1162;1167.3;1152.2;1157.3;48442
20150317;000000;1157.7;1160.7;1143.7;1152.3;62056
20150318;000000;1151.2;1177.4;1147.5;1169.7;81134
20150319;000000;1170.3;1175.6;1161.6;1174;40936
20150320;000000;1175;1190.2;1171.3;1185.6;33264
20150323;000000;1185;1194;1181.7;1192.2;35311
20150324;000000;1192;1197.5;1188.3;1195.3;36902
20150325;000000;1194.1;1202.3;1190.2;1198.6;26930
20150326;000000;1199.3;1222.5;1199.1;1208.3;43211
20150327;000000;1207.4;1208.5;1195.5;1201.1;27266
20150330;000000;1199.7;1199.7;1184.1;1187.3;23612
20150331;000000;1187;1192.9;1180.3;1185.9;25937
20150401;000000;1186.4;1210.7;1182.3;1206.8;39722
20150402;000000;1207.1;1210.7;1196.7;1204.3;34425
20150403;000000;1204.2;1219.7;1203.3;1214.8;8837
20150406;000000;1216.1;1240;1216.1;1217.9;50011
20150407;000000;1218;1219;1210.5;1212.3;24212
20150408;000000;1213;1215.7;1201;1205.6;35141
20150409;000000;1204.3;1205.5;1195.1;1197.6;22271
20150410;000000;1198;1213.8;1197;1210.9;36387
20150413;000000;1210;1210;1199.2;1202.3;23895
20150414;000000;1202.1;1202.1;1187;1195;38743
20150415;000000;1196.1;1208;1191.1;1206.1;32322
20150416;000000;1207.6;1212.2;1197.8;1200.9;30512
20150417;000000;1201.5;1211;1201.5;1207.2;27689
20150420;000000;1208.3;1214.9;1194.4;1199;27018
20150421;000000;1197.1;1207;1195.8;1204.6;22350
20150422;000000;1205.1;1206.5;1188.3;1189.9;34658
20150423;000000;1189.5;1201;1187.7;1196.6;39895
20150424;000000;1196.9;1198.8;1165;1179;57637
20150427;000000;1179;1207.5;1179;1202.7;52871
20150428;000000;1202.2;1216.6;1199.8;1212.5;36581
20150429;000000;1211;1214.7;1200.2;1204.8;40535
20150430;000000;1204;1208;1177;1183.9;58711
20150505;000000;1184.2;1199.8;1184.2;1192.4;38279
20150506;000000;1193.3;1197.6;1188;1192.4;33992
20150507;000000;1191.9;1191.9;1179;1185.3;35437
20150508;000000;1185.8;1194.2;1182;1189.1;44186
20150512;000000;1188.7;1198.2;1183.3;1194.7;38323
20150513;000000;1195.5;1229.6;1193.1;1219.8;90068
20150514;000000;1220.1;1231.5;1217;1223.8;50924
20150515;000000;1224;1229.8;1213.8;1227.6;35629
20150518;000000;1228;1234.5;1226.1;1229.1;39097
20150519;000000;1227.9;1227.9;1208.4;1210.4;57813
20150520;000000;1210.2;1216.2;1206.2;1212.8;28807
20150521;000000;1212.3;1215.1;1203.9;1209.1;30456
20150522;000000;1209.7;1218.6;1204.5;1208.8;37241
20150525;000000;1208;1212.9;1201;1212.2;17807
20150526;000000;1211.3;1211.3;1186.1;1188.8;49405
20150527;000000;1190;1194.1;1184.8;1189.7;22161
20150528;000000;1190.3;1193.9;1182.1;1190.1;35086
20150529;000000;1190;1196.6;1186;1193.4;34044
20150601;000000;1192.1;1206.6;1186.4;1191.6;46931
20150602;000000;1191.5;1199;1187.7;1195.6;25659
20150603;000000;1194.7;1196.4;1181.5;1188.2;48799
20150604;000000;1186.1;1188;1169.4;1176.3;90463
20150605;000000;1177.4;1177.8;1162.4;1172;35585
20150608;000000;1172.5;1175.8;1168.2;1174;23955
20150609;000000;1174.7;1183;1174.7;1177;25620
20150610;000000;1182;1196;1182;1191.1;2937
20150611;000000;1190.1;1198;1180;1190.5;56586
20150615;000000;1191;1195;1177.8;1189.8;41691
20150616;000000;1191;1192.2;1179.1;1185.9;31244
20150617;000000;1185;1192.6;1178.4;1189.1;41024
20150618;000000;1189.5;1208.5;1189.5;1204.7;59267
20150619;000000;1204.3;1207.7;1201;1203;17325
20150622;000000;1202.7;1202.7;1184.6;1188.5;68867
20150623;000000;1188.6;1189.4;1178.2;1180.5;39801
20150624;000000;1180.7;1182.9;1171.3;1176.5;54071
20150625;000000;1177.2;1179.2;1173.8;1175.7;23624
20150626;000000;1176.1;1181.5;1171;1177.6;35976
20150629;000000;1178.9;1187;1176.1;1182.2;46150
20150630;000000;1181.9;1181.9;1168;1173.9;51896
20150701;000000;1175;1176.3;1169.6;1170.9;34392
20150702;000000;1170;1171.8;1159.8;1169.4;54251
20150703;000000;1170;1172.5;1168.6;1171.6;14984
20150706;000000;1171.2;1176.7;1164.9;1171.7;31983
20150707;000000;1171.7;1171.7;1149.9;1158.9;56586
20150708;000000;1157.1;1166;1149;1158.8;45014
20150709;000000;1159.4;1170.1;1159.4;1160.7;26733
20150710;000000;1161.8;1167.2;1159.8;1164.8;26795
20150713;000000;1163.8;1163.8;1152.6;1159.1;38099
20150714;000000;1158.5;1162.9;1154.3;1156.3;17477
20150715;000000;1156;1157.2;1145;1151;38701
20150716;000000;1150;1150;1144;1147.1;18703
20150717;000000;1146.4;1147.4;1132.5;1136.1;35111
20150720;000000;1135.3;1135.3;1094.8;1096.9;85429
20150721;000000;1098.5;1110.5;1098.5;1102.3;45294
20150722;000000;1100.8;1100.8;1087;1094.2;45385
20150723;000000;1095;1105.9;1086.8;1090.2;53559
20150724;000000;1088.3;1102;1077.7;1098.7;58675
20150727;000000;1099.2;1105.3;1089;1093.8;44185
20150728;000000;1094.9;1099.6;1091.4;1095.6;19896
20150729;000000;1097;1102.5;1090.6;1097.8;32338
20150730;000000;1096.6;1096.6;1082.1;1088.3;36755
20150731;000000;1087.6;1102.7;1079.4;1095.4;59899
20150803;000000;1095.5;1097.4;1085;1085.8;26039
20150804;000000;1086.2;1094.4;1084;1087.1;25473
20150805;000000;1087;1091.9;1081.8;1083.9;32665
20150806;000000;1084.7;1094.3;1083.1;1089.4;26266
20150807;000000;1090.7;1098.9;1080;1092.9;61230
20150810;000000;1093.9;1108.8;1093.4;1105.2;45572
20150811;000000;1104;1119.1;1098;1109.5;65479
20150812;000000;1110.2;1125.5;1110.2;1124.2;53047
20150813;000000;1123.7;1124.6;1113.5;1115.4;24298
20150814;000000;1115.6;1121.5;1111.7;1115.4;29576
20150817;000000;1116.3;1122.5;1115.4;1116.6;28624
20150818;000000;1117.6;1121.2;1108.7;1116.4;43965
20150819;000000;1117.7;1138.5;1117.7;1137.5;116621
20150820;000000;1138.7;1157;1138.7;1155;61725
20150821;000000;1156;1163;1150.7;1162.3;66632
20150824;000000;1162;1172.2;1140;1155.6;107205
20150825;000000;1153.3;1153.8;1135.4;1141.3;47113
20150826;000000;1138.6;1139.9;1117.7;1124;64256
20150827;000000;1126.5;1129.1;1118.3;1125.3;33600
20150828;000000;1127;1141.4;1123.7;1134.8;39893
20150831;000000;1136.3;1136.7;1125.2;1135;23887
20150901;000000;1136.5;1148.3;1136.5;1140.9;31303
20150902;000000;1141.9;1143.5;1132.7;1133.9;29407
20150903;000000;1134.1;1134.9;1120;1125.9;31474
20150904;000000;1126.5;1137.5;1116.5;1123.1;37496
20150907;000000;1123.4;1128.9;1116.3;1123;16031
20150908;000000;1123;1127.8;1119.5;1122.8;18503
20150909;000000;1123.5;1124;1101.4;1107.5;51005
20150910;000000;1111.3;1119;1109.5;1114.7;5626
20150911;000000;1114.3;1115;1103.9;1111.2;38974
20150914;000000;1112.5;1116.2;1107.9;1114.9;23558
20150915;000000;1113.8;1114.2;1106.2;1108.5;39831
20150916;000000;1108.9;1127.4;1108.9;1122.8;34986
20150917;000000;1123.2;1139.5;1118.1;1134.4;42760
20150918;000000;1134.2;1144.4;1130.5;1140.6;39787
20150921;000000;1141.6;1141.7;1131.1;1135;20894
20150922;000000;1135.1;1138.7;1122.7;1126.1;33972
20150923;000000;1126.4;1136.1;1125.4;1132.1;31526
20150924;000000;1132.8;1161.4;1132.8;1159;108590
20150925;000000;1158.3;1159;1145.2;1148.6;35889
20150928;000000;1148.3;1148.3;1131.1;1134.9;42105
20150929;000000;1134.5;1137;1126;1129.4;28245
20150930;000000;1128.6;1128.6;1114.5;1117.2;41377
20151001;000000;1117;1122.3;1113.1;1116.8;30157
20151002;000000;1116.5;1143.2;1107.2;1141.3;75181
20151005;000000;1141.2;1145;1132.4;1138.5;35925
20151006;000000;1139;1155;1138.9;1150;29329
20151007;000000;1150.5;1156.5;1144.5;1148.7;44461
20151008;000000;1148;1154;1138.8;1141.4;39800
20151009;000000;1142;1163.6;1142;1160.3;53913
20151012;000000;1160.5;1172.9;1160.5;1167.7;38294
20151013;000000;1167.3;1172.2;1154.7;1171.8;31711
20151014;000000;1172;1193.3;1166.7;1188.6;50672
20151015;000000;1188.5;1195.2;1177.6;1186.9;52555
20151016;000000;1185.2;1186.1;1173.2;1179;43357
20151019;000000;1178.5;1179.5;1170.3;1172;27260
20151020;000000;1172.5;1183.7;1172.5;1178.8;36144
20151021;000000;1178.2;1180.1;1165.3;1169.2;28558
20151022;000000;1169.5;1173.7;1163.2;1167.2;29697
20151023;000000;1167.5;1181.8;1161.1;1167.1;43095
20151026;000000;1167.4;1171.8;1164.1;1166;13090
20151027;000000;1166.4;1170.9;1162.5;1169;19355
20151028;000000;1169.5;1185.3;1154.1;1158.8;62689
20151029;000000;1159;1164.4;1145.6;1147;51686
20151030;000000;1147.5;1151.2;1140;1142.6;30224
20151102;000000;1142.5;1143.7;1133.7;1134.6;17130
20151103;000000;1135;1139.9;1115;1117.8;106217
20151105;000000;1117.5;1118.3;1104.3;1104.8;28748
20151106;000000;1105;1111.6;1086.8;1089.7;40719
20151109;000000;1090;1097;1089.4;1093.1;24485
20151110;000000;1093.8;1096.6;1086.4;1089.5;23278
20151111;000000;1090;1094.3;1083.8;1086.4;23044
20151112;000000;1089;1092;1075.9;1086.2;40318
20151113;000000;1085.7;1091;1081.7;1084.4;20810
20151116;000000;1085;1101.5;1082.7;1084.6;26976
20151117;000000;1084;1085.8;1066.9;1071.3;39486
20151118;000000;1072;1077.1;1067;1072.1;26569
20151119;000000;1072.5;1088.7;1070.2;1084.3;34998
20151120;000000;1084.5;1089.1;1076.6;1078;25798
20151123;000000;1077.5;1077.5;1064.8;1069.5;30806
20151124;000000;1070;1082.2;1070;1075.4;27525
20151125;000000;1076;1080.9;1068.3;1072.2;24127
20151126;000000;1073;1074.5;1070.6;1073.3;18960
20151127;000000;1072.5;1072.5;1052.1;1057.4;43603
20151130;000000;1057;1069;1053.5;1064.5;27911
20151201;000000;1065;1073.3;1063.4;1069.1;26853
20151202;000000;1068.6;1068.6;1049.8;1052.5;30054
20151203;000000;1052.8;1065;1048.1;1061.7;57713
20151204;000000;1061.9;1088.7;1056.9;1086.4;71060
20151207;000000;1086.4;1089.7;1070.1;1071.8;40672
20151208;000000;1071.9;1077.6;1066;1073.1;35065
20151209;000000;1074;1084.6;1068.3;1073.4;43484
20151210;000000;1077.5;1084.1;1073.9;1076.1;1814
20151211;000000;1075.6;1083.7;1066.3;1080;7860
20151214;000000;1078.2;1110.9;1065.8;1067.1;53706
20151215;000000;1067.1;1071.1;1060.9;1064.8;47381
20151216;000000;1064.8;1081.2;1064.8;1075.2;68918
20151217;000000;1072.3;1072.3;1050.5;1053.5;53284
20151218;000000;1055.1;1073.5;1055.1;1067.5;46703
20151221;000000;1069;1083.5;1068.4;1079.9;38663
20151222;000000;1080.1;1082.9;1073.5;1074.7;25337
20151223;000000;1075.3;1076.7;1070.2;1072;23996
20151224;000000;1072.3;1079.4;1072.3;1078.9;14736
20151225;000000;1078.9;1080.4;1074.7;1078;3458
20151228;000000;1077.4;1077.4;1068.4;1070.7;24262
20151229;000000;1071.4;1077.1;1069.7;1070.5;15611
20151230;000000;1071.2;1074.5;1061.3;1062;26921
20160104;000000;1063.7;1085;1063.7;1076;38069
20160105;000000;1076.5;1083.5;1076.4;1079.7;23943
20160106;000000;1081.1;1099;1080.2;1096.7;104950
20160111;000000;1098;1110.8;1097.3;1097.9;58050
20160112;000000;1098.3;1102.4;1086.2;1093.1;44958
20160113;000000;1091.9;1098.4;1082.4;1096.8;42668
20160114;000000;1094.2;1095.8;1074;1080.6;55674
20160115;000000;1082;1099.9;1082;1091.4;62276
20160118;000000;1092.4;1094.3;1088;1091.1;20364
20160119;000000;1092;1097.2;1085.2;1090.9;54317
20160120;000000;1092.2;1112.7;1092.2;1103.2;62105
20160121;000000;1104.9;1107.8;1094.1;1103.9;47102
20160122;000000;1102.1;1105.8;1097.1;1100.1;33937
20160125;000000;1100.1;1111.6;1099.8;1111;35719
20160126;000000;1111;1125.4;1111;1123.9;50731
20160127;000000;1123;1130.6;1116.7;1129.1;52793
20160128;000000;1128;1128;1112;1117.3;51567
20160129;000000;1118;1121.2;1113.4;1119.7;35936
20160201;000000;1122.2;1132.5;1116.9;1132.5;31380
20160202;000000;1130.5;1133.3;1124.1;1131.4;42878
20160203;000000;1131.6;1147.6;1126.2;1142.2;67590
20160204;000000;1144;1159.5;1142.5;1158.1;69190
20160205;000000;1158;1175.7;1147.6;1174.4;71875
20160208;000000;1174;1202.4;1165;1190.7;135512
20160209;000000;1190.4;1199.9;1186.7;1191.6;101600
20160210;000000;1192.9;1196.5;1182;1196.5;100244
20160211;000000;1196.9;1263.7;1196.9;1243.1;329772
20160212;000000;1245;1246.8;1232.5;1239.6;101185
20160215;000000;1238.8;1238.8;1203.8;1207.2;86013
20160216;000000;1206.2;1219.3;1196.2;1203.2;133859
20160217;000000;1204.3;1214.4;1201.4;1208.6;103801
20160218;000000;1208.8;1241.1;1202.2;1240.1;111490
20160219;000000;1239.8;1239.8;1220.9;1228.7;98164
20160220;000000;1227;1233.6;1223.1;1233.6;4608
20160222;000000;1232.7;1232.7;1203;1209.4;68200
20160224;000000;1210;1274.3;1210;1229.5;164489
20160225;000000;1231.1;1244.4;1226.3;1235.9;100800
20160226;000000;1236.8;1240.9;1212;1225.3;91327
20160229;000000;1225.5;1240.9;1224;1240.2;64178
20160301;000000;1241;1248.5;1228.1;1234.9;69090
20160302;000000;1233.4;1248.9;1226.1;1242.8;94005
20160303;000000;1243;1268.8;1241;1263.5;104287
20160304;000000;1264;1280.6;1252;1264;195512
20160307;000000;1262;1274.6;1260.6;1267.8;74378
20160309;000000;1267;1267;1243.6;1250.9;82175
20160310;000000;1254.2;1277;1241;1273.1;9413
20160311;000000;1272.1;1275;1255.1;1255.5;6510
20160314;000000;1256.7;1264.3;1233;1240;30638
20160315;000000;1240;1242.3;1230.3;1234.5;22543
20160316;000000;1236.2;1267.2;1231.5;1266.2;133246
20160317;000000;1264.2;1277;1259.1;1261.1;89271
20160318;000000;1262;1267.9;1250.7;1258.6;38623
20160321;000000;1256;1256;1243.9;1246.9;39930
20160322;000000;1247.9;1263.5;1247.9;1251.7;54982
20160323;000000;1250;1250;1218.3;1223.3;78908
20160324;000000;1222.5;1226.6;1212.6;1219.8;40042
20160325;000000;1220.5;1223;1214.4;1221.7;7930
20160328;000000;1221.3;1226.9;1216.5;1223.1;35684
20160329;000000;1224.8;1246.2;1218;1245;68743
20160330;000000;1243.4;1247.6;1226.6;1227.8;70557
20160331;000000;1229.4;1243.4;1229.3;1235.9;46459
20160401;000000;1236;1237.9;1207.7;1221.9;202840
20160404;000000;1221.3;1222.9;1213.8;1215.1;35076
20160405;000000;1216;1238.8;1216;1231.9;89433
20160406;000000;1231.1;1231.1;1216.3;1223.4;45702
20160407;000000;1226;1245.2;1226;1241.9;72383
20160408;000000;1240.7;1244.3;1231.3;1241.6;49650
20160411;000000;1242.9;1260.7;1242.9;1259.6;50337
20160412;000000;1258.7;1265.2;1250.5;1257.5;53127
20160413;000000;1253.1;1253.6;1242.4;1245.5;50044
20160414;000000;1245;1246.6;1225.9;1228.2;80846
20160415;000000;1228.2;1237.9;1228.1;1235.7;33117
20160418;000000;1235.4;1244;1232.4;1234.8;46377
20160419;000000;1235.7;1259.5;1235.7;1251.8;78211
20160420;000000;1253.1;1258.6;1241.5;1245.3;67127
20160421;000000;1246.7;1276.5;1246.7;1253.6;227725
20160422;000000;1252.1;1254.8;1231.2;1237.3;70602
20160425;000000;1239.7;1245.8;1233;1241.9;36745
20160426;000000;1240.4;1248.8;1234.4;1247.1;54748
20160427;000000;1248;1258.5;1244;1250;65317
20160428;000000;1251;1272.7;1251;1269.5;66039
20160429;000000;1271;1299.9;1271;1299.9;86907
20160504;000000;1299.5;1299.5;1274.5;1283;87947
20160505;000000;1282.2;1289.2;1271.7;1279.6;56395
20160506;000000;1279.5;1298;1275;1290.9;65838
20160510;000000;1290.2;1290.2;1258.9;1269;66962
20160511;000000;1270;1281.6;1270;1280.3;51377
20160512;000000;1279.1;1283.5;1264;1267.5;86576
20160513;000000;1268;1278.9;1265.2;1275.9;55804
20160516;000000;1276.5;1291.2;1273.2;1277.5;60086
20160517;000000;1276.4;1284.6;1271.2;1282;63267
20160518;000000;1280;1280;1258.1;1261.6;74967
20160519;000000;1260;1260;1246.1;1256.5;72104
20160520;000000;1256.6;1262.8;1251.6;1255.8;38965
20160523;000000;1254.8;1255.3;1244.6;1251.6;41756
20160524;000000;1250.2;1250.2;1225.6;1227.5;184230
20160525;000000;1227;1227;1218.1;1224.5;43098
20160526;000000;1225;1232.9;1218.9;1220.2;50928
20160527;000000;1220.8;1223.9;1207.4;1212.5;60614
20160530;000000;1211.7;1211.7;1202;1205.2;31562
20160531;000000;1208.4;1218.8;1208.4;1215.9;56144
20160601;000000;1216.9;1221.2;1207;1213.4;60920
20160602;000000;1213.5;1218.3;1210.4;1212;54663
20160603;000000;1211.2;1244.7;1211.2;1243.8;100449
20160606;000000;1243.2;1248;1239.8;1245.6;47945
20160607;000000;1245;1246.3;1234.9;1244;30429
20160608;000000;1245.2;1264.8;1245.2;1263.2;58569
20160609;000000;1262.7;1272;1257.1;1269.5;40595
20160610;000000;1270.2;1281.8;1268.4;1278.3;3525
20160614;000000;1281.1;1295;1280.2;1290.9;35702
20160615;000000;1290.9;1303.3;1283.4;1297.2;70416
20160616;000000;1297.2;1320.4;1284.1;1285.6;244855
20160617;000000;1285.5;1302;1285.3;1301.8;116341
20160620;000000;1300.2;1300.2;1280.7;1292.8;92271
20160621;000000;1290.1;1290.1;1265.8;1270.8;82432
20160622;000000;1268.7;1274.8;1266.8;1270.2;54312
20160623;000000;1270.2;1275.2;1258.6;1261;89870
20160624;000000;1262.9;1335.1;1262.9;1320;186968
20160627;000000;1322;1336.7;1320.9;1327.5;106407
20160628;000000;1326;1326;1308.9;1314.3;84522
20160629;000000;1318;1331;1318;1321;90393
20160630;000000;1320;1327.1;1315.2;1324.2;85844
20160701;000000;1335.3;1347.3;1334.6;1346;84789
20160704;000000;1351.6;1359;1348.1;1353.5;49919
20160705;000000;1352.4;1360;1345;1358.6;83327
20160706;000000;1358.2;1377.2;1358.2;1366.1;123125
20160707;000000;1366.2;1370.9;1352.6;1362.3;127814
20160708;000000;1362.1;1373.4;1337.9;1367.6;203226
20160711;000000;1366.6;1366.6;1353.2;1357.9;73497
20160712;000000;1358;1360.8;1334;1337.9;120565
20160713;000000;1339.1;1347.9;1339.1;1345.9;120390
20160714;000000;1345.7;1345.7;1322.6;1336.7;146864
20160715;000000;1336.1;1341.4;1325.2;1340.6;136962
20160718;000000;1339.1;1339.1;1326.3;1331.7;74665
20160719;000000;1331.8;1337.6;1330.6;1335.1;55205
20160720;000000;1334.5;1334.5;1315.9;1320;113654
20160721;000000;1320.5;1336.3;1318;1332.4;117609
20160722;000000;1331.5;1331.5;1321.9;1325.9;60521
20160725;000000;1325.6;1325.6;1314.4;1318.8;44605
20160726;000000;1319.1;1327;1319.1;1322.8;49537
20160727;000000;1321.5;1344.6;1320.3;1342.8;101200
20160728;000000;1343;1348.1;1335.6;1340.6;77656
20160729;000000;1339;1356.6;1332.7;1352.5;119954
20160801;000000;1352.5;1357.6;1348.3;1355;55903
20160802;000000;1356.5;1369.9;1355.2;1366.8;67375
20160803;000000;1366.2;1369.1;1355.8;1360.5;68163
20160804;000000;1358.7;1367.4;1350.4;1362.2;92176
20160805;000000;1363.3;1366;1336.8;1340;111148
20160808;000000;1338.9;1339.3;1331.3;1336;64751
20160809;000000;1335.4;1344.9;1331;1342.5;61076
20160810;000000;1342.8;1359;1342.8;1348.4;73171
20160811;000000;1347.5;1355.4;1336.9;1340.3;95463
20160812;000000;1340.8;1358.1;1333.6;1338.9;100597
20160815;000000;1338.9;1345;1336;1340.9;41982
20160816;000000;1341.4;1362.8;1340.9;1348.9;98742
20160817;000000;1346.1;1353;1336;1349.6;84220
20160818;000000;1350.1;1354.7;1346.9;1353.4;62844
20160819;000000;1352.6;1352.6;1338.6;1341.2;44389
20160822;000000;1340.8;1341.7;1333.2;1338.7;28064
20160823;000000;1339.2;1345.3;1337.7;1338.8;44208
20160824;000000;1338.8;1340.6;1324.4;1325.5;80563
20160825;000000;1326;1327.5;1317.2;1321.2;102753
20160826;000000;1322.5;1342.8;1317.8;1322.8;156888
20160829;000000;1320.4;1325.2;1317.2;1322.5;33927
20160830;000000;1322;1322.1;1309.7;1311;63967
20160831;000000;1312;1316;1304;1309.5;75252
20160901;000000;1309.1;1315.8;1301.6;1312.9;67091
20160902;000000;1312.8;1330;1303.3;1324.9;107707
20160905;000000;1325.5;1328.6;1324.6;1326.2;25296
20160906;000000;1326.9;1352.5;1326.9;1350;94129
20160907;000000;1350.1;1351.7;1343.1;1345.7;54934
20160908;000000;1346;1349.6;1334.9;1338.5;60179
20160909;000000;1337;1338.3;1328;1328.3;51484
20160912;000000;1334;1335.1;1325.3;1332.8;15090
20160913;000000;1333.3;1336.6;1321.3;1324.4;14403
20160914;000000;1325;1331;1325;1328.5;53914
20160915;000000;1326.6;1333.6;1314.1;1319.9;126078
20160916;000000;1319.9;1321.6;1311.2;1315.8;58234
20160919;000000;1317;1323.7;1316.2;1318.8;38087
20160920;000000;1320;1323;1317.1;1320.4;20611
20160921;000000;1321;1341.1;1321;1340;189594
20160922;000000;1337.7;1353.4;1336.2;1343;48616
20160923;000000;1343;1345.6;1339.3;1343;30521
20160926;000000;1342.3;1347.2;1338.2;1343.2;34670
20160927;000000;1342;1342.9;1329.3;1331.6;56543
20160928;000000;1331;1331.9;1322.3;1328.5;48938
20160929;000000;1326.6;1329.4;1320.1;1326;71463
20160930;000000;1326.8;1332.7;1318.3;1322.9;81148
20161003;000000;1321.6;1323.1;1313.8;1316.4;54952
20161004;000000;1316.3;1316.3;1271.8;1272.9;202534
20161005;000000;1273.3;1281;1265.8;1271.9;113157
20161006;000000;1271;1271.3;1253.1;1258.5;89164
20161007;000000;1257.4;1269.3;1245.1;1261;150901
20161010;000000;1261.4;1268.7;1260.3;1263.3;59868
20161011;000000;1263.5;1265.5;1255.6;1256.5;70316
20161012;000000;1258.1;1262.4;1252.6;1258.3;70482
20161013;000000;1258.4;1266;1256.5;1260.9;70444
20161014;000000;1260.4;1262.5;1249;1254.9;85995
20161017;000000;1255.2;1260.4;1253.2;1258;48970
20161018;000000;1258.7;1267.4;1258.7;1264.9;58705
20161019;000000;1264.8;1276.3;1264;1273.2;66242
20161020;000000;1273.2;1278;1267.1;1268.7;61370
20161021;000000;1268.1;1270.8;1263.6;1269.4;33262
20161024;000000;1269;1274.6;1262.8;1267.2;68569
20161025;000000;1267.2;1279.3;1267.2;1276.2;50126
20161026;000000;1276.3;1278.3;1267.2;1269.4;49075
20161027;000000;1269.4;1275.8;1269.1;1272;50711
20161028;000000;1272;1285.4;1263.4;1278.8;161969
20161031;000000;1278.9;1280.8;1274;1279.3;49174
20161101;000000;1280;1294.3;1280;1291.4;135565
20161102;000000;1291.5;1311.4;1291.5;1300.3;216350
20161103;000000;1300.8;1306.6;1288.7;1305.2;118672
20161107;000000;1303.1;1303.1;1281.2;1284.2;81671
20161108;000000;1285;1293.9;1275.5;1277.9;92850
20161109;000000;1281.5;1329;1273;1277.7;455810
20161110;000000;1278.2;1295.6;1254.8;1259.6;302497
20161111;000000;1259.6;1266;1221.3;1227.9;411429
20161114;000000;1224.5;1230.1;1212.1;1220.3;336031
20161115;000000;1222.3;1232.6;1220.3;1227.6;147987
20161116;000000;1228.1;1231.2;1222.6;1226.4;81527
20161117;000000;1227;1232.9;1212;1217.1;144301
20161118;000000;1215.3;1217.6;1203.4;1209.8;112577
20161121;000000;1209.8;1218.8;1209.8;1213.8;64046
20161122;000000;1214.2;1220.4;1207.4;1213.4;80010
20161123;000000;1214.5;1216.2;1183.4;1191.8;195218
20161124;000000;1190.6;1192.3;1181.8;1185.5;73637
20161125;000000;1184.5;1194.6;1180;1185.6;105309
20161128;000000;1186;1198.6;1184.7;1193.9;75780
20161129;000000;1193.5;1194.1;1181.3;1190;82744
20161130;000000;1190.4;1191;1171.7;1174.1;131237
20161201;000000;1176;1177.5;1161.9;1174;92328
20161202;000000;1174.9;1179.5;1167.8;1176.9;102196
20161205;000000;1176.5;1177;1158;1170.6;112397
20161206;000000;1171.4;1176;1167.5;1169.3;56909
20161207;000000;1168.6;1181.4;1168.4;1175.5;64371
20161208;000000;1176.5;1179.4;1169.9;1170.9;69866
20161209;000000;1170.4;1172.5;1156.3;1159.1;77037
20161212;000000;1164.5;1171.8;1157;1167;14011
20161213;000000;1167;1170.2;1160.6;1165.3;26888
20161214;000000;1166.1;1173;1149.2;1149.6;66820
20161215;000000;1149.5;1149.5;1127.3;1133.2;238553
20161216;000000;1133.2;1147.3;1133.2;1140.1;95473
20161219;000000;1141;1148;1141;1144.9;54978
20161220;000000;1144.3;1144.3;1131.3;1137.7;67022
20161221;000000;1137.8;1142.7;1135.7;1137.7;46609
20161222;000000;1136.9;1140;1133.4;1134.6;52044
20161223;000000;1135.7;1141;1135.2;1138.2;36506
20161226;000000;1138.5;1139.4;1136.5;1138.3;1986
20161227;000000;1138.5;1155.4;1138.5;1145.4;55079
20161228;000000;1146;1149.5;1141.9;1146.9;46910
20161229;000000;1148.1;1165.4;1148.1;1162.7;105229
20161230;000000;1163;1167;1155.4;1157.7;66639
20170103;000000;1158;1170.9;1150.8;1162.9;88455
20170104;000000;1165.8;1172.9;1165.4;1169.1;50703
20170105;000000;1169.9;1190.1;1168;1186.2;176203
20170106;000000;1185.9;1188;1175.8;1177.7;66899
20170109;000000;1177.7;1195;1177.6;1187.3;83529
20170110;000000;1188;1195.2;1185.5;1192.8;91690
20170111;000000;1192.8;1203;1181.8;1196;177305
20170112;000000;1197;1211.1;1197;1202.4;120801
20170113;000000;1200.1;1206.8;1192.7;1203.4;101616
20170116;000000;1203.4;1212.9;1203.4;1208.5;47868
20170117;000000;1208.7;1223;1208.7;1220.2;119451
20170118;000000;1219.6;1221.3;1207.2;1210.1;83969
20170119;000000;1209;1211;1199.7;1210;109290
20170120;000000;1210;1218.8;1203.1;1212.7;127834
20170123;000000;1214.3;1223.5;1213.7;1221.1;106537
20170124;000000;1219.6;1221.8;1211.1;1213.7;87416
20170125;000000;1212.9;1212.9;1197.6;1204;112968
20170126;000000;1203;1203;1188.1;1193.8;117071
20170127;000000;1193.1;1195.8;1184.3;1195.8;90876
20170130;000000;1195.8;1202.7;1192;1199.8;107115
20170131;000000;1200.5;1218.5;1199.3;1215.9;153110
20170201;000000;1213.7;1216.5;1201.6;1213.5;150595
20170202;000000;1213.5;1228.9;1213.5;1219;150673
20170203;000000;1218.2;1225.5;1210.3;1222.1;100850
20170206;000000;1223;1239.2;1223;1239.2;105578
20170207;000000;1238.1;1239.3;1231.2;1236.9;88057
20170208;000000;1236.1;1248.3;1234;1243.3;132558
20170209;000000;1242.6;1247.7;1233.6;1234.8;143156
20170210;000000;1233.3;1240.5;1225;1236.2;137660
20170213;000000;1235.3;1235.6;1223.1;1229.5;80603
20170214;000000;1229.8;1238;1225.3;1231.1;127321
20170215;000000;1230.1;1236.3;1219.7;1235.7;124449
20170216;000000;1235.6;1245.3;1235.4;1242.3;108145
20170217;000000;1241.8;1246.9;1238.5;1240.1;103184
20170220;000000;1239.9;1242.1;1235.6;1240.4;35916
20170221;000000;1240.4;1241;1228.7;1238.4;103712
20170222;000000;1238.2;1243.8;1233.3;1240.3;104596
20170224;000000;1240.8;1261.8;1240.8;1258.8;86503
20170227;000000;1255;1267;1253.1;1254.1;89855
20170228;000000;1254.5;1260.2;1249.8;1252.1;115433
20170301;000000;1252.1;1252.4;1239.1;1251.6;148042
20170302;000000;1251;1251;1232.8;1237;128690
20170303;000000;1235.8;1237.8;1224.3;1236.1;149331
20170306;000000;1234.4;1236.5;1226.3;1227.9;61848
20170307;000000;1228.9;1228.9;1214.4;1216;137299
20170309;000000;1215;1215;1201.8;1202.1;77470
20170310;000000;1206.5;1211.6;1200;1208.8;9996
20170313;000000;1211.7;1216.5;1208.3;1209;15946
20170314;000000;1208.5;1213.2;1203.1;1204.5;19100
20170315;000000;1205;1225.5;1202.2;1223.6;83995
20170316;000000;1223.9;1238;1223.9;1230.3;134801
20170317;000000;1231.1;1236.4;1230.2;1233.5;56078
20170320;000000;1233.6;1239.5;1233.6;1237.7;43516
20170321;000000;1237;1251.4;1231.6;1249.2;103449
20170322;000000;1249.4;1255.3;1248.5;1252.5;71340
20170323;000000;1251.2;1257.7;1246.8;1249.7;92348
20170324;000000;1249.4;1256.2;1245.1;1249.5;72066
20170327;000000;1249.9;1266;1249.9;1259.2;98835
20170328;000000;1259;1263.4;1251.8;1255.3;68892
20170329;000000;1255.1;1259.2;1254.2;1257.6;36643
20170330;000000;1257.4;1257.4;1246.6;1247;58538
20170331;000000;1246.9;1255.4;1244.3;1253.4;64433
20170403;000000;1251.9;1258.3;1248.6;1257;57853
20170404;000000;1257.5;1265.3;1257.5;1260.4;63657
20170405;000000;1260.3;1261.4;1231.4;1260.5;130965
20170406;000000;1259.5;1259.5;1253.3;1255.3;47672
20170407;000000;1255.8;1275.1;1255.2;1259.1;134726
20170410;000000;1258;1260.8;1250.5;1258.1;80666
20170411;000000;1258.7;1278.8;1258.7;1278;109157
20170412;000000;1278.3;1290.6;1275.6;1290.6;110455
20170413;000000;1289.5;1292.4;1285.6;1291.6;69189
20170414;000000;1291.5;1300;1290.5;1299.7;23351
20170417;000000;1299;1301.8;1284.8;1288.2;67387
20170418;000000;1287.8;1296.2;1282.5;1293.6;93813
20170419;000000;1293.6;1293.6;1278.1;1282.7;86331
20170420;000000;1283.3;1287.1;1279.4;1285.2;52871
20170421;000000;1285;1292.4;1281.9;1289;69042
20170424;000000;1288;1288;1270;1279;71788
20170425;000000;1278.1;1278.1;1264.7;1267;61243
20170426;000000;1266.7;1274.5;1262.8;1272.8;68503
20170427;000000;1271.6;1271.6;1263.7;1267.2;44639
20170428;000000;1267.9;1272.1;1267.2;1271.6;46795
20170502;000000;1270.8;1270.8;1254.5;1258.9;49220
20170503;000000;1258.8;1258.8;1238.6;1241.5;89375
20170504;000000;1240;1240;1226.6;1230.2;135197
20170505;000000;1231.6;1237.6;1228.3;1229.6;71595
20170510;000000;1228.7;1228.7;1220;1221.5;38663
20170511;000000;1222.6;1230;1222.2;1226.4;52214
20170512;000000;1228;1233.5;1228;1230.6;45862
20170515;000000;1230.7;1239.3;1230.2;1231.8;66085
20170516;000000;1232.5;1241.2;1232.5;1239.8;43334
20170517;000000;1240.1;1262.7;1240.1;1261.9;135861
20170518;000000;1261.7;1267.1;1247.7;1249.8;122280
20170519;000000;1251;1258;1249.6;1257;60311
20170522;000000;1257;1264.5;1254.8;1262.2;53679
20170523;000000;1263.2;1265.1;1252.2;1253;62416
20170524;000000;1252;1260.7;1250.6;1259.7;68687
20170525;000000;1259.8;1261;1255.4;1256.4;39166
20170526;000000;1257.2;1270.8;1257.2;1269.2;90374
20170529;000000;1268.7;1297;1266.3;1273.3;35245
20170530;000000;1271.3;1271.3;1260.3;1263.7;67797
20170531;000000;1263.2;1275.4;1262.2;1269.8;67654
20170601;000000;1268.4;1269.8;1261.9;1265.5;44094
20170602;000000;1265.4;1281.3;1260.5;1281;124574
20170605;000000;1281.4;1284.1;1277.2;1279.5;44500
20170606;000000;1280.5;1297;1280.5;1295.2;86060
20170607;000000;1294;1295.3;1283.1;1288.1;60696
20170608;000000;1288.1;1288.9;1272;1279.9;77932
20170609;000000;1279;1279;1265.2;1268.7;78588
20170613;000000;1268;1269;1259;1266.3;84728
20170614;000000;1266.7;1284;1256.1;1261.8;167388
20170615;000000;1268.3;1269.4;1256.9;1259.8;119255
20170616;000000;1260.2;1262.8;1258.5;1259.6;35896
20170619;000000;1258.6;1258.6;1248.9;1249.3;56984
20170620;000000;1250.6;1252.9;1246.1;1248;89393
20170621;000000;1249.3;1252.9;1245.3;1250.2;64898
20170622;000000;1250.2;1259.3;1250.1;1254.2;87770
20170623;000000;1254.4;1263.4;1254.4;1262.1;62524
20170626;000000;1260.2;1260.3;1239.6;1247.7;181177
20170627;000000;1248.1;1257.4;1248.1;1253.3;73165
20170628;000000;1254.3;1259.1;1251.8;1253.8;72862
20170629;000000;1254.6;1256;1243.1;1250.9;99510
20170630;000000;1250.1;1250.1;1242.4;1245.1;60747
20170703;000000;1244.5;1244.5;1223;1223.8;142224
20170704;000000;1224.3;1230.8;1224.3;1228.3;32122
20170705;000000;1228.4;1231.1;1220.5;1230.6;107563
20170706;000000;1230.1;1230.9;1226;1228.4;60945
20170707;000000;1228.3;1231.9;1211.1;1217.3;148705
20170710;000000;1215.5;1219.6;1209.4;1217.7;98263
20170711;000000;1217;1221.1;1211.8;1218.5;62665
20170712;000000;1220.4;1229.2;1216.7;1223.3;89614
20170713;000000;1223.5;1227;1219.7;1222.2;50670
20170714;000000;1221.4;1237;1220.8;1232.9;118818
20170717;000000;1233.3;1239;1232.9;1236.4;65808
20170718;000000;1237;1247.9;1237;1246;75148
20170719;000000;1245.4;1247.4;1238.8;1245.1;45851
20170720;000000;1244.8;1251.3;1239;1247.8;91256
20170721;000000;1248.8;1259.1;1248.8;1257.7;51075
20170724;000000;1257.5;1263.3;1255.2;1259.1;95999
20170725;000000;1259.7;1261.3;1253.3;1254.8;56769
20170726;000000;1254;1267.7;1248.4;1264.9;93169
20170727;000000;1265;1269.8;1258.8;1262;91790
20170728;000000;1263;1275.2;1262.1;1274.4;70134
20170731;000000;1273.5;1275.3;1269.7;1273.9;44683
20170801;000000;1273.2;1278.4;1266.9;1273.3;96082
20170802;000000;1272.8;1277.3;1267.1;1270.8;81135
20170803;000000;1270.4;1274.9;1263.9;1272.4;77099
20170804;000000;1272.5;1274.6;1257.8;1262.5;96003
20170807;000000;1261.5;1263.8;1259.2;1261.4;47463
20170808;000000;1262;1269.3;1255.4;1264.2;96272
20170809;000000;1265.5;1283.5;1265.5;1281.9;128927
20170810;000000;1282;1291.7;1281.1;1289;83195
20170811;000000;1288.9;1295.6;1284.3;1293.6;116677
20170814;000000;1292;1292;1282.2;1284;74407
20170815;000000;1283.6;1283.6;1270;1275.2;90774
20170816;000000;1273.1;1286.9;1271.3;1286.2;90227
20170817;000000;1286.5;1294.2;1284.8;1292;108349
20170818;000000;1292.5;1304.3;1287.3;1289.5;145199
20170821;000000;1290.2;1297;1289.7;1294.9;76201
20170822;000000;1293.3;1294.2;1285;1288.1;70509
20170823;000000;1289;1295;1288.1;1293.2;59193
20170824;000000;1292.5;1293;1287.5;1288.9;61416
20170825;000000;1289.2;1299;1280.3;1294.8;133066
20170828;000000;1295.4;1314.7;1295.4;1311.9;99828
20170829;000000;1313.9;1329;1308.1;1313.2;180715
20170830;000000;1312;1317.1;1308;1310.7;66511
20170831;000000;1310;1326.2;1306;1324.3;112395
20170901;000000;1323.6;1331.5;1318.7;1326.4;122696
20170904;000000;1328.2;1345.7;1328.2;1340.4;72881
20170905;000000;1341.9;1346.6;1328;1342.6;113743
20170906;000000;1341.2;1344.7;1333.6;1335;87143
20170907;000000;1336.9;1352;1336.9;1350.4;129232
20170908;000000;1350.9;1358.9;1344.1;1347.9;107856
20170911;000000;1347.7;1347.7;1333.1;1334.4;5974
20170912;000000;1334;1338.2;1329.6;1338.2;6822
20170913;000000;1336.2;1340.9;1326.4;1327.4;5785
20170914;000000;1327.4;1335.6;1321.2;1334.8;11416
20170915;000000;1334.5;1335.1;1325.1;1326.1;7936
20170918;000000;1325;1325;1310.3;1313;18376
20170919;000000;1311.6;1316.7;1310;1316;11554
20170920;000000;1316.9;1326.6;1303.1;1306.8;81532
20170921;000000;1306.5;1306.5;1289;1295.7;150410
20170922;000000;1296.6;1303.9;1296.6;1302.1;81330
20170925;000000;1301.4;1316.9;1295.5;1315.2;134470
20170926;000000;1314.9;1314.9;1297.3;1299.3;108592
20170927;000000;1297.6;1298.8;1286;1287;162732
20170928;000000;1286;1293.7;1283.2;1291.8;84260
20170929;000000;1291.7;1294.7;1280.3;1284.1;88365
20171002;000000;1283.5;1283.5;1274.9;1275.8;85190
20171003;000000;1276.5;1279.2;1273.6;1275.8;36944
20171004;000000;1275.8;1286.9;1274.9;1279.4;112408
20171005;000000;1278;1283.1;1270.4;1272.1;71160
20171006;000000;1272.5;1281;1264.8;1280.8;146488
20171009;000000;1281;1289.4;1281;1288;76733
20171010;000000;1289;1298.3;1289;1292.8;119057
20171011;000000;1292.5;1297.9;1288.5;1296.5;94179
20171012;000000;1297.5;1301.4;1293.5;1296.9;66375
20171013;000000;1297.2;1307.9;1293.5;1307.3;86577
20171016;000000;1307.3;1310.1;1294.7;1299.6;77084
20171017;000000;1299;1299;1285.5;1289;116451
20171018;000000;1288.3;1288.3;1280.7;1284.6;81886
20171019;000000;1284.7;1294.8;1283.7;1292.5;124594
20171020;000000;1292.2;1292.2;1281.3;1284.2;106253
20171023;000000;1283.1;1286.4;1275.3;1284.7;89028
20171024;000000;1284.4;1284.7;1277;1280.3;77770
20171025;000000;1279.9;1282.8;1272.5;1280.3;117682
20171026;000000;1280.5;1283.9;1268.5;1269.1;141680
20171027;000000;1269.1;1276.8;1266.1;1276.5;103466
20171030;000000;1275.4;1281.8;1271.9;1279.5;75527
20171031;000000;1279.7;1280.6;1270.6;1273.6;71937
20171101;000000;1274.5;1284.1;1274.5;1276.9;111385
20171102;000000;1279.9;1287.2;1276.2;1279;88787
20171103;000000;1278.5;1283.2;1267.9;1272;94659
20171107;000000;1272.7;1282.8;1272.7;1278.8;70113
20171108;000000;1279.6;1290.6;1279.6;1284.7;94393
20171109;000000;1284.9;1291.5;1284.9;1288.8;84117
20171110;000000;1288.5;1288.6;1275.9;1278.1;67793
20171113;000000;1278.6;1282.2;1278.2;1280;37019
20171114;000000;1279.6;1285.7;1271.7;1283.4;96852
20171115;000000;1283.2;1292.5;1278.8;1281.1;96902
20171116;000000;1280.4;1284.2;1277.4;1281.1;45256
20171117;000000;1281.8;1299.9;1281.8;1298.1;78587
20171120;000000;1297.1;1297.1;1277.9;1280.9;130194
20171121;000000;1282;1287.4;1278.9;1282;71509
20171122;000000;1283.3;1296.9;1283.3;1294;79388
20171123;000000;1293.5;1296.4;1285.7;1291.6;50595
20171124;000000;1293.9;1294.5;1288.1;1292.4;38022
20171127;000000;1292.4;1302.2;1292.2;1296.2;87949
20171128;000000;1296.2;1299.6;1292.8;1295.3;62238
20171129;000000;1295.8;1298.7;1283.6;1286.8;93517
20171130;000000;1285.8;1285.9;1272;1275.8;113283
20171201;000000;1277.5;1290.7;1273;1281.4;173605
20171204;000000;1281.1;1281.1;1272;1277.3;67499
20171205;000000;1277.3;1278.4;1261.7;1267.7;129907
20171206;000000;1267.9;1270.2;1263.2;1264.9;69456
20171207;000000;1264.2;1264.2;1244.2;1247;94797
20171208;000000;1247.5;1253.2;1243.5;1248.6;98881
20171211;000000;1255.3;1259.6;1246.7;1248.4;4822
20171212;000000;1249.1;1252;1242;1249.9;3384
20171213;000000;1251;1263.5;1247.3;1262.5;4003
20171214;000000;1264;1265;1257.6;1259.6;5516
20171215;000000;1261.1;1274.5;1261.1;1266.9;11179
20171218;000000;1265.6;1271;1264;1267.8;6945
20171219;000000;1267.8;1271.9;1265.9;1268.5;17936
20171220;000000;1268.5;1274.9;1268.5;1272.5;34788
20171221;000000;1272.1;1274.5;1269.5;1273.7;44093
20171222;000000;1273.4;1282.2;1272.5;1279.9;43049
20171225;000000;1281;1285.3;1277.6;1283.2;9164
20171226;000000;1283.3;1293;1283.3;1289.8;28525
20171227;000000;1288.6;1295;1288.4;1294;31800
20171228;000000;1295;1304.9;1293.9;1304.5;58047
20171229;000000;1303.3;1309.7;1298.1;1309.4;22442
20180103;000000;1310;1323.4;1310;1319.1;75935
20180104;000000;1318.6;1345.2;1312;1328.3;59265
20180105;000000;1328.1;1328.1;1317.5;1324.4;59213
20180109;000000;1324.3;1324.3;1313.2;1317;49051
20180110;000000;1316.6;1330.1;1312.8;1322.5;75542
20180111;000000;1322.1;1328.8;1319.7;1327.5;43648
20180112;000000;1327.5;1343.7;1322.3;1343;95890
20180115;000000;1343;1347.6;1338.9;1340.1;29998
20180116;000000;1341;1344;1335;1343.2;50953
20180117;000000;1342;1344.2;1330.6;1332.2;52521
20180118;000000;1331.7;1336.7;1325.9;1328.6;73586
20180119;000000;1330;1341.7;1330;1336.8;33700
20180122;000000;1336;1338.2;1330.9;1337.1;31307
20180123;000000;1337.9;1346;1334.3;1345.1;42304
20180124;000000;1345.9;1365.7;1345.8;1361.5;74427
20180125;000000;1362.1;1370;1346.5;1350.2;93986
20180126;000000;1353.9;1360.2;1350.9;1352.6;46284
20180129;000000;1351.5;1352.4;1340.4;1344;53549
20180130;000000;1342.6;1352.5;1336.3;1339.8;72829
20180131;000000;1340;1350.7;1334.9;1350.3;68224
20180201;000000;1348.7;1352.6;1339.7;1350.4;49348
20180202;000000;1350.4;1352.5;1330.1;1332.3;81052
20180205;000000;1332.8;1343.2;1331.1;1338.4;63727
20180206;000000;1341;1347.3;1323.5;1325.5;99291
20180207;000000;1326.7;1334.2;1315;1318.6;64569
20180208;000000;1318;1324.1;1307.4;1321;92824
20180209;000000;1321.1;1324.3;1300;1315.9;72944
20180212;000000;1315.9;1328.8;1315.9;1325.6;45545
20180213;000000;1326.7;1333.6;1325;1331.9;53423
20180214;000000;1332;1357.9;1320;1356.3;119566
20180215;000000;1355.2;1364;1350.5;1360.5;68135
20180216;000000;1361;1363.9;1347.1;1354.1;59007
20180219;000000;1354.1;1354.1;1347.6;1349.1;24882
20180220;000000;1348.5;1348.5;1330.5;1332.4;82478
20180221;000000;1331.1;1338.5;1322;1327;80864
20180222;000000;1324.1;1336;1322.6;1334.6;57996
20180226;000000;1336;1344.8;1331.7;1335.1;74480
20180227;000000;1334.3;1336.4;1314.8;1318.6;80240
20180228;000000;1319.2;1323.4;1316.5;1318;58796
20180301;000000;1317.2;1323;1304;1320.5;125648
20180302;000000;1318.7;1327.4;1316.6;1322.6;69867
20180305;000000;1324.5;1329;1318.4;1321.4;59648
20180306;000000;1321.5;1339.3;1321.1;1335.2;89559
20180307;000000;1334.2;1335.9;1322.7;1324.5;57422
20180309;000000;1323.5;1326.1;1314;1324.1;55260
20180312;000000;1329;1331.6;1323.5;1331.4;4622
20180313;000000;1330.1;1336.9;1321.7;1336.8;10407
20180314;000000;1335.4;1343.2;1329.3;1331.7;25258
20180315;000000;1332.2;1332.9;1323.4;1324.8;52225
20180316;000000;1325.2;1329.6;1317.3;1322.2;44580
20180319;000000;1321.5;1327.7;1315.7;1325.2;50849
20180320;000000;1324.7;1324.9;1315;1320.5;51190
20180321;000000;1320.8;1343.7;1320.8;1341.4;101521
20180322;000000;1339.9;1341.5;1332.4;1338;47280
20180323;000000;1338;1358.1;1338;1354.7;69091
20180326;000000;1352.3;1363.4;1351.6;1360.7;52797
20180327;000000;1361.5;1365;1347.5;1351.2;54781
20180328;000000;1351;1351;1331.1;1332;63328
20180329;000000;1331.6;1333.9;1328.1;1332.9;44676
20180330;000000;1332.3;1335.9;1326.8;1328.2;10357
20180402;000000;1333.1;1351.6;1333.1;1347.6;46070
20180403;000000;1347.7;1348.2;1335.3;1338;49694
20180404;000000;1338.8;1354.9;1338.6;1340;79794
20180405;000000;1339.9;1339.9;1328.5;1328.6;47372
20180406;000000;1330.3;1341.4;1325.8;1340.3;63283
20180409;000000;1338.3;1344.1;1332.4;1342.9;39918
20180410;000000;1341.6;1349;1338.7;1346.4;37062
20180411;000000;1347;1372.5;1347;1359.6;121484
20180412;000000;1359;1359;1339.4;1340.5;77028
20180413;000000;1342;1352.5;1335.9;1349.8;43660
20180416;000000;1349.3;1356.3;1346;1350.6;57786
20180417;000000;1350.8;1354.1;1342.2;1352.5;49392
20180418;000000;1352.5;1361.7;1347.9;1355;51280
20180419;000000;1356.4;1360.3;1344.4;1350.4;56237
20180420;000000;1348.7;1349.3;1339.5;1340.9;32273
20180423;000000;1340;1340.8;1326.8;1329.5;47029
20180424;000000;1329.9;1337.7;1327.7;1335.2;51156
20180425;000000;1335.2;1335.2;1322.2;1326.9;64500
20180426;000000;1328.4;1331.2;1319.1;1321.4;44114
20180427;000000;1321.5;1329;1319.3;1327.4;38772
20180428;000000;1328;1330;1322.5;1326.1;3081
20180430;000000;1324.6;1324.7;1314.1;1319.9;51322
20180502;000000;1318.3;1318.3;1307.8;1309.3;58331
20180503;000000;1309.6;1322.5;1309.6;1316.7;46040
20180504;000000;1315.8;1322.3;1311.9;1318.8;34196
20180507;000000;1318.5;1319.5;1313.7;1318;34389
20180508;000000;1317.4;1322;1309.8;1318.4;75354
20180510;000000;1318.1;1326.7;1314.3;1324.6;63004
20180511;000000;1324.4;1329.7;1321;1322.4;44320
20180514;000000;1322.8;1325;1315.8;1316;31228
20180515;000000;1315.7;1315.7;1291.8;1293.1;113219
20180516;000000;1293.4;1299.2;1288;1294.2;58324
20180517;000000;1293.6;1295.4;1287.8;1294.2;48404
20180518;000000;1293.6;1296.8;1289.1;1294.1;25212
20180521;000000;1294;1295.9;1285.3;1295.8;31474
20180522;000000;1295.8;1299.5;1290.6;1293.9;41241
20180523;000000;1293.7;1307;1290.5;1296.5;62369
20180524;000000;1297.5;1310.6;1297.5;1308.4;52707
20180525;000000;1307;1311;1302.5;1304.2;43055
20180528;000000;1302.4;1303.8;1298.9;1302;22127
20180529;000000;1300.7;1309.7;1295.7;1302.3;90658
20180530;000000;1301.8;1307.6;1299;1305.6;32560
20180531;000000;1305.7;1309.3;1299.4;1300.5;39424
20180601;000000;1301;1302.6;1291.8;1295.7;37093
20180604;000000;1295.6;1300.3;1292.4;1294.5;34802
20180605;000000;1295.3;1302.2;1290.6;1298.4;42062
20180606;000000;1298.4;1304;1296.1;1298.5;34554
20180607;000000;1298.4;1305;1296.7;1299.4;29124
20180608;000000;1298.9;1302.1;1296.1;1300;26981
20180609;000000;1300.3;1301;1299.5;1300.7;1121
20180611;000000;1308.8;1312.3;1304.5;1311.2;490
20180613;000000;1310;1310;1302.2;1308;3501
20180614;000000;1309.2;1318.5;1309.2;1312;11491
20180615;000000;1311;1311;1285.1;1289.7;7883
20180618;000000;1289.5;1293;1280.2;1287.4;13290
20180619;000000;1287.8;1292.3;1280.2;1284.4;8260
20180620;000000;1284;1287;1273;1277.2;26973
20180621;000000;1277.2;1280.1;1270.4;1277.2;58557
20180622;000000;1278.5;1281.4;1276.5;1278.3;20899
20180625;000000;1278.3;1280;1273.2;1274.2;38466
20180626;000000;1274;1274;1263.6;1267.4;49336
20180627;000000;1267;1269.4;1259.8;1261.2;34694
20180628;000000;1261;1263;1254.5;1256.3;37417
20180629;000000;1257.4;1263.8;1256.3;1260;43425
20180702;000000;1259.5;1259.5;1246.9;1248.3;46864
20180703;000000;1249.8;1266;1249.4;1263.5;67733
20180704;000000;1263.5;1270.4;1262.2;1266.1;36994
20180705;000000;1265.5;1268.7;1259.5;1264.7;43884
20180706;000000;1264.7;1267.5;1261.7;1263.4;21823
20180709;000000;1264;1274.2;1264;1266.1;42844
20180710;000000;1266.1;1266.1;1255.4;1263.4;68780
20180711;000000;1263.1;1263.1;1249.2;1249.5;49585
20180712;000000;1250.3;1255.4;1248.4;1253.3;34332
20180713;000000;1252.8;1252.8;1243;1248.1;46461
20180716;000000;1248.9;1252.1;1245.1;1247.8;29457
20180717;000000;1248;1251.9;1232.7;1233.1;78290
20180718;000000;1233.1;1235;1227.1;1233.8;40510
20180719;000000;1233.5;1235.9;1217.4;1229.9;89241
20180720;000000;1230.4;1238.9;1227.9;1236.8;57121
20180723;000000;1235.5;1238.7;1228.3;1230.1;38472
20180724;000000;1230;1235.2;1223.8;1231.3;37667
20180725;000000;1231.9;1240.6;1231.4;1236.7;49972
20180726;000000;1236;1236.9;1227.6;1228.8;37109
20180727;000000;1229.2;1232.2;1222.6;1228;44213
20180730;000000;1227.5;1230.5;1224.7;1226.4;22895
20180731;000000;1227;1233.4;1218.5;1228.5;71505
20180801;000000;1228.1;1229.5;1220.8;1221;37421
20180802;000000;1222.1;1223.4;1212.3;1212.6;48356
20180803;000000;1212.2;1224.7;1208.6;1218.7;69118
20180806;000000;1218.3;1218.3;1211;1212.5;45012
20180807;000000;1212.9;1220.4;1212.9;1215.8;38187
20180808;000000;1216.3;1220.3;1210;1217.4;68296
20180809;000000;1217.8;1223;1214;1216;61094
20180810;000000;1215.9;1221.1;1210.6;1214.9;54963
20180813;000000;1214.8;1219.8;1195.2;1197.6;103892
20180814;000000;1197.9;1201.9;1195;1197.4;42311
20180815;000000;1196.6;1196.6;1176.4;1177.9;92536
20180816;000000;1178.2;1185;1176.7;1177.8;66267
20180817;000000;1177.3;1188.3;1177;1187.1;56821
20180820;000000;1188.3;1194.2;1187.5;1193.8;51998
20180821;000000;1194;1199.7;1190.9;1199.3;67300
20180822;000000;1198.9;1204.4;1195.4;1198.4;63074
20180823;000000;1197.6;1197.6;1186;1187.5;40270
20180824;000000;1189.3;1210.6;1189.3;1208.7;92974
20180827;000000;1207.3;1214.8;1204.8;1213.2;56168
20180828;000000;1213.5;1216.9;1202;1203.1;78896
20180829;000000;1204.6;1209.8;1203.4;1209;38475
20180830;000000;1208.4;1208.8;1197.7;1202.4;56441
20180831;000000;1202.7;1211;1199.9;1202.8;45563
20180903;000000;1202.5;1205.9;1200.2;1203.5;22857
20180904;000000;1202.6;1202.6;1191.4;1192.5;56176
20180905;000000;1193.6;1199.9;1193.4;1198.5;40697
20180906;000000;1198.5;1208.4;1198;1201.3;58191
20180907;000000;1202;1203.9;1194.5;1196.7;51293
20180910;000000;1202.9;1207;1199.4;1205.1;1759
20180911;000000;1206.5;1207.1;1196.4;1206.7;2327
20180912;000000;1205;1216.5;1199.1;1213.5;2492
20180913;000000;1213;1220;1207.2;1209;5789
20180914;000000;1211.5;1216.2;1200.7;1201.7;4956
20180917;000000;1202.2;1212.6;1202.2;1208.8;6968
20180918;000000;1208.3;1210.5;1203.9;1205.5;18020
20180919;000000;1206.1;1213.5;1204;1211.6;32007
20180920;000000;1211.6;1215.6;1205.5;1214.6;51569
20180921;000000;1215;1218.4;1199;1206.6;81589
20180924;000000;1206.1;1211.6;1203.9;1206.4;37021
20180925;000000;1207;1210.3;1205.2;1208.4;19184
20180926;000000;1207.8;1208.4;1197.5;1201.1;70751
20180927;000000;1201.3;1204;1188.1;1188.6;50011
20180928;000000;1188.5;1200.3;1186.7;1197.6;47530
20181001;000000;1197.6;1198.8;1191.2;1195.4;37529
20181002;000000;1195.7;1215;1195.6;1209.8;96731
20181003;000000;1210.1;1212.6;1204;1204;53338
20181004;000000;1204.9;1214.1;1204.2;1206.2;79391
20181005;000000;1206;1213;1203.8;1210.9;42678
20181008;000000;1210.6;1210.6;1189.5;1194.7;75522
20181009;000000;1195.7;1197.3;1189.8;1195.8;47039
20181010;000000;1196;1202.6;1191.7;1201.8;64293
20181011;000000;1201.4;1233.2;1200.2;1232;196653
20181012;000000;1231.7;1231.7;1222.2;1223.8;92932
20181015;000000;1224.3;1240.7;1224.3;1234.2;98059
20181016;000000;1234;1239.6;1228.9;1230.3;74347
20181017;000000;1229.8;1236.4;1227.9;1229.3;70786
20181018;000000;1228.2;1236.6;1225.1;1231.6;66124
20181019;000000;1231.9;1236.7;1228.9;1232.9;42503
20181022;000000;1232.4;1233.8;1225.5;1227.6;37405
20181023;000000;1228.5;1245.6;1228.5;1236.5;84924
20181024;000000;1236.8;1239.5;1230.2;1238.8;53677
20181025;000000;1239;1242;1232.8;1237;37914
20181026;000000;1236.7;1250.1;1236.1;1239;137689
20181029;000000;1238.4;1238.4;1228.9;1234.3;70912
20181030;000000;1233.8;1233.8;1224.5;1228;46104
20181031;000000;1227.5;1227.5;1216.6;1219.6;59909
20181101;000000;1220;1241.9;1220;1237.5;63611
20181102;000000;1237.5;1241.2;1233.8;1237.4;41252
20181106;000000;1236.4;1240.9;1228.1;1231.4;50283
20181107;000000;1232;1241;1230.1;1230.6;44179
20181108;000000;1230.2;1231.8;1223.9;1227.5;46389
20181109;000000;1227;1227;1210.6;1213.5;70586
20181112;000000;1212.2;1212.2;1204.3;1204.8;54470
20181113;000000;1204.9;1207.8;1199.4;1205.5;68233
20181114;000000;1205.7;1219.5;1201;1215.1;67938
20181115;000000;1215.3;1219.5;1210.1;1215.7;58947
20181116;000000;1217.7;1228.5;1217.2;1224.6;58266
20181119;000000;1224.3;1228.6;1221.4;1227;33390
20181120;000000;1226.6;1231.6;1222.3;1223.6;58010
20181121;000000;1224;1233.1;1224;1228.6;32848
20181122;000000;1229.4;1231.9;1228.3;1228.7;14641
20181123;000000;1228.5;1229;1222.8;1225.8;31015
20181126;000000;1227.1;1230.7;1223.8;1224.4;18233
20181127;000000;1224;1227.8;1213.9;1215.7;50585
20181128;000000;1215.7;1229.6;1212.9;1223.1;52320
20181129;000000;1224;1231;1224;1225.8;33372
20181130;000000;1226;1226.7;1217.4;1222.8;24229
20181203;000000;1223.9;1236.5;1223.9;1232;54059
20181204;000000;1233.6;1243.7;1233.6;1240.2;59371
20181205;000000;1239.1;1240.4;1234.5;1238.8;25615
20181206;000000;1237.4;1246;1236.2;1239.3;43374
20181207;000000;1240.4;1251.6;1239.3;1250.5;47388
20181210;000000;1258.9;1259.2;1252.6;1255.6;1906
20181211;000000;1257.6;1258.9;1251.9;1252.9;2190
20181212;000000;1253.4;1257.4;1251.7;1256.3;2472
20181213;000000;1257.2;1257.2;1250;1252;2230
20181214;000000;1250.9;1251.2;1240;1247.7;8673
20181217;000000;1247.5;1257.5;1246.9;1255.7;5656
20181218;000000;1255.1;1259.8;1255.1;1259.4;8401
20181219;000000;1259.8;1271.8;1256.7;1257;56870
20181220;000000;1258.8;1278.4;1257;1273;76246
20181221;000000;1272.5;1274.6;1264.9;1266.2;44327
20181224;000000;1268;1281.4;1268;1280.7;32389
20181225;000000;1281.1;1284.2;1277;1282.5;6429
20181226;000000;1282.7;1290.4;1275.3;1277.6;42635
20181227;000000;1278.3;1289.9;1277;1285.1;36325
20181228;000000;1285.7;1293.8;1285.7;1290;36106
20181229;000000;1290.1;1298.9;1288.9;1297.3;2296
20190103;000000;1297.3;1308.2;1296.3;1305.8;29347
20190104;000000;1304.7;1306.2;1284.4;1293.6;48937
20190108;000000;1293;1295.3;1287.7;1293.5;23020
20190109;000000;1292.7;1302.7;1288.2;1302.4;33659
20190110;000000;1302.8;1305.4;1295;1295.7;27187
20190111;000000;1297.4;1303.4;1294.8;1295.9;18401
20190114;000000;1297;1303.3;1295.8;1299.8;34429
20190115;000000;1299;1301.6;1293.9;1296.9;28127
20190116;000000;1297.1;1302.6;1295.3;1300.5;22467
20190117;000000;1300.1;1301.9;1295.5;1299;23823
20190118;000000;1299.6;1299.6;1287.4;1287.9;35117
20190121;000000;1288.6;1296.3;1282.8;1286.1;30672
20190122;000000;1286;1292.3;1284.6;1290.6;34525
20190123;000000;1290.6;1293.4;1285.1;1289.9;27360
20190124;000000;1289.2;1290.5;1283.2;1287.4;29537
20190125;000000;1288.2;1306.8;1288.2;1305.6;47036
20190128;000000;1306;1310.7;1303.8;1309.6;39329
20190129;000000;1310;1318.1;1310;1316.6;37899
20190130;000000;1317.5;1329.4;1315.3;1324.7;43371
20190131;000000;1324.9;1332.3;1323.2;1326.4;33671
20190201;000000;1325.5;1329.5;1321.9;1325.2;30557
20190204;000000;1324;1324;1313.8;1318.3;23632
20190205;000000;1319.1;1322.1;1315.6;1320.3;24377
20190206;000000;1319.4;1321.1;1311.1;1311.9;26487
20190207;000000;1311.6;1316.6;1308.2;1314.5;24180
20190208;000000;1314.1;1320.5;1312.5;1319.2;25803
20190211;000000;1318.9;1318.9;1307.9;1312.8;27377
20190212;000000;1313.9;1319.1;1312.8;1316.1;29134
20190213;000000;1316.7;1332.9;1310;1310.7;49648
20190214;000000;1311.4;1319.2;1306;1317;48223
20190215;000000;1317.8;1326.6;1317.8;1326.6;38182
20190218;000000;1326.6;1331.5;1325.3;1330.7;19046
20190219;000000;1329.8;1345.8;1326.5;1343.9;48866
20190220;000000;1344;1349.7;1340.2;1343.2;45559
20190221;000000;1342.5;1343.6;1327.1;1327.5;53185
20190222;000000;1327.8;1335.8;1323.8;1331.1;39154
20190225;000000;1332.7;1335.2;1327.4;1330.4;27908
20190226;000000;1329.8;1331.8;1325.6;1331;26464
20190227;000000;1330;1330.9;1319.1;1322.7;39893
20190228;000000;1322.1;1329.2;1315.2;1316.7;53492
20190301;000000;1316.5;1316.5;1293.6;1293.8;93913
20190304;000000;1295.5;1297;1284.7;1289.6;86057
20190305;000000;1289.1;1289.8;1282.8;1289.3;44181
20190306;000000;1289.5;1292.6;1285.1;1288.6;34709
20190307;000000;1287.5;1290.1;1282;1286.5;35830
20190311;000000;1301.4;1309.9;1301.4;1304.9;3226
20190312;000000;1307.4;1314;1305.8;1313.5;2300
20190313;000000;1314;1322.8;1314;1321.1;3143
20190314;000000;1319.4;1319.4;1304.4;1307.7;5191
20190315;000000;1309.9;1317.6;1309.9;1313.3;4785
20190318;000000;1314.6;1317.7;1312.2;1315;2855
20190319;000000;1316.4;1321.4;1314.6;1318.3;10853
20190320;000000;1318.3;1328.8;1310.8;1324.3;35488
20190321;000000;1326.5;1331.6;1314.5;1320;54478
20190322;000000;1320.9;1325;1319.3;1323.4;33061
20190325;000000;1323.5;1332.4;1323.5;1329.2;49737
20190326;000000;1328.5;1328.5;1320.7;1322.8;37510
20190327;000000;1323.4;1327.2;1316.7;1318;47715
20190328;000000;1318.5;1320.1;1297.3;1299.5;69255
20190329;000000;1299.3;1308.2;1293.5;1301.3;56717
20190401;000000;1301;1305.7;1295.1;1296.5;61103
20190402;000000;1295.6;1299.8;1294;1299.8;35114
20190403;000000;1299.9;1302.6;1296.7;1297.2;37876
20190404;000000;1298.5;1301.8;1288.9;1299.6;59866
20190405;000000;1299.4;1301;1292.2;1299.3;47777
20190408;000000;1299.5;1311.5;1299.5;1306.1;36145
20190409;000000;1305.7;1314;1305.1;1311.1;28547
20190410;000000;1312.4;1318;1307.5;1315.1;41150
20190411;000000;1314.3;1314.3;1296.3;1299.1;49020
20190412;000000;1299.4;1302.4;1296.3;1296.8;28423
20190415;000000;1296.2;1296.5;1288.5;1293.7;43136
20190416;000000;1293.8;1293.8;1279.1;1283.1;66316
20190417;000000;1283.5;1285.5;1278.3;1280.1;36444
20190418;000000;1279.1;1282.7;1276.2;1280.3;39212
20190419;000000;1280.8;1281.8;1279.5;1281.5;4713
20190422;000000;1281.5;1285.1;1278.7;1280.3;29803
20190423;000000;1279.5;1279.5;1271.2;1277.2;49111
20190424;000000;1276.5;1282.9;1274.2;1280.7;38079
20190425;000000;1281.4;1288.2;1280.2;1282.5;35436
20190426;000000;1282.9;1294.1;1278.4;1290.4;42770
20190429;000000;1290;1290;1282.8;1284.1;27871
20190430;000000;1284.5;1290.8;1284.5;1288;31746
20190502;000000;1287.9;1287.9;1270.8;1275.1;36512
20190503;000000;1275.7;1286.2;1272.6;1283.1;56744
20190506;000000;1283.3;1288.4;1280.9;1284.7;27373
20190507;000000;1285.7;1289.9;1282.5;1288.4;44099
20190508;000000;1288.5;1294;1283.2;1284.9;82210
20190510;000000;1285.6;1292.7;1285.6;1289.7;38051
20190513;000000;1289.1;1304.4;1285.1;1303;48022
20190514;000000;1302.1;1302.8;1296.9;1300.5;28851
20190515;000000;1300;1304.9;1296.6;1300.1;38085
20190516;000000;1300.1;1302.5;1287.5;1290.4;35234
20190517;000000;1290.7;1292.1;1278;1281.1;34296
20190520;000000;1280.6;1282.2;1276.7;1281.1;21302
20190521;000000;1280.5;1280.5;1272.6;1277.6;22299
20190522;000000;1277.3;1280.6;1275.1;1276.3;19928
20190523;000000;1276.8;1289.9;1275.6;1286.3;40129
20190524;000000;1285.6;1287.7;1283.2;1287.1;16476
20190527;000000;1287.3;1289.8;1287.1;1287.2;14528
20190528;000000;1287.2;1287.6;1278.5;1282.1;33892
20190529;000000;1282.8;1288.3;1281.9;1284;26132
20190530;000000;1283.5;1292.1;1276.1;1291.3;43524
20190531;000000;1291.6;1308.6;1267.7;1306.4;90595
20190603;000000;1307;1329.1;1307;1326;56490
20190604;000000;1327;1330.4;1321.1;1328.1;37443
20190605;000000;1329.5;1345.4;1328;1331.2;87724
20190606;000000;1332;1341;1332;1336.3;35503
20190607;000000;1335;1349.3;1332;1341.8;61771
20190610;000000;1349.6;1354.2;1333.9;1338.2;4414
20190611;000000;1338.1;1339.8;1330.5;1337.7;2981
20190613;000000;1338.9;1353.7;1338.9;1353.3;2881
20190614;000000;1353.4;1369.1;1348.9;1352.2;11053
20190617;000000;1348.9;1353.5;1343.5;1350;10582
20190618;000000;1351.5;1364.8;1350;1357.4;20925
20190619;000000;1356.2;1373.3;1351.7;1370.5;37225
20190620;000000;1371.9;1403.5;1371.9;1398.2;100496
20190621;000000;1399.6;1410.5;1391.1;1409;92072
20190624;000000;1409.6;1430.9;1409.6;1428;74769
20190625;000000;1428.7;1445.8;1421.3;1432.8;117377
20190626;000000;1430.9;1430.9;1411.4;1418.7;108268
20190627;000000;1418;1419;1407.2;1417.1;81460
20190628;000000;1418.4;1425.4;1405.5;1419.7;70989
20190701;000000;1419.1;1419.1;1391.2;1392.8;67477
20190702;000000;1393.4;1429.8;1393.4;1427.6;76851
20190703;000000;1428.5;1435.7;1421.1;1427.6;83184
20190704;000000;1427;1427;1418.8;1423.3;30655
20190705;000000;1422.3;1424.8;1395.2;1407.1;99937
20190708;000000;1408;1416.2;1400.1;1403.7;48201
20190709;000000;1403.3;1408.6;1393.6;1405.3;60076
20190710;000000;1403.6;1427.6;1398.1;1425.9;93268
20190711;000000;1426.8;1432.5;1408.8;1412;85234
20190712;000000;1415;1425.2;1411.2;1423.8;51567
20190715;000000;1423.2;1425;1415.9;1421.6;36707
20190716;000000;1421.6;1424.4;1409;1413.7;77877
20190717;000000;1413.1;1434.8;1407.9;1434.3;92572
20190718;000000;1434;1455.8;1422.6;1452.6;124746
20190719;000000;1452.3;1452.3;1427.4;1433.5;126185
20190722;000000;1433.4;1436.9;1430.6;1432;59430
20190723;000000;1431.7;1437.6;1423.1;1424.8;89084
20190724;000000;1426.1;1436.6;1426.1;1432.3;61498
20190725;000000;1431.6;1440.5;1417.5;1421.2;93542
20190726;000000;1421.5;1430.8;1419.4;1425.4;53825
20190729;000000;1424.9;1434.7;1421.1;1433.2;36723
20190730;000000;1432.6;1439.6;1431.1;1437;40720
20190731;000000;1437.4;1441.9;1416.6;1419.5;127961
20190801;000000;1418.5;1451.1;1406.6;1449.3;195204
20190802;000000;1448.6;1453.7;1436.7;1445.6;137193
20190805;000000;1447.3;1475.2;1447.3;1469.7;146603
20190806;000000;1468.9;1478.9;1463.3;1477.9;85744
20190807;000000;1478;1515.2;1478;1505.6;214363
20190808;000000;1503.3;1513.6;1494.6;1506.1;119175
20190809;000000;1506.4;1510.3;1498.9;1501.9;73824
20190812;000000;1501.7;1523.4;1491.1;1515.3;129468
20190813;000000;1516.1;1538;1482.1;1504.4;308906
20190814;000000;1503.3;1527.2;1500.4;1519.9;202820
20190815;000000;1518.5;1529.8;1511.4;1526.6;157947
20190816;000000;1525.7;1525.7;1506.6;1515.4;109379
20190819;000000;1514.5;1514.5;1496.3;1499;99530
20190820;000000;1499.9;1511.7;1499.9;1510.1;70943
20190821;000000;1509.5;1510.6;1499.6;1506;76558
20190822;000000;1506;1507.2;1495.2;1501.5;90269
20190823;000000;1500.7;1532.4;1497.6;1529.9;182121
20190826;000000;1529.9;1542.8;1527.2;1529.8;154751
20190827;000000;1531.8;1546.4;1530.4;1545;111255
20190828;000000;1544;1549.2;1536.3;1541.9;94798
20190829;000000;1542.1;1552.9;1521.5;1528.2;178589
20190830;000000;1530;1535.3;1518.5;1523.3;94087
20190902;000000;1524;1534;1521.2;1529.9;37805
20190903;000000;1528.8;1551;1527.3;1548.9;124491
20190904;000000;1545.6;1559;1536;1554.7;122310
20190905;000000;1554.1;1554.1;1507.7;1520.7;162091
20190906;000000;1518.3;1529.3;1504.3;1509;198322
20190909;000000;1509.9;1517;1499;1500.6;116973
20190910;000000;1510.5;1513.5;1498.5;1499.5;17652
20190911;000000;1502;1510.7;1499.5;1508.2;12846
20190912;000000;1510.5;1535.6;1509;1510.1;34578
20190913;000000;1512.2;1520.5;1497.5;1500.1;23338
20190916;000000;1509;1519.6;1507.5;1510.1;30653
20190917;000000;1509.1;1518.4;1505;1512.1;22615
20190918;000000;1513.7;1522.2;1494.1;1503.4;86781
20190919;000000;1504.5;1514.5;1503.6;1509;82693
20190920;000000;1509.5;1527.4;1508.7;1526.2;76108
20190923;000000;1526.1;1535.9;1521.5;1531.4;114799
20190924;000000;1532.5;1545;1525.1;1540;117357
20190925;000000;1539.5;1542.4;1510.5;1514.2;153651
20190926;000000;1514.5;1522.2;1510;1514.2;104768
20190927;000000;1513.7;1513.7;1496.8;1506.1;121795
20190930;000000;1506;1506;1474.3;1482.1;161877
20191001;000000;1482;1496.4;1469.1;1489;205163
20191002;000000;1488.8;1513.8;1485;1509.8;208557
20191003;000000;1508.4;1528.2;1504.6;1513.8;218603
20191004;000000;1513.9;1523.4;1503.5;1512.6;140566
20191007;000000;1512.7;1515.5;1496.1;1500.7;123209
20191008;000000;1500.5;1518;1498.5;1513.8;154001
20191009;000000;1513.8;1520;1507.7;1513.4;161494
20191010;000000;1514.5;1518.5;1498.5;1501.1;152498
20191011;000000;1501.2;1510.2;1481.3;1495;200778
20191014;000000;1493.8;1504.4;1493.8;1499.5;98903
20191015;000000;1499.4;1505.6;1484.2;1487.5;121506
20191016;000000;1487.5;1498;1483.3;1496.3;109221
20191017;000000;1497;1503.2;1489.6;1498.7;94272
20191018;000000;1498;1499.8;1491.1;1496.6;62685
20191021;000000;1497.6;1501.3;1487.5;1489.7;81046
20191022;000000;1490.5;1494.8;1488.2;1493.1;53131
20191023;000000;1493.4;1502;1493.4;1497.8;83111
20191024;000000;1498.1;1509.4;1493.5;1508.3;104246
20191025;000000;1508.4;1523.6;1505.7;1509.7;118868
20191028;000000;1510;1513.7;1495.3;1497.3;90537
20191029;000000;1497.6;1500.7;1489;1494.3;82022
20191030;000000;1494.5;1503.4;1486;1501.3;128295
20191031;000000;1501.6;1519.7;1501.6;1517.4;118319
20191101;000000;1517;1521.5;1508.5;1519.4;104129
20191105;000000;1518.9;1518.9;1484.3;1489.6;110562
20191106;000000;1489.9;1498.8;1487.1;1495.9;68982
20191107;000000;1495.9;1496.7;1464.3;1472.2;160580
20191108;000000;1472.8;1477.2;1460.2;1463.9;125680
20191111;000000;1464.3;1471;1452.5;1459.4;96623
20191112;000000;1458.8;1464.5;1449.7;1462.9;120252
20191113;000000;1464.1;1471.3;1461.5;1467.3;93795
20191114;000000;1468.5;1478.2;1467.7;1474.2;87062
20191115;000000;1473.5;1474.2;1465.8;1470.2;59606
20191118;000000;1469.7;1477.4;1459.6;1475;111451
20191119;000000;1475.5;1480.5;1468;1475;79330
20191120;000000;1476.9;1482.5;1469.4;1475.9;117266
20191121;000000;1475;1477.9;1465.4;1467.8;98427
20191122;000000;1468;1476.4;1464;1466.1;88048
20191125;000000;1465.8;1465.8;1456.5;1457.7;66696
20191126;000000;1458.4;1466.3;1453;1464.6;80795
20191127;000000;1465;1470;1455.6;1457.6;68938
20191128;000000;1457.9;1461.4;1457.3;1459.1;31747
20191129;000000;1459.1;1469.5;1455.8;1466.6;71021
20191202;000000;1465.3;1468;1456.7;1465.9;89030
20191203;000000;1465.2;1484.3;1462.9;1480.3;113482
20191204;000000;1481;1486.8;1473.2;1477.1;116694
20191205;000000;1477.2;1482.6;1474.4;1478.3;69775
20191206;000000;1477.9;1481.9;1460.6;1462;101038
20191209;000000;1462;1467;1460.8;1462;40085
20191210;000000;1470.6;1478;1470.6;1473.4;9046
20191211;000000;1473;1488.2;1472.4;1484.1;10969
20191212;000000;1484;1496.1;1473.7;1480.8;17762
20191213;000000;1479.6;1484.9;1473.3;1480.5;7110
20191216;000000;1481.6;1490.4;1481.6;1486.5;6964
20191217;000000;1486.6;1490.4;1480.4;1486.1;20934
20191218;000000;1486.5;1491.9;1480.4;1485.4;35253
20191219;000000;1485.1;1490.8;1482.6;1488.4;53150
20191220;000000;1488.3;1490.2;1484.8;1486.5;39974
20191223;000000;1487.3;1495.9;1487.3;1495.5;53275
20191224;000000;1495.9;1510.6;1495.9;1509.6;46531
20191225;000000;1509.9;1513.2;1504.9;1509.8;10306
20191226;000000;1510.4;1523.6;1510.4;1521.5;69957
20191227;000000;1521.4;1526;1517.6;1521.2;32325
20191230;000000;1521.9;1525.8;1520.2;1525;47998
20200103;000000;1525;1562.5;1525;1558;82768
20200106;000000;1558.3;1588;1558.3;1573.6;85676
20200108;000000;1575.3;1603.6;1559.9;1569.8;169991
20200109;000000;1569.2;1569.2;1550.9;1557.8;97737
20200110;000000;1557.6;1568.7;1554.1;1568;69273
20200113;000000;1567.3;1567.3;1553.6;1556;110046
20200114;000000;1555.6;1556;1545.6;1553.1;69886
20200115;000000;1554;1564.9;1553.8;1562.6;66651
20200116;000000;1562.6;1564;1554.4;1558.2;42345
20200117;000000;1559.3;1567.7;1559.3;1564;61361
20200120;000000;1565;1569.2;1564.6;1568.4;33107
20200121;000000;1568.4;1572.7;1552.3;1564.5;106507
20200122;000000;1564.5;1565.3;1557.5;1564.5;46531
20200123;000000;1563.9;1574.2;1557.6;1568.3;89401
20200124;000000;1567.1;1582.2;1562.8;1578.9;93249
20200127;000000;1580;1592.4;1580;1588.2;107887
20200128;000000;1587.3;1588.4;1573.2;1574.3;95139
20200129;000000;1574.1;1583.9;1571.2;1582.4;74190
20200130;000000;1582.8;1591.8;1578.4;1582.4;107447
20200131;000000;1582;1594.8;1579.1;1592.7;116364
20200203;000000;1592.3;1592.3;1573.1;1581.9;124963
20200204;000000;1580.6;1580.6;1553.7;1559.4;111529
20200205;000000;1560;1567.2;1552;1561.6;91268
20200206;000000;1562;1572.6;1561.5;1570;60858
20200207;000000;1569.5;1578.6;1564;1575.5;77673
20200210;000000;1574.7;1581.4;1573.8;1577;49465
20200211;000000;1576.5;1578.4;1566;1572.7;73605
20200212;000000;1571.2;1575.5;1565.5;1570.5;47377
20200213;000000;1570.5;1582.2;1570.5;1579.7;62081
20200214;000000;1579.3;1588;1577.3;1586.2;60408
20200217;000000;1585.9;1586.5;1582.6;1584.3;17109
20200218;000000;1584.6;1609;1584.6;1606.4;100191
20200219;000000;1606.6;1615.2;1605.8;1615.2;83825
20200220;000000;1614.1;1627;1607.5;1623.2;84905
20200221;000000;1624;1652.5;1624;1648.7;166930
20200225;000000;1647.5;1660.9;1637.8;1643.7;258493
20200226;000000;1645;1658.2;1628;1644.4;226968
20200227;000000;1646;1663.6;1639.5;1641.9;202913
20200228;000000;1640;1643.7;1565.9;1584;398856
20200302;000000;1588;1613.2;1588;1590.5;186370
20200303;000000;1591.7;1651.2;1591.7;1640;271589
20200304;000000;1642;1651.5;1633.5;1639.8;165374
20200305;000000;1642;1675.9;1638.5;1675.5;168251
20200306;000000;1675.5;1695;1646.3;1671.6;417882
20200310;000000;1662;1698.8;1647.2;1655.7;9715
20200311;000000;1659.6;1676.5;1639.3;1644.8;15068
20200312;000000;1642;1651.6;1571.1;1581.8;26922
20200313;000000;1585.7;1603.4;1507.7;1535.6;27443
20200316;000000;1539;1555;1431;1518.2;51383
20200317;000000;1511.6;1560;1467.8;1534;46097
20200318;000000;1531.8;1531.8;1479;1490.4;79314
20200319;000000;1492;1502.3;1472;1482.9;160750
20200320;000000;1483.7;1526;1483.7;1506.5;125915
20200323;000000;1503;1578.8;1494.5;1573;150222
20200324;000000;1573.5;1708.9;1573.5;1665;246916
20200325;000000;1664;1669;1603;1627.7;157698
20200326;000000;1625;1668.1;1602.4;1645.4;120868
20200327;000000;1641.7;1651.5;1624;1645.2;85239
20200330;000000;1641.4;1646;1623.5;1634.3;64965
20200331;000000;1634.4;1634.4;1580;1581.1;122518
20200401;000000;1584.4;1603.8;1573.6;1593.1;102899
20200402;000000;1597;1636;1589.6;1629.2;112845
20200403;000000;1628;1643.6;1616.4;1638;72181
20200406;000000;1640.1;1704.2;1640.1;1693.4;126518
20200407;000000;1694;1710.9;1660.4;1672.1;148287
20200408;000000;1672.5;1686.9;1665.3;1670.6;88972
20200409;000000;1672;1742.3;1672;1728;149554
20200410;000000;1730.5;1749.4;1718.6;1744.8;32517
20200413;000000;1743.2;1758.1;1720.9;1749.9;114957
20200414;000000;1750.4;1776.7;1737.5;1744.9;183465
20200415;000000;1742.8;1744.7;1723;1732.7;153328
20200416;000000;1734;1757;1714.2;1724.9;164451
20200417;000000;1723;1723;1682;1684.9;205310
20200420;000000;1685.3;1709.8;1675.4;1704.1;188522
20200421;000000;1704.3;1708.9;1661.1;1690.5;193232
20200422;000000;1691.2;1734;1690.9;1728.6;169178
20200423;000000;1730;1754.2;1723.3;1741.2;149601
20200424;000000;1741;1750.8;1716.5;1733.3;130836
20200427;000000;1732.6;1732.9;1710.9;1716.9;102868
20200428;000000;1715.7;1721.8;1695.9;1714.2;110345
20200429;000000;1714.5;1724.9;1700.1;1720;112234
20200430;000000;1722.1;1728.5;1680.1;1683.5;152377
20200504;000000;1684;1716.9;1684;1701.9;108449
20200505;000000;1701.4;1710.6;1689;1706.9;94238
20200506;000000;1705;1708.1;1681.8;1683;91640
20200507;000000;1686.4;1726.3;1685.6;1721.5;111354
20200508;000000;1722.8;1729.4;1701.4;1701.6;116246
20200512;000000;1701.1;1712.3;1697.6;1701.2;71962
20200513;000000;1703;1721.9;1699.1;1719.7;145319
20200514;000000;1720;1740.5;1713;1733.8;138694
20200515;000000;1735;1756;1733.3;1751.7;115147
20200518;000000;1751.8;1771;1728.6;1731.5;161598
20200519;000000;1731.9;1749.9;1726;1748.5;89980
20200520;000000;1749;1756.3;1743.2;1749;89958
20200521;000000;1748.9;1748.9;1716.9;1727.2;97031
20200522;000000;1729;1743.8;1728.4;1739.7;80829
20200525;000000;1738;1738;1722.7;1731.1;40005
20200526;000000;1732;1733.5;1708.6;1710.4;110048
20200527;000000;1710;1714.8;1692;1714;129997
20200528;000000;1714.4;1728.6;1709.2;1718.4;103487
20200529;000000;1718.7;1739.7;1715.3;1731.7;99794
20200601;000000;1733;1745;1726.4;1738.8;79718
20200602;000000;1737.2;1746;1718.2;1724;100750
20200603;000000;1724;1724.9;1684.6;1694.9;136498
20200604;000000;1695.1;1720;1695.1;1713.4;96608
20200605;000000;1712.3;1712.3;1665.5;1682.9;133234
20200608;000000;1683;1700.7;1682.6;1697.5;79827
20200609;000000;1697.4;1719.3;1692.4;1713.4;87961
20200610;000000;1721.5;1744.5;1712.6;1742.3;9702
20200611;000000;1740.6;1751.9;1729.2;1734;13581
20200615;000000;1733.5;1737.6;1710;1737;18970
20200616;000000;1737.3;1739.4;1721.8;1735.7;21854
20200617;000000;1735.9;1738.3;1720.8;1734.7;55288
20200618;000000;1734;1743.8;1724.3;1729.7;103149
20200619;000000;1730;1751;1730;1747.4;95084
20200622;000000;1749;1771;1749;1762.1;129871
20200623;000000;1760.2;1778.9;1754.2;1777.2;102324
20200625;000000;1777;1777.7;1760;1768.9;92255
20200626;000000;1768.3;1780;1753;1779.3;94137
20200629;000000;1779.3;1783;1773.5;1779.7;75268
20200630;000000;1780.5;1797;1771.5;1790.6;101572
20200702;000000;1790.4;1790.4;1764.3;1783.1;124301
20200703;000000;1783.2;1786.7;1777.9;1779.8;25742
20200706;000000;1784.1;1793.9;1777;1792.4;74415
20200707;000000;1791.4;1807.2;1780.4;1803.5;105317
20200708;000000;1804.9;1823.7;1802.1;1815;103172
20200709;000000;1815.6;1824.3;1800;1807.6;115675
20200710;000000;1806.6;1816.5;1798.1;1804.6;99160
20200713;000000;1805;1817.9;1804.3;1807.1;93987
20200714;000000;1805.5;1817;1792.8;1816.9;105314
20200715;000000;1815.7;1820.1;1808.9;1817.4;65081
20200716;000000;1816.3;1816.3;1801.5;1802.9;63147
20200717;000000;1802.9;1816.2;1802.9;1816;54742
20200720;000000;1816;1824.9;1810;1823;82001
20200721;000000;1823.7;1847.4;1823.7;1845.1;101157
20200722;000000;1846.4;1876;1846.4;1876;147854
20200723;000000;1876;1900.4;1872.9;1889.4;176997
20200724;000000;1889.7;1908.5;1889.5;1906.3;115804
20200727;000000;1906.5;1948;1906.5;1946.4;146895
20200728;000000;1945.1;1962.6;1910.6;1957.9;272534
20200729;000000;1959.1;1982.8;1941.7;1972.2;206852
20200730;000000;1971.8;1971.8;1939.1;1958.9;209765
20200731;000000;1959;1988.9;1959;1975.9;182280
20200803;000000;1975.5;1977.9;1960.5;1976.9;102721
20200804;000000;1976.5;2020.9;1968.1;2020;158423
20200805;000000;2020;2056.2;2020;2038.4;195524
20200806;000000;2039.1;2070.1;2039.1;2066.2;135893
20200807;000000;2065;2065;2015;2033.1;170301
20200810;000000;2033;2050.2;2018.8;2025.9;110912
20200811;000000;2025;2025;1904.2;1915;348148
20200812;000000;1915.5;1952.2;1909.5;1917.4;309106
20200813;000000;1920;1966.9;1920;1956.1;237687
20200814;000000;1952.7;1957.5;1932.7;1944.5;122817
20200817;000000;1945.6;1992.2;1945.6;1985.4;153415
20200818;000000;1986.3;2016.4;1978;2000.6;182843
20200819;000000;2000.5;2000.5;1924.6;1925.1;251447
20200820;000000;1930;1956.2;1925.1;1950.4;195539
20200821;000000;1950.7;1951.1;1911.5;1940.4;187373
20200824;000000;1939.6;1962.9;1925.3;1928.5;147707
20200825;000000;1928.5;1936.9;1914.7;1928.8;117967
20200826;000000;1927.4;1956.5;1902;1954.4;211204
20200827;000000;1954;1977.9;1910.4;1928.3;270279
20200828;000000;1930.2;1974.3;1925.7;1966.3;169606
20200831;000000;1966.1;1975.8;1955.9;1966;106771
20200901;000000;1970;1992.9;1963.4;1971.3;109894
20200902;000000;1970.5;1972.4;1933.2;1944.3;155803
20200903;000000;1942.7;1946.9;1921.9;1930.7;127671
20200904;000000;1932.7;1949.8;1916.8;1932.9;155881
20200907;000000;1930.9;1940;1924.5;1936.3;34821
20200908;000000;1933.6;1942;1906.1;1932.1;174854
20200909;000000;1930;1960.9;1920.5;1948.2;98960
20200910;000000;1957.1;1981.2;1951.1;1957.2;9672
20200911;000000;1954.9;1965.3;1948.4;1959.1;7061
20200914;000000;1955.3;1972.4;1950;1968;17765
20200915;000000;1968.5;1980.7;1958;1962.5;40707
20200916;000000;1964.9;1983;1960.6;1969;78812
20200917;000000;1967;1967;1939;1953.5;111307
20200918;000000;1953.6;1965.5;1950.5;1955.2;71098
20200921;000000;1955.6;1960.4;1880.8;1917.8;184662
20200922;000000;1915;1923.3;1898.4;1905;99911
20200923;000000;1905;1905;1857.5;1864.5;167586
20200924;000000;1864;1879.9;1851.1;1872.2;128610
20200925;000000;1872.5;1879.2;1853.1;1866;95728
20200928;000000;1863.3;1888.8;1851.4;1888.8;108279
20200929;000000;1888.9;1901.7;1879.9;1900.1;83542
20200930;000000;1899.5;1905.4;1882.1;1887.9;106805
20201001;000000;1889;1915;1889;1908.2;96373
20201002;000000;1910;1917.8;1900;1902.7;77238
20201005;000000;1901.2;1921.4;1889;1915;76181
20201006;000000;1915;1923.2;1876.5;1878.7;112535
20201007;000000;1880;1900.7;1880;1889.8;83186
20201008;000000;1891;1906;1883.3;1897;82578
20201009;000000;1897.7;1934.7;1897.7;1934.2;107181
20201012;000000;1932.2;1932.2;1921;1924.3;59837
20201013;000000;1924.1;1927.7;1889.6;1894.5;117905
20201014;000000;1895.5;1916.1;1895.2;1903.5;86083
20201015;000000;1903;1910.9;1891;1910.4;99019
20201016;000000;1909.5;1916.7;1900.1;1900.7;77934
20201019;000000;1904;1920.4;1901.2;1904.4;82651
20201020;000000;1904.3;1915.7;1898.2;1909.9;79853
20201021;000000;1911.5;1933.5;1911.5;1925.4;105088
20201022;000000;1925;1925;1895.1;1904.3;124782
20201023;000000;1905.4;1914.8;1896.4;1904.2;85673
20201026;000000;1903.2;1909.4;1897;1902.8;66551
20201027;000000;1904.8;1912.6;1898.6;1908;73893
20201028;000000;1907.1;1908.5;1868;1875.6;151352
20201029;000000;1876.8;1883.9;1860.1;1866.9;115953
20201030;000000;1869.3;1890.9;1867.2;1877.7;110865
20201102;000000;1877.9;1896.7;1877.9;1896;70562
20201103;000000;1895;1910.7;1888.2;1907;76304
20201105;000000;1907.5;1953.4;1907.5;1950;168167
20201106;000000;1949.8;1960.8;1940.5;1952.9;155482
20201109;000000;1954.2;1963.6;1850.6;1866.4;326658
20201110;000000;1868.8;1891.3;1867.3;1878;153646
20201111;000000;1879.4;1883.1;1855.9;1864;123037
20201112;000000;1865.2;1884.6;1863.2;1876.4;97393
20201113;000000;1878;1897.5;1876.6;1888.5;85131
20201116;000000;1888.8;1896.9;1864.3;1888.2;159664
20201117;000000;1888.5;1894.6;1878.3;1882.2;81089
20201118;000000;1881.2;1886.3;1864.3;1869.5;130372
20201119;000000;1869.1;1869.1;1852.9;1867.4;135125
20201120;000000;1867.9;1880.7;1861.6;1874.7;95964
20201123;000000;1874.5;1876.3;1830.2;1838;194112
20201124;000000;1837.2;1837.2;1800.2;1806.9;203263
20201125;000000;1806.3;1818.7;1804.2;1808.3;92892
20201126;000000;1808.3;1819.7;1807;1811.5;51747
20201127;000000;1810.4;1812.7;1774;1783.8;167750
20201130;000000;1783;1784.6;1764.9;1778.3;148555
20201201;000000;1778.6;1818.8;1778.6;1816.1;155459
20201202;000000;1815;1833;1811.1;1828.4;190070
20201203;000000;1830;1844.5;1823.6;1841;157108
20201204;000000;1842;1848.7;1831.1;1836.9;134049
20201207;000000;1836.8;1869.7;1821.2;1862.9;165576
20201208;000000;1863.4;1876.5;1861;1871.3;124671
20201209;000000;1870.1;1870.1;1824.7;1836.5;208239
20201210;000000;1843.4;1859.1;1837.2;1844.7;13259
20201211;000000;1844.5;1855.7;1831.3;1844.6;10975
20201214;000000;1843.2;1845.5;1825.9;1833.7;20579
20201215;000000;1835.1;1860.2;1835.1;1858.1;28229
20201216;000000;1858.1;1872.8;1849.4;1871.5;72296
20201217;000000;1872.8;1904.5;1872.8;1887;200095
20201218;000000;1886;1895.8;1883.1;1886.3;104274
20201221;000000;1886.6;1907.3;1859.7;1882.1;222297
20201222;000000;1881.9;1887;1865.1;1865.4;95105
20201223;000000;1866.9;1883.4;1861.6;1876.9;92897
20201224;000000;1876.9;1889.3;1873.7;1886.8;64820
20201225;000000;1887.9;1902.3;1885.1;1891.7;30704
20201228;000000;1889.3;1901.9;1874.7;1879.2;102643
20201229;000000;1879.3;1891.8;1876.6;1884;91322
20201230;000000;1884.9;1898.5;1880.7;1897.2;52464
20210104;000000;1898;1948.6;1898;1947.8;132826
20210105;000000;1947.5;1957.4;1942.8;1951.2;90337
20210106;000000;1951;1962.9;1904;1919.5;208196
20210108;000000;1920;1920;1831;1851.3;296446
20210111;000000;1850.1;1859.2;1832.3;1848;135254
20210112;000000;1848.8;1866;1839;1858.8;146105
20210113;000000;1859.8;1864.4;1851.1;1852;102110
20210114;000000;1851.9;1859.3;1830.4;1850;116038
20210115;000000;1850;1858.4;1824.1;1827;131081
20210118;000000;1827;1844.2;1827;1842.7;64409
20210119;000000;1843.3;1847.5;1834.4;1842;89912
20210120;000000;1842.5;1872.7;1833.7;1871.9;173521
20210121;000000;1872;1876.3;1860;1870.9;109051
20210122;000000;1870.5;1872.3;1838.1;1856.1;139322
20210125;000000;1855.5;1868.9;1848.1;1855.6;136034
20210126;000000;1856.8;1861.2;1848.2;1854.5;80492
20210127;000000;1853;1853.4;1831.8;1845.1;140783
20210128;000000;1840;1864.7;1834.7;1844.1;205885
20210129;000000;1845.3;1876.5;1843.7;1845.7;205556
20210201;000000;1847.9;1873;1847.9;1862;153148
20210202;000000;1861.7;1861.7;1830.4;1837;174550
20210203;000000;1837.7;1844.6;1832;1834.9;84580
20210204;000000;1833.7;1833.7;1785.5;1794;201687
20210205;000000;1795.6;1816.5;1794;1812.4;163578
20210208;000000;1812.4;1838.7;1808.3;1832.2;138362
20210209;000000;1833;1849.2;1831.9;1834.8;126718
20210210;000000;1834.8;1855;1834.6;1841.7;116938
20210211;000000;1842.2;1847.3;1820.5;1827.2;115322
20210212;000000;1825.8;1831.5;1811.2;1820.9;133778
20210215;000000;1820;1824.3;1816.3;1819.5;55042
20210216;000000;1819.8;1826.5;1790;1795.5;217923
20210217;000000;1795.5;1795.5;1770.1;1776.4;198869
20210218;000000;1777.7;1790.1;1769.1;1774.9;155417
20210219;000000;1774;1792.2;1768.5;1781.8;166812
20210220;000000;1782.1;1786;1782.1;1786;4512
20210222;000000;1786.7;1812.8;1786.7;1810.6;142432
20210224;000000;1809;1810.5;1783.5;1803;146295
20210225;000000;1800.3;1800.3;1766.1;1773;206190
20210226;000000;1772.5;1772.5;1718;1733;310698
20210301;000000;1733.3;1756.6;1720.3;1722.1;307671
20210302;000000;1721;1738.4;1709.6;1734.9;204409
20210303;000000;1735.8;1736.3;1702;1716;253074
20210304;000000;1715.3;1722.7;1689.8;1697.3;310001
20210305;000000;1696.9;1707.3;1685.6;1699;229201
20210309;000000;1698.7;1720.4;1688.5;1716;219123
20210310;000000;1715.8;1732.1;1710.3;1731.9;50485
20210311;000000;1732.2;1744.8;1725.3;1729;20225
20210312;000000;1728;1729.6;1703.8;1728.2;36955
20210315;000000;1728.4;1739;1724.3;1736.1;35158
20210316;000000;1736.8;1745.9;1730;1735.3;42651
20210317;000000;1736;1754;1728.7;1750;101118
20210318;000000;1750;1757;1722;1737.6;249163
20210319;000000;1737.3;1747.7;1732.2;1746;153649
20210322;000000;1744.9;1745;1729.5;1740.4;138576
20210323;000000;1739.3;1744.4;1725.9;1728;147131
20210324;000000;1728.5;1740.1;1728.5;1735.5;98433
20210325;000000;1735.2;1747;1723;1727.7;162018
20210326;000000;1727.7;1737.9;1722.2;1733.7;94637
20210329;000000;1733;1733;1707.1;1713.2;154787
20210330;000000;1712.8;1712.8;1680.8;1687.2;188569
20210331;000000;1686;1716.2;1681.1;1709.5;219095
20210401;000000;1710;1731.2;1710;1730.2;197567
20210402;000000;1731.2;1734.1;1723.1;1725.9;25280
20210405;000000;1725;1733.7;1720.4;1729.4;113213
20210406;000000;1729.5;1745.6;1728.9;1744.8;150843
20210407;000000;1744.8;1744.8;1731.7;1737.6;115689
20210408;000000;1739;1760;1738.6;1757.8;152321
20210409;000000;1757.1;1757.1;1732.3;1744.9;164476
20210412;000000;1743.9;1746.9;1728.4;1733.3;127538
20210413;000000;1733.7;1749.9;1724.7;1746.6;155906
20210414;000000;1746.4;1751.3;1733.4;1738.5;139007
20210415;000000;1738.5;1770.6;1738.5;1764.8;181757
20210416;000000;1764.2;1785;1762.5;1777;147958
20210419;000000;1777.2;1791.2;1768.1;1771;181758
20210420;000000;1772;1782.1;1764.1;1779.3;171153
20210421;000000;1780;1798.4;1778.7;1794.4;168382
20210422;000000;1794.9;1795;1778.4;1784.4;173739
20210423;000000;1785.5;1797.2;1770.6;1777.2;181668
20210426;000000;1777.2;1783.6;1769.2;1782.8;129935
20210427;000000;1781.4;1786.8;1775.8;1777.2;112380
20210428;000000;1777.3;1783.9;1763.4;1783.1;166944
20210429;000000;1783.1;1786.5;1756.5;1773;236034
20210430;000000;1772.3;1774;1765.2;1769.7;158550
20210504;000000;1770;1800;1770;1780;221632
20210505;000000;1781.1;1788.9;1770.6;1788.3;119191
20210506;000000;1788.9;1818.4;1788.4;1816.3;165877
20210507;000000;1816.9;1843.7;1816.9;1832.4;250207
20210510;000000;1832.1;1846.5;1832.1;1837.7;125712
20210511;000000;1836.6;1842.6;1818.5;1838.9;208567
20210512;000000;1837.4;1845.4;1813.5;1815.2;242567
20210513;000000;1816.5;1829.4;1809.2;1828.1;155011
20210514;000000;1827;1848.6;1821.7;1845.1;162184
20210517;000000;1846;1869;1844.4;1867.3;169173
20210518;000000;1867.5;1876.5;1863.7;1869.9;137094
20210519;000000;1869.9;1891;1853;1870;322375
20210520;000000;1870.5;1885.3;1865.9;1877.9;157098
20210521;000000;1877.8;1890;1870.4;1880.9;157531
20210524;000000;1881.4;1887.4;1875.6;1882.7;104998
20210525;000000;1882;1901.8;1873.5;1901.2;181068
20210526;000000;1901.8;1913.1;1890.7;1897.3;191941
20210527;000000;1897.3;1904.6;1888.3;1897.7;185909
20210528;000000;1897.7;1906.2;1882.4;1905;197050
20210531;000000;1905.4;1909.6;1902.2;1906.8;88605
20210601;000000;1907;1916.7;1892.6;1899.4;211503
20210602;000000;1899.1;1909.6;1894.1;1909.2;139018
20210603;000000;1908.6;1908.6;1865.2;1870.8;274411
20210604;000000;1871.3;1896.9;1866.3;1892.8;206883
20210607;000000;1892;1900.9;1881.6;1900.9;127116
20210608;000000;1900.1;1904.6;1883.4;1893.4;177442
20210609;000000;1894.1;1899.5;1887.4;1889.6;109507
20210610;000000;1889;1904.8;1875.8;1904.7;79542
20210611;000000;1904.4;1908.1;1879.6;1881.6;28625
20210614;000000;1880.1;1880.1;1849.7;1870;56122
20210615;000000;1869.9;1874;1856.3;1863.9;52479
20210616;000000;1863;1867.7;1808.3;1816;162887
20210617;000000;1819;1827;1771.3;1774.7;426530
20210618;000000;1775.1;1799.8;1763.2;1766.8;292303
20210621;000000;1767.8;1788.4;1767.8;1785.9;205487
20210622;000000;1785.9;1792;1773.9;1779.8;183211
20210623;000000;1780.8;1797.9;1775.2;1780;213122
20210624;000000;1779.6;1789.5;1774.7;1776.7;154744
20210625;000000;1777.8;1792.6;1777.8;1783.3;163005
20210628;000000;1782.6;1788;1775.6;1781.1;154364
20210629;000000;1780.2;1781.4;1752.4;1762.6;317224
20210630;000000;1763.4;1776.9;1755.4;1772;203755
20210701;000000;1772.4;1784;1768.9;1778.6;215112
20210702;000000;1778.6;1796.4;1775.1;1787.1;280858
20210705;000000;1787.9;1796.6;1785.5;1795.2;92125
20210706;000000;1795.2;1815.7;1791.2;1797.9;259475
20210707;000000;1798.5;1810.4;1797.3;1804.6;188461
20210708;000000;1804.6;1819.6;1795.8;1803.5;288083
20210709;000000;1805;1814.4;1798.6;1809;196928
20210712;000000;1808.1;1808.7;1792.5;1806.6;193912
20210713;000000;1807.6;1818.2;1799.1;1808.2;287521
20210714;000000;1808.7;1830.8;1808.7;1829.1;245956
20210715;000000;1828.6;1835.9;1821.8;1830.5;197303
20210716;000000;1830.5;1830.5;1811;1812.9;221234
20210719;000000;1813.6;1817;1796.3;1814.7;196173
20210720;000000;1814.9;1826.4;1806.6;1810.8;178488
20210721;000000;1810.8;1814.9;1796.4;1804.9;183006
20210722;000000;1804.7;1809.2;1793.8;1808.4;203895
20210723;000000;1807.7;1812;1790.5;1803.1;200008
20210726;000000;1803.3;1813.3;1797.1;1800;180403
20210727;000000;1800.2;1806.5;1794.1;1801;165962
20210728;000000;1801.7;1810.4;1793.3;1808;206286
20210729;000000;1808.2;1833;1808.2;1828.6;230301
20210730;000000;1828.3;1831.3;1811.5;1816;190347
20210802;000000;1815;1821.1;1807;1814.8;182603
20210803;000000;1814.5;1816.5;1808.4;1811.6;102937
20210804;000000;1811.8;1832.7;1806.9;1811.2;252429
20210805;000000;1811.2;1815.7;1798.6;1804.4;169706
20210806;000000;1804.3;1804.3;1759.2;1763.7;359561
20210809;000000;1762.2;1762.2;1724.2;1730.7;296204
20210810;000000;1730.7;1739;1717.7;1729.1;184742
20210811;000000;1729.3;1755.2;1729.1;1752.4;228779
20210812;000000;1752.4;1758.6;1741.7;1754;176963
20210813;000000;1754.2;1779.6;1754.2;1778.9;217843
20210816;000000;1779.2;1789;1770.7;1786.7;172872
20210817;000000;1786.3;1795.7;1781;1785.9;225557
20210818;000000;1785.9;1794;1777.6;1788;229978
20210819;000000;1787.7;1793.2;1774.5;1780.8;207745
20210820;000000;1781.7;1789;1778.6;1780.9;161325
20210823;000000;1780.9;1806.7;1780.9;1805.6;201167
20210824;000000;1805.6;1810.1;1800.9;1804.1;144676
20210825;000000;1804;1804;1782.5;1790.3;223405
20210826;000000;1790;1798.6;1780.3;1791.8;191362
20210827;000000;1792;1819.2;1785.5;1818.1;284762
20210830;000000;1818;1818.6;1808.1;1810.3;116521
20210831;000000;1811;1819.7;1802.1;1815.2;210052
20210901;000000;1815.7;1820.2;1808.8;1814.8;148280
20210902;000000;1813.3;1817.2;1805;1809.8;138320
20210903;000000;1810.4;1834.2;1810.4;1827.7;254159
20210906;000000;1827.3;1828.5;1821.5;1825.7;69828
20210907;000000;1825.5;1825.5;1792.6;1794.4;265143
20210908;000000;1795;1803.1;1782.1;1790.1;198823
20210909;000000;1790;1801.5;1784.1;1794.7;219268
20210910;000000;1794.8;1805;1792.2;1792.8;81565
20210913;000000;1794.5;1802.8;1790.1;1798.9;19097
20210914;000000;1798.3;1813.1;1785.3;1809.4;70437
20210915;000000;1809.1;1810.9;1794.1;1797.2;90059
20210916;000000;1796.2;1796.2;1748.8;1754.9;287416
20210917;000000;1755;1769.8;1750.5;1756.7;201660
20210920;000000;1755.3;1769.7;1747.5;1768;155063
20210921;000000;1767.8;1783.9;1760.6;1775.8;173240
20210922;000000;1777;1789.1;1766.6;1771;253356
20210923;000000;1770;1778.8;1739.9;1742.8;279846
20210924;000000;1743.3;1759.8;1743;1751.5;195278
20210927;000000;1752;1762.3;1746.8;1751.9;167681
20210928;000000;1752.5;1753.9;1730.2;1736;258479
20210929;000000;1736.8;1747.7;1723.4;1728;241017
20210930;000000;1728.2;1765.3;1722.1;1758.8;313277
20211001;000000;1758.6;1779.5;1751.4;1760.9;184922
20211004;000000;1760.4;1772;1748.9;1770.8;205152
20211005;000000;1769.3;1769.3;1750.2;1761.3;162004
20211006;000000;1760.6;1766.4;1747.5;1764.2;209578
20211007;000000;1764.2;1768.7;1753.5;1756.3;173830
20211008;000000;1758.5;1782.7;1755.6;1757.5;228869
20211011;000000;1757.4;1761.3;1751.3;1754.4;133599
20211012;000000;1756;1770.8;1755.2;1762;192821
20211013;000000;1762.8;1797.3;1759.1;1794;326774
20211014;000000;1793.8;1802.3;1788.3;1797.8;169533
20211015;000000;1797.8;1800.5;1766.8;1769.9;273191
20211018;000000;1770.2;1772.9;1760.8;1765.5;145288
20211019;000000;1766.7;1787;1766.7;1771.5;210290
20211020;000000;1771.8;1791;1771.8;1783.3;203397
20211021;000000;1785;1789.8;1778.2;1783.9;163436
20211022;000000;1784.8;1815.7;1779.4;1794.7;321544
20211025;000000;1795.4;1811.7;1795.4;1808.3;136859
20211026;000000;1808.2;1808.7;1783.8;1794.9;215941
20211027;000000;1794.2;1801.3;1785.1;1798.3;210644
20211028;000000;1799.3;1812.6;1794.2;1801.3;266250
20211029;000000;1800.2;1800.8;1773.1;1784.4;290485
20211101;000000;1784.6;1797;1781.8;1794.5;157856
20211102;000000;1793.5;1797.8;1787.6;1789;115386
20211103;000000;1788.1;1788.1;1759.3;1772.5;274978
20211105;000000;1773.5;1818.8;1773.5;1818;325886
20211108;000000;1818.7;1827;1812.6;1825;158720
20211109;000000;1824;1832.9;1819.5;1831.5;186042
20211110;000000;1830.8;1869;1821;1850.6;343503
20211111;000000;1851;1867.3;1848;1863.8;187870
20211112;000000;1862;1869.3;1846;1865.2;226766
20211115;000000;1864.3;1871.7;1857.1;1864;179585
20211116;000000;1864.5;1878.7;1850;1850.5;291665
20211117;000000;1851;1868.7;1851;1866.1;140015
20211118;000000;1865.9;1870.5;1855.5;1860;171944
20211119;000000;1860.9;1866.8;1843.4;1847.5;216929
20211122;000000;1847.4;1849.7;1802.8;1804.5;275636
20211123;000000;1805.5;1810.8;1782.9;1792;266103
20211124;000000;1792.7;1797.6;1779.3;1788.3;183203
20211125;000000;1789.1;1795.7;1788.7;1790.2;59396
20211126;000000;1791.3;1816.7;1780.7;1787.2;298137
20211129;000000;1787.9;1799.4;1781.7;1784;160351
20211130;000000;1785;1809;1769.4;1773.2;240411
20211201;000000;1773.5;1792.9;1773.5;1779.1;198044
20211202;000000;1779.1;1780.8;1761.3;1767.3;204306
20211203;000000;1767.3;1785.5;1764.7;1784.4;174448
20211206;000000;1783.4;1784.5;1775;1779.3;95056
20211207;000000;1778.5;1787.7;1771.1;1784.4;119934
20211208;000000;1785.8;1792.5;1778.6;1785.5;104578
20211209;000000;1784.7;1786.6;1772.1;1775.6;108231
20211210;000000;1775.9;1793.2;1768.7;1786;42548
20211213;000000;1787;1795.6;1785.5;1790.9;27228
20211214;000000;1790.1;1791.8;1769.6;1773.3;49847
20211215;000000;1773.2;1784.8;1756.7;1780.7;85601
20211216;000000;1780.7;1803.7;1780.7;1801.9;160116
20211217;000000;1802.6;1818;1800.5;1800.5;163410
20211220;000000;1801.9;1808.2;1792.4;1793.8;118338
20211221;000000;1794;1804.6;1789.1;1792.8;114340
20211222;000000;1792.7;1808.1;1789.3;1808.1;106107
20211223;000000;1808.2;1814.6;1802.3;1812.7;85626
20211224;000000;1812.8;1815;1807;1809.7;23639
20211227;000000;1811.6;1817.6;1807.1;1815.3;64415
20211228;000000;1815;1824.2;1808.7;1809.6;88157
20211229;000000;1810.7;1811;1792;1807.9;141235
20211230;000000;1807.8;1821.1;1799.6;1821;95039
20220103;000000;1821;1830.6;1801.6;1807.4;138949
20220104;000000;1807.4;1819.3;1801.6;1817;139735
20220105;000000;1817.3;1833.6;1810.6;1812.1;137307
20220106;000000;1812;1812;1787.7;1790;170078
20220107;000000;1791.2;1800.3;1783.7;1796.1;93801
20220110;000000;1796;1804;1791.9;1802.7;116111
20220111;000000;1802.8;1823.7;1802.8;1822.7;191427
20220112;000000;1822;1829.2;1815.4;1827.9;104776
20220113;000000;1827.2;1829.2;1813.4;1822.6;113999
20220114;000000;1823.7;1830;1815.5;1818.1;124708
20220117;000000;1818.8;1824.5;1818.6;1820;44333
20220118;000000;1819.9;1821.3;1806.4;1815.5;123017
20220119;000000;1815;1844.7;1812;1843.7;120242
20220120;000000;1843.1;1849.3;1837.6;1838.9;92483
20220121;000000;1841;1844.9;1829.1;1831.4;112784
20220124;000000;1832;1845.3;1830.8;1843;115044
20220125;000000;1842.9;1854.8;1836.1;1848.7;116255
20220126;000000;1847.7;1850;1815.2;1817;199654
20220127;000000;1817.7;1817.8;1792.3;1796;194406
20220128;000000;1796;1800;1780.4;1789.6;145987
20220131;000000;1788.1;1800.6;1785.4;1799.5;100059
20220201;000000;1798;1809.5;1797;1800.7;111759
20220202;000000;1800.2;1811.6;1794.9;1806.4;99770
20220203;000000;1807;1808.7;1788.6;1805.8;111368
20220204;000000;1806.3;1815.5;1792.4;1807.3;156856
20220207;000000;1807.5;1823.8;1807.5;1821.3;107107
20220208;000000;1821.3;1829.2;1815.7;1827;109159
20220209;000000;1827.9;1835.9;1824.2;1832.4;91644
20220210;000000;1832.6;1842.2;1821.5;1827.2;145760
20220211;000000;1827.1;1865.4;1820.6;1862.4;162730
20220214;000000;1861.2;1874.8;1850.5;1873;144943
20220215;000000;1873.5;1880.9;1844.8;1854.2;183897
20220216;000000;1853.5;1873.6;1851.2;1872.2;129728
20220217;000000;1872.2;1901.4;1871.3;1897.5;228346
20220218;000000;1897;1900.9;1886.3;1895.9;146238
20220221;000000;1896;1914.4;1881.6;1900.1;154301
20220222;000000;1903.6;1914;1891.3;1899.8;125870
20220223;000000;1899.9;1910.9;1889.6;1909.5;94731
20220224;000000;1910.2;1962;1876.8;1893.9;224396
20220225;000000;1893.9;1917.4;1880;1895.7;107688
20220302;000000;1907;1953;1887;1935;22855
20220303;000000;1927.1;1936.4;1880;1895;1628
20220304;000000;1905.9;1946;1899.2;1941;14797
20220309;000000;1949.8;2071;1949.8;2033;43520
20220310;000000;2005;2039.5;1970;2026.2;27175
20220311;000000;2051.1;2061.6;2038;2059;4277
20220314;000000;2050;2069;2043;2050;6782
20220315;000000;2043;2043;1985.1;1997.3;11623
20220316;000000;1997.2;2006.6;1973.3;2002.7;14191
20220317;000000;2004.5;2065;2004.5;2024.7;37082
20220318;000000;2014.4;2025;1985;2005.5;36912
20220321;000000;2001.2;2001.4;1985;1985.3;25614
20220322;000000;1985;1999;1946.1;1949.7;53404
20220323;000000;1948.6;1974.5;1938.3;1945.7;59664
20220324;000000;1950;1970;1948.3;1968;45301
20220325;000000;1964;1974;1953.9;1964.5;37220
20220328;000000;1961.2;1961.2;1930.3;1937.6;39103
20220329;000000;1935.4;1935.4;1900.2;1913;35069
20220330;000000;1919.7;1936;1916;1935;27114
20220331;000000;1930.1;1943.5;1923;1942.6;22379
20220401;000000;1937;1941.5;1923.1;1927.5;24963
20220404;000000;1930.5;1938.9;1926;1928.3;42092
20220405;000000;1930;1941;1918.3;1925;59491
20220406;000000;1924.9;1930;1918.5;1926.9;79507
20220407;000000;1928.4;1936;1922.8;1935.2;69063
20220408;000000;1934.3;1949.2;1929.5;1942.8;32264
20220411;000000;1946.8;1964.4;1940.8;1951.6;50391
20220412;000000;1955.2;1974;1948.8;1974;42496
20220413;000000;1969.1;1984.6;1966.2;1981.4;36367
20220414;000000;1978.2;1982.7;1968.5;1971.3;40332
20220415;000000;1975.3;1991.7;1973.2;1984.5;23197
20220418;000000;1986.7;1997;1986.5;1990.8;29476
20220419;000000;1988.8;2003.2;1959.6;1968.5;58227
20220420;000000;1961.3;1969.8;1948.1;1953.5;53193
20220421;000000;1957.9;1959.7;1936.3;1945.1;46920
20220422;000000;1951.9;1959.5;1933.5;1937.7;42877
20220425;000000;1933;1933;1905;1907.3;50119
20220426;000000;1911.1;1917.4;1901.1;1912;34370
20220427;000000;1910.5;1912.1;1889.2;1894.5;65167
20220428;000000;1892;1906;1881.8;1895.3;47673
20220429;000000;1898;1926.5;1898;1920;42889
20220504;000000;1907;1907;1852.5;1890.5;34284
20220505;000000;1893.2;1919.7;1893.2;1896;38839
20220506;000000;1895;1909.6;1883.1;1909;32367
20220511;000000;1890.8;1896.5;1853.1;1871.1;49197
20220512;000000;1868.4;1868.4;1851;1854.9;37268
20220513;000000;1852;1852;1827.6;1833.4;43557
20220516;000000;1830.4;1838.4;1817;1832.9;37133
20220517;000000;1839.2;1849.7;1832.5;1833.2;50500
20220518;000000;1833.2;1835.8;1824.6;1835;32840
20220519;000000;1831.1;1859;1826.4;1852.6;53927
20220520;000000;1855.6;1865.5;1836.1;1850.9;57087
20220523;000000;1858.3;1865.5;1854.9;1860.2;40770
20220524;000000;1862.1;1874.4;1856.2;1871.1;33375
20220525;000000;1867.8;1867.8;1847;1848.6;44273
20220526;000000;1848.5;1856.5;1841.3;1846.3;38225
20220527;000000;1850.6;1864.7;1850.6;1860.4;31810
20220530;000000;1860.5;1867.8;1858.2;1861.8;22274
20220531;000000;1859.3;1861.4;1838.1;1842.5;41942
20220601;000000;1842.1;1850.6;1832.6;1848.4;34534
20220602;000000;1852.3;1864.5;1851.1;1863.1;37023
20220603;000000;1863.8;1869.6;1853;1853.9;41106
20220606;000000;1853.7;1859.8;1846.7;1849;41527
20220607;000000;1846.6;1855.1;1842.6;1854.5;43707
20220608;000000;1852.5;1860;1850;1857.5;31654
20220609;000000;1856.5;1858.1;1848;1848.8;37110
20220610;000000;1848.7;1864.2;1838.1;1863.4;58871
20220614;000000;1855.9;1855.9;1828;1831;62436
20220615;000000;1838.1;1844.4;1824.1;1835;26397
20220616;000000;1836.9;1841.5;1822.2;1841;46536
20220617;000000;1841;1858.5;1835;1838.3;46714
20220620;000000;1839;1842.6;1816;1823.4;59358
20220621;000000;1824.3;1830;1818;1824.1;31457
20220622;000000;1822.2;1842.9;1810.1;1839.7;55278
20220623;000000;1837.7;1839.1;1824.1;1831.5;45201
20220624;000000;1827;1831.3;1821.1;1830.3;31548
20220627;000000;1831.3;1855.1;1831.1;1836.6;63768
20220628;000000;1837;1842;1825.9;1827.4;48974
20220629;000000;1825.1;1844.2;1823.2;1837;47463
20220630;000000;1835.3;1839.5;1827.5;1830.8;34170
20220701;000000;1828.4;1834.2;1817.2;1834.2;29374
20220704;000000;1831;1834.3;1820.6;1827.2;26857
20220705;000000;1826.5;1830.1;1797.9;1799.9;50463
20220706;000000;1799.5;1803.5;1747.9;1751.9;55306
20220707;000000;1757.2;1757.9;1740.1;1746.1;44090
20220708;000000;1746.5;1759.9;1741.7;1754.3;43732
20220711;000000;1754.3;1754.3;1737.3;1745;34090
20220712;000000;1743.6;1753.5;1738.1;1739.5;32511
20220713;000000;1739.8;1746;1713.1;1734.3;69552
20220714;000000;1732.8;1732.8;1710.7;1718.1;52950
20220715;000000;1716.5;1718.6;1702.5;1709;40605
20220718;000000;1709.8;1725.7;1709.8;1713.9;33330
20220719;000000;1713.4;1722.6;1694.8;1709.7;33401
20220720;000000;1708.5;1711.8;1696.1;1698;29101
20220721;000000;1698;1733;1690.9;1731.1;72204
20220722;000000;1730.4;1737.4;1721.1;1726.2;43516
20220725;000000;1726.3;1735.9;1714.1;1720.6;39259
20220726;000000;1720.8;1730;1715.3;1723.2;40587
20220727;000000;1723.5;1739.5;1710.1;1737;68329
20220728;000000;1737.5;1754.9;1732;1752.9;59371
20220729;000000;1753.3;1770.4;1753.3;1770.3;62389
20220801;000000;1770.4;1782.8;1762.6;1777.2;51080
20220802;000000;1777.1;1789;1764.4;1765;68531
20220803;000000;1766.1;1775.1;1755.5;1763;47468
20220804;000000;1763;1784.5;1763;1782.7;57234
20220805;000000;1782.9;1787.4;1766.7;1771;51865
20220808;000000;1771;1788;1770.4;1786.5;50131
20220809;000000;1786.4;1801.3;1779;1789.4;73111
20220810;000000;1789;1800.4;1781;1784.2;68599
20220811;000000;1783;1789.9;1780.1;1783.6;44442
20220812;000000;1784.6;1793.9;1773.5;1793.1;50627
20220815;000000;1793;1793;1756.2;1756.9;85015
20220816;000000;1758.8;1762.9;1743.2;1755.3;67991
20220817;000000;1756.4;1760.3;1745.9;1750.7;50648
20220818;000000;1750.2;1755.4;1743.8;1748.7;35680
20220819;000000;1746.8;1752.9;1736.8;1743.1;92533
20220822;000000;1743.1;1743.1;1721.2;1721.7;59484
20220823;000000;1722.5;1735;1717;1732.3;53840
20220824;000000;1732.3;1738.5;1727.1;1735.3;39640
20220825;000000;1736.5;1745.9;1730.6;1735.3;58322
20220826;000000;1734.6;1737.8;1722.6;1724.6;59294
20220829;000000;1724.4;1732;1711;1729.1;69584
20220830;000000;1728.3;1730.5;1714.4;1714.8;54805
20220831;000000;1714.3;1719.2;1702.2;1705.3;71469
20220901;000000;1704.7;1704.7;1685;1690.2;102250
20220902;000000;1691;1704;1689.8;1695.8;65780
20220905;000000;1695;1701.9;1691.3;1693.9;41600
20220906;000000;1694.9;1704;1689.2;1691.9;42160
20220907;000000;1691.2;1713.2;1689.2;1711.7;68888
20220908;000000;1712;1719;1700.8;1704.5;88450
20220909;000000;1704.5;1721.7;1704.5;1714.4;77418
20220912;000000;1713.7;1730.1;1710;1721.5;72290
20220913;000000;1721.4;1729;1696;1699;111939
20220914;000000;1699.1;1707.2;1693.7;1696.7;60140
20220915;000000;1685.3;1685.4;1657.6;1663.8;111989
20220916;000000;1663.6;1670.3;1650.8;1662.7;97431
20220919;000000;1662.1;1666.5;1651.3;1662.9;65089
20220920;000000;1662.9;1665;1647.7;1652.1;69301
20220921;000000;1651.6;1668;1635.9;1657.9;118593
20220922;000000;1656.3;1662;1641.2;1652.5;88190
20220923;000000;1652;1655.5;1622.7;1626.5;85790
20220926;000000;1625.4;1636.5;1609.6;1611.9;92553
20220927;000000;1611.9;1632.7;1611.9;1624;86369
20220928;000000;1624;1662.9;1612;1656.8;151428
20220929;000000;1656.1;1670;1644.2;1663.9;104331
20220930;000000;1664.1;1684.9;1664.1;1676.4;108622
20221003;000000;1676.6;1703.9;1666.4;1702;127626
20221004;000000;1703.7;1727.8;1703.1;1722.7;116187
20221005;000000;1722.5;1727;1701.6;1714.3;122172
20221006;000000;1715;1724.1;1710.3;1716.5;82159
20221007;000000;1716.5;1719.7;1691.8;1693.2;97280
20221010;000000;1692.2;1692.9;1673.1;1675.4;78007
20221011;000000;1674.5;1691.7;1668.2;1672.9;82993
20221012;000000;1673.2;1682.7;1669.1;1673.5;70020
20221013;000000;1672.8;1679.9;1651.7;1669;121767
20221014;000000;1669.2;1678.9;1646.4;1651.3;109729
20221017;000000;1652.4;1666.7;1651.5;1656.9;69250
20221018;000000;1657.2;1664.3;1652;1659.4;59919
20221019;000000;1659.2;1659.2;1629.3;1633.9;102632
20221020;000000;1634.2;1646;1631.2;1632.5;84307
20221021;000000;1632.3;1652.7;1621.5;1650.7;143471
20221024;000000;1649.4;1655.9;1642.3;1650;92405
20221025;000000;1649.5;1662.9;1639.5;1657.3;100189
20221026;000000;1657.7;1675;1657.7;1668.4;103431
20221027;000000;1669.4;1671.9;1661.1;1666.3;81880
20221028;000000;1666.2;1666.2;1645.7;1649.7;98098
20221031;000000;1649.4;1649.4;1636.1;1636.1;77412
20221101;000000;1636.4;1658.6;1636.4;1648.5;112198
20221102;000000;1648.8;1665;1637.6;1637.6;156082
20221103;000000;1637.9;1639.8;1623.5;1632.5;120507
20221107;000000;1633.7;1678.7;1633.7;1673.7;133920
20221108;000000;1672.5;1714.8;1663.6;1709.5;170079
20221109;000000;1708.5;1720.6;1696.8;1700.4;152359
20221110;000000;1701.8;1749;1700.2;1747;174258
20221111;000000;1747.6;1763;1745;1759.2;126972
20221114;000000;1759;1769.5;1745.3;1763.8;121909
20221115;000000;1763.7;1777.9;1756.2;1766.6;188017
20221116;000000;1766.2;1776;1760.5;1765.3;110916
20221117;000000;1765;1765;1748.5;1751.7;114151
20221118;000000;1752.7;1759.6;1743.2;1744.5;107954
20221121;000000;1744.1;1744.9;1730.3;1736.2;109922
20221122;000000;1736.4;1746.5;1730.9;1735.9;103668
20221123;000000;1735.7;1749.9;1726.5;1748.1;136346
20221124;000000;1748.7;1754.4;1745.3;1750.4;62501
20221125;000000;1750.4;1752;1739.2;1745.5;66293
20221128;000000;1743.8;1751.8;1732.2;1732.9;109364
20221129;000000;1734;1746.8;1734;1739.4;94407
20221130;000000;1740.5;1758.5;1737.3;1756.7;155795
20221201;000000;1757.6;1788.3;1757.6;1787.9;172961
20221202;000000;1787.5;1787.9;1770;1784.8;137245
20221205;000000;1785.5;1794.8;1761.1;1762.6;140337
20221206;000000;1763.4;1773.9;1758.1;1762.2;118741
20221207;000000;1762.9;1779.1;1760.1;1775.8;110363
20221208;000000;1775.1;1786;1771.2;1781.9;93688
20221209;000000;1781.9;1797.7;1779.4;1789.8;123873
20221212;000000;1789.6;1789.6;1771.3;1775;86812
20221213;000000;1775.9;1808.4;1775.9;1804.4;194155
20221214;000000;1804.9;1808.7;1790;1803.1;118328
20221215;000000;1800.2;1800.2;1777.1;1782.2;151480
20221216;000000;1782.9;1792;1773.4;1791;109060
20221219;000000;1790.7;1796.9;1784.3;1788.1;107858
20221220;000000;1788.2;1817.9;1787.1;1814.2;136509
20221221;000000;1814.2;1819.8;1804.6;1805.8;91631
20221222;000000;1808;1815.8;1780.5;1787.9;129301
20221223;000000;1789;1796.4;1776.8;1784.5;106375
20221226;000000;1783.2;1786.9;1780.3;1783;20517
20221227;000000;1783.3;1806.6;1783.3;1797;74428
20221228;000000;1797;1797.9;1765.1;1773.3;116384
20221229;000000;1774.4;1788.4;1772.7;1784.6;60799
20221230;000000;1784.7;1806.3;1778.5;1805;85327
20230103;000000;1805;1822;1801.1;1810.1;81978
20230104;000000;1810.7;1830;1810.7;1822.4;79368
20230105;000000;1821.8;1825.1;1803.3;1809.7;66391
20230106;000000;1810.3;1830;1806;1827.8;80424
20230109;000000;1829;1847;1829;1835.9;92620
20230110;000000;1837;1845;1834.1;1842.6;55502
20230111;000000;1842.7;1853.2;1838.9;1846;87220
20230112;000000;1847;1862;1841.8;1853.4;134914
20230113;000000;1853.4;1876.3;1851.1;1875.9;95545
20230116;000000;1874.2;1895.9;1866.4;1895;143343
20230117;000000;1894;1898.7;1882.4;1890;101803
20230118;000000;1889.5;1914;1882.1;1897.5;142975
20230119;000000;1897.7;1925.8;1897.7;1924.4;99629
20230120;000000;1924;1934;1917.8;1927.9;119589
20230123;000000;1927.2;1928.9;1908.5;1925.5;106836
20230124;000000;1925.5;1939.4;1921.6;1935.6;131627
20230125;000000;1935;1945.1;1923.8;1942.5;109796
20230126;000000;1942.6;1947.9;1926.8;1934.6;112879
20230127;000000;1934.2;1938;1923.3;1932.6;86348
20230130;000000;1932.7;1936.1;1927.2;1928.6;56650
20230131;000000;1928.1;1935.9;1908.8;1932.3;133778
20230201;000000;1932;1953.6;1925.8;1952.3;139303
20230202;000000;1952.7;1962.6;1921.1;1922.7;185178
20230203;000000;1923.5;1927;1880.5;1883.3;221362
20230206;000000;1884.4;1895.9;1870.2;1877.9;117194
20230207;000000;1878.5;1894.7;1873.5;1883.5;136542
20230208;000000;1883.7;1897.6;1883.3;1886.8;117415
20230209;000000;1888.5;1899.3;1868;1871.3;147433
20230210;000000;1871.2;1880.5;1867.5;1874;103105
20230213;000000;1874;1876.6;1863.6;1866;103287
20230214;000000;1866.5;1887.3;1857.9;1872.8;203195
20230215;000000;1870.5;1870.5;1846;1852.8;149100
20230216;000000;1852.4;1858.9;1841;1852.3;170298
20230217;000000;1851.5;1857.7;1836;1857.6;149187
20230220;000000;1857.6;1862.8;1854.9;1856.7;69016
20230221;000000;1856.8;1861;1846.5;1852.9;108834
20230222;000000;1853.4;1858.8;1839.6;1841.3;105473
20230224;000000;1841.2;1842.3;1824.6;1828.8;97438
20230227;000000;1828.5;1837.7;1825.3;1833.6;102685
20230228;000000;1833.5;1847.9;1824.7;1845.4;122262
20230301;000000;1845.5;1858.4;1845.5;1851.6;123549
20230302;000000;1851.5;1851.5;1841.8;1849.6;101395
20230303;000000;1850.3;1868.8;1850.1;1867.5;113833
20230306;000000;1867.2;1867.4;1856.5;1858.7;101316
20230307;000000;1858.9;1862.9;1830.4;1832.1;174134
20230309;000000;1832.1;1844.6;1827.9;1839.1;126173
20230310;000000;1838.6;1868.6;1838.2;1868.2;198921
20230313;000000;1868.8;1917;1867.9;1917;246683
20230314;000000;1916.8;1916.8;1896.8;1904.6;181604
20230315;000000;1904.6;1939.3;1888.7;1920.3;243211
20230316;000000;1933.4;1946.8;1918.6;1924.9;168809
20230317;000000;1925;1981.8;1925;1980.5;233909
20230320;000000;1981.4;2015.5;1979.5;1988.5;252320
20230321;000000;1988.5;1992.5;1953.7;1959;187343
20230322;000000;1959;1988.7;1953.2;1982.2;215662
20230323;000000;1982.7;2011.5;1973.1;2003.2;212099
20230324;000000;2003.1;2010.6;1983;1986.5;178375
20230327;000000;1986.1;1986.1;1963;1975.6;171039
20230328;000000;1976;1994;1966.6;1990.8;137492
20230329;000000;1990.1;1992.4;1977.3;1982.4;137048
20230330;000000;1982.7;1999;1981.5;1994.8;117755
20230331;000000;1994.8;2004.6;1987.2;1991.8;127515
20230403;000000;1991.5;2006.9;1973;2002.3;144034
20230404;000000;2002.1;2035;1996;2029.7;173651
20230405;000000;2030.5;2042.4;2020.2;2030.4;163423
20230406;000000;2030.2;2031.5;2008.3;2013.8;139376
20230407;000000;2014;2019.4;2004.7;2009.9;46646
20230410;000000;2009.6;2020.8;2000;2008.3;133215
20230411;000000;2008.3;2026;2008.3;2020.3;108138
20230412;000000;2020.5;2040.9;2017;2026.4;170977
20230413;000000;2025.8;2046.6;2024.5;2042.2;186068
20230414;000000;2043.3;2045.9;2012.6;2021.4;210739
20230417;000000;2021.5;2027;1997;2007;145654
20230418;000000;2007.4;2019;1999.2;2015.7;135864
20230419;000000;2015.6;2015.6;1990.6;2009.4;216155
20230420;000000;2008.3;2026.4;2006;2018.6;151989
20230421;000000;2018.6;2018.6;1996.8;2005.2;149036
20230424;000000;2005.2;2005.2;1990;2000.9;126700
20230425;000000;2001.9;2016.5;1997.8;2011.4;135248
20230426;000000;2010.9;2020.5;2002;2005.4;124238
20230427;000000;2005.7;2023;2003;2008.8;161515
20230428;000000;2008.8;2020.8;2003.7;2017.8;114119
20230502;000000;2017.5;2045;2006.2;2037.7;135732
20230503;000000;2037.7;2065.7;2032.5;2065.6;165538
20230504;000000;2065.7;2088.7;2059.4;2083.6;156357
20230505;000000;2082.3;2082.3;2039;2053.8;167897
20230508;000000;2054;2066.3;2050.6;2058.4;55232
20230510;000000;2058.5;2065.1;2041.2;2048;177044
20230511;000000;2049.1;2062.3;2034.7;2038.6;150227
20230512;000000;2037.5;2043.2;2023.9;2033.1;104816
20230515;000000;2035.8;2042;2026;2030.7;101306
20230516;000000;2030.6;2030.6;2007;2012.4;140418
20230517;000000;2012;2012.5;1999.4;2006.1;114540
20230518;000000;2005;2005;1977;1977.6;182761
20230519;000000;1978.4;1999.2;1975;1994;130431
20230522;000000;1993;1998.1;1981.7;1984.7;94303
20230523;000000;1984.5;1986.9;1965.3;1982.6;141535
20230524;000000;1983.3;1997;1971.5;1974.3;153239
20230525;000000;1974;1978.9;1952.6;1954.7;167191
20230526;000000;1954.7;1968.2;1952.3;1959.3;107156
20230529;000000;1959.9;1964.8;1953.6;1956.2;71900
20230530;000000;1955.7;1974.8;1940.4;1969.3;164893
20230531;000000;1970;1983.1;1962.3;1972.1;153719
20230601;000000;1972;1988.5;1963.1;1985.8;148133
20230602;000000;1986.2;1989.6;1955.1;1956.5;165441
20230605;000000;1956.5;1972.1;1948.7;1969.6;146811
20230606;000000;1969.2;1973.3;1961;1970.8;100549
20230607;000000;1970.5;1974.8;1949.2;1949.4;155014
20230608;000000;1950.5;1973.2;1950.5;1970.4;128662
20230609;000000;1969.9;1979.4;1960.7;1965.2;105185
20230613;000000;1965.1;1971.7;1944.4;1948;145943
20230614;000000;1948;1963.4;1944.8;1947;107731
20230615;000000;1970.6;1971.1;1945.7;1969.7;195689
20230616;000000;1970;1980.8;1967.1;1972.2;95931
20230619;000000;1971.5;1971.5;1959.1;1962.4;74830
20230620;000000;1961.9;1969.8;1947.9;1952.5;107343
20230621;000000;1952.3;1955.6;1941.4;1950.6;87130
20230622;000000;1950.4;1954;1936.5;1937.7;114812
20230623;000000;1938;1952.9;1938;1944.3;85471
20230626;000000;1944.6;1951.7;1942.2;1946.4;66074
20230627;000000;1946.5;1951.3;1930;1937;103494
20230628;000000;1937.2;1939.8;1922.3;1926.6;103893
20230629;000000;1926.2;1929.6;1915.2;1927;99851
20230630;000000;1926.6;1937.5;1917.6;1935.2;90061
20230703;000000;1935.2;1942.6;1926.1;1938;78769
20230704;000000;1938.1;1942.5;1936;1938.2;43135
20230705;000000;1938.3;1945.2;1927.6;1929.5;81621
20230706;000000;1930.4;1934;1912.4;1918.6;113645
20230707;000000;1919.7;1938.5;1919;1931;81402
20230710;000000;1929.7;1935.2;1923.1;1935;61764
20230711;000000;1936.9;1946.9;1936.9;1941.7;74029
20230712;000000;1946.5;1961.9;1942.1;1958.7;120722
20230713;000000;1958.2;1964.5;1953.6;1961.4;76597
20230714;000000;1959.9;1961.5;1951.6;1956.1;52152
20230717;000000;1955.5;1959.9;1947.3;1953.5;63458
20230718;000000;1956.8;1978.5;1955;1975.9;120883
20230719;000000;1975.1;1979.8;1971;1977.4;66645
20230720;000000;1978.8;1984;1968.8;1972;93209
20230721;000000;1971.7;1974.7;1962;1966.5;85254
20230724;000000;1965.8;1971;1957.4;1959.3;74524
20230725;000000;1964.8;1969;1958.6;1968.9;75133
20230726;000000;1968.5;1978.8;1966.5;1973.9;84063
20230727;000000;1976.1;1981.6;1951.1;1952;125576
20230728;000000;1957.3;1966;1953;1963;79550
20230731;000000;1960.2;1974.3;1951.1;1967.5;72734
20230801;000000;1963.2;1967.5;1952;1953.3;81206
20230802;000000;1954.8;1962.3;1942.7;1944.6;106178
20230803;000000;1944.5;1951.1;1932.5;1945.6;94323
20230804;000000;1946.5;1955.9;1936;1952.3;69986
20230807;000000;1948.6;1952;1942.1;1947.4;79273
20230808;000000;1946.3;1946.3;1937.8;1943.5;100972
20230809;000000;1946.5;1948.2;1933.7;1935;73611
20230810;000000;1936.5;1949;1934.7;1936.1;88591
20230811;000000;1937.9;1943.8;1934.6;1938.6;63263
20230814;000000;1938.6;1942;1930.5;1932.5;78508
20230815;000000;1932.2;1937.7;1923.2;1927.5;81165
20230816;000000;1929;1932.2;1916.5;1919.2;65566
20230817;000000;1918.1;1925.8;1910.1;1913.5;85634
20230818;000000;1915.4;1917.2;1906.6;1910;62402
20230821;000000;1911.1;1919.7;1907.9;1915.9;70375
20230822;000000;1916.1;1924.3;1913;1920.3;70510
20230823;000000;1923.2;1941.6;1923.2;1938.2;106164
20230824;000000;1940;1945.9;1934.1;1939.8;78869
20230825;000000;1937.9;1944.2;1927.8;1936.7;98573
20230828;000000;1938.7;1947.1;1934.4;1941.1;64385
20230829;000000;1944.6;1956.1;1936;1955.5;101486
20230830;000000;1954.2;1961.8;1951.8;1957.2;74974
20230831;000000;1957.9;1961.3;1953.5;1953.5;42433
20230901;000000;1953.5;1966;1949.5;1954.7;91407
20230904;000000;1957.7;1958.8;1950.3;1952.3;35009
20230905;000000;1951.4;1951.4;1940.4;1940.6;73024
20230906;000000;1942.4;1945.3;1932.6;1933;73589
20230907;000000;1933.1;1936;1930;1933.8;53341
20230908;000000;1937.6;1941.1;1929.4;1930.5;65574
20230911;000000;1935.4;1939.3;1930.6;1931.9;52996
20230912;000000;1930.9;1930.9;1917.5;1920.1;77641
20230913;000000;1920;1923.4;1913.8;1917.2;41597
20230914;000000;1917.3;1919.1;1908.6;1917.2;77547
20230915;000000;1918;1936.7;1918;1931.8;89721
20230918;000000;1933.5;1940.7;1930.3;1940.1;62890
20230919;000000;1940.1;1944.2;1935.6;1937.4;68882
20230920;000000;1937.6;1950.4;1933.8;1936.3;113355
20230921;000000;1965.2;1966.8;1949.2;1952.5;103140
20230922;000000;1953.3;1956;1950;1952.6;49607
20230925;000000;1951.8;1954.7;1945.5;1948.8;71683
20230926;000000;1948.3;1948.3;1932.2;1934.3;71233
20230927;000000;1933.8;1936;1915.2;1918.2;129239
20230928;000000;1918.2;1921.3;1895.5;1902.5;183299
20230929;000000;1902.9;1909;1881.1;1883.4;130717
20231002;000000;1883.2;1883.2;1860.3;1863.1;125217
20231003;000000;1861.9;1866.6;1851.8;1859.3;97464
20231004;000000;1859.3;1865;1852.1;1858.9;101489
20231005;000000;1859.9;1863.1;1847.2;1853.9;101045
20231006;000000;1853.4;1865;1846.4;1863.1;122501
20231009;000000;1863.5;1890.8;1863.5;1887.9;107371
20231010;000000;1887.8;1889.7;1881.3;1886;70684
20231011;000000;1886;1902.6;1884.7;1895.7;96944
20231012;000000;1896.3;1903.1;1880.6;1881.2;130906
20231013;000000;1881.3;1939.1;1881.3;1934.7;223627
20231016;000000;1934;1936.6;1916.5;1929.3;137209
20231017;000000;1928.4;1938.5;1924.5;1932.5;92917
20231018;000000;1932.8;1963;1932.8;1951.7;159298
20231019;000000;1951.3;1976.4;1948.2;1974.7;144955
20231020;000000;1975.3;1998;1973.8;1983.7;224546
20231023;000000;1982.7;1990;1976.6;1983.3;136358
20231024;000000;1984;1989.4;1965.8;1981.7;161179
20231025;000000;1981.8;1998.7;1977.4;1992.3;162121
20231026;000000;1993;2004.4;1985;1996.7;141838
20231027;000000;1997.8;2019.9;1987.6;2017;165663
20231030;000000;2011.6;2012.7;1998.1;2006.1;127983
20231031;000000;2004;2015.7;1987.7;1992.7;161681
20231101;000000;1989.3;1999.6;1977.7;1985.7;156394
20231102;000000;1990.1;1998;1985.3;1995.4;115619
20231103;000000;1995.6;2009.2;1992.5;1996.1;173391
20231106;000000;1989.8;1993.6;1971;1980.5;82775
20231107;000000;1977.7;1977.9;1964.1;1975.3;150063
20231108;000000;1973.3;1975.2;1953.9;1955.3;119160
20231109;000000;1955.1;1974.6;1951.1;1965.5;124646
20231110;000000;1963.6;1965.1;1944.1;1945;154079
20231113;000000;1947.6;1956.5;1941;1954.2;105870
20231114;000000;1952.9;1975.3;1949;1970.8;152877
20231115;000000;1973;1982.1;1962.7;1965;117150
20231116;000000;1966.8;1986.5;1966.8;1979.4;154188
20231117;000000;1983.1;1990;1974.1;1976.3;113044
20231120;000000;1976.4;1980.1;1964.5;1975.9;127557
20231121;000000;1986.1;2003.3;1981.6;1997.2;148682
20231122;000000;1995.8;2004;1982.9;1987.7;113392
20231123;000000;1991.1;1994.8;1982.4;1984.8;69178
20231124;000000;1985.6;2000;1984.9;1999.2;82053
20231127;000000;2004.1;2014.9;1998.2;2008.3;158961
20231128;000000;2008.3;2033.6;2004.6;2031.7;168469
20231129;000000;2034.9;2043.2;2026.2;2039.8;165050
20231130;000000;2037.6;2046.7;2033.8;2037.8;151748
20231201;000000;2041.5;2071.4;2039.8;2070;252475
20231204;000000;2082.5;2088.8;2029.4;2036.2;356842
20231205;000000;2039.6;2044.8;2017.7;2024.6;188832
20231206;000000;2028.3;2040.8;2024.7;2031.1;185931
20231207;000000;2031.4;2047.5;2025.6;2037.3;162990
20231208;000000;2037.3;2040.3;2003.2;2012;264679
20231211;000000;2010.2;2010.2;1983.7;1988.5;220967
20231212;000000;1993;2004.5;1983.4;1986.6;173384
20231213;000000;1985.6;2027.6;1978.7;2024.2;259545
20231214;000000;2034;2055.2;2033.3;2043.4;253657
20231215;000000;2043.8;2052.5;2022.8;2026.7;174618
20231218;000000;2028.8;2040.8;2025;2033.9;127803
20231219;000000;2031.9;2050.8;2030;2043.4;95665
20231220;000000;2043.4;2047;2034.3;2037.2;115952
20231221;000000;2081.5;2092;2077.7;2088.9;136034
20231222;000000;2091.3;2098.7;2074;2079.5;178207
20231225;000000;2079.5;2091;2075;2088.9;27336
20231226;000000;2089.8;2100;2086.2;2099.8;93873
20231227;000000;2097;2113.6;2094;2108.5;117324
20231228;000000;2111.9;2121;2104;2107.3;127162
20231229;000000;2109.8;2114.9;2102.1;2108.5;78246
20240103;000000;2106.5;2107.3;2078.8;2088.6;118443
20240104;000000;2089.4;2094.6;2075.5;2084.8;82699
20240105;000000;2084.4;2100.7;2066.4;2086.4;133607
20240108;000000;2072.9;2078.7;2059.1;2069.5;98878
20240109;000000;2073.7;2082.9;2070.2;2072.5;90866
20240110;000000;2071.2;2081;2064.3;2068;82108
20240111;000000;2075.7;2099.8;2058;2072.2;167983
20240112;000000;2077.1;2104;2076.3;2095.6;184308
20240115;000000;2100.4;2102.8;2092.7;2097.3;61602
20240116;000000;2092.9;2093.9;2074.2;2076;119068
20240117;000000;2070.6;2074.7;2050;2053.6;145380
20240118;000000;2055;2060.5;2045.4;2059.9;114402
20240119;000000;2059.9;2072.5;2057.8;2068.2;130748
20240122;000000;2063.3;2063.9;2050.4;2055;130097
20240123;000000;2063.3;2068.4;2052.1;2057.9;100786
20240124;000000;2055.3;2071;2048.6;2051.5;131678
20240125;000000;2053;2061.3;2049.2;2055.4;102027
20240126;000000;2058.4;2065.9;2054.6;2059.2;111316
20240129;000000;2064.4;2077.4;2063.1;2073.4;123093
20240130;000000;2073.9;2081.3;2066.7;2071.2;126262
20240131;000000;2070.1;2085.9;2063.5;2068.1;168972
20240201;000000;2075.4;2091.8;2064;2082.4;179465
20240202;000000;2083.7;2086.7;2061.6;2071;139194
20240205;000000;2063.6;2065.2;2050.3;2057.9;100798
20240206;000000;2060.4;2066.9;2053.1;2064.3;85935
20240207;000000;2062.8;2066.4;2054;2058.6;109013
20240208;000000;2056.9;2059;2045.9;2056;91583
20240209;000000;2055;2060.9;2041.5;2044.2;90133
20240212;000000;2043.3;2045.7;2032.1;2040.5;105355
20240213;000000;2040.5;2049.9;2018;2020.4;185475
20240214;000000;2019.4;2020.2;2008.2;2014;104690
20240215;000000;2014.1;2026;2012.6;2021.7;115102
20240216;000000;2021.6;2029.5;2010.6;2028;104457
20240219;000000;2033.3;2035.4;2024.7;2030.6;46241
20240220;000000;2030;2040.3;2029.1;2036.3;82668
20240221;000000;2040.6;2042;2030.3;2036.3;83682
20240222;000000;2038.5;2043.6;2033.2;2035.9;94870
20240226;000000;2042.5;2048.3;2038;2045.4;82888
20240227;000000;2044.6;2052.2;2043.6;2044.6;84676
20240228;000000;2044.2;2051.5;2040.3;2049.5;75663
20240229;000000;2050;2061.4;2046.2;2057.5;141763
20240301;000000;2057.3;2092.4;2055;2089.8;264345
20240304;000000;2087.9;2125.7;2086.2;2120.8;243346
20240305;000000;2123.5;2145.6;2117.4;2134.4;288204
20240306;000000;2132.1;2153.1;2130.3;2150;251009
20240307;000000;2155.4;2166.1;2150.3;2163.7;231863
20240311;000000;2177.2;2183.7;2172.3;2182.5;151172
20240312;000000;2176.3;2177.3;2148;2155;278338
20240313;000000;2156;2177.3;2153.1;2172.5;169968
20240314;000000;2167.8;2169.7;2150;2159;141158
20240315;000000;2164.2;2172.2;2155.8;2157.6;175606
20240318;000000;2148.5;2158.1;2144.3;2156.1;126351
20240319;000000;2154.5;2154.5;2142.3;2152.9;131888
20240320;000000;2153.2;2235.2;2145.9;2235;170602
20240321;000000;2249;2257.8;2221.1;2230.1;252587
20240322;000000;2230;2231.1;2203.3;2215.5;221634
20240325;000000;2218.4;2222.9;2207.9;2214.2;109410
20240326;000000;2215.6;2233.5;2210.8;2214.7;177723
20240327;000000;2214.6;2236.9;2213.1;2234.9;186395
20240328;000000;2238.2;2272.2;2230.4;2265.9;208662
20240329;000000;2267;2278;2262.3;2273.6;63436
20240401;000000;2290.5;2298.3;2268.2;2287.7;228243
20240402;000000;2289;2314.9;2287.4;2314.4;255465
20240403;000000;2318.4;2333.3;2302.2;2333.2;233961
20240404;000000;2329.8;2341;2316.2;2325.5;246568
20240405;000000;2317.2;2361.7;2313.6;2361.2;296330
20240408;000000;2364.5;2374;2352;2372.9;205681
20240409;000000;2376.9;2394.2;2372.6;2386.6;279373
20240410;000000;2388.5;2391.8;2355;2365.7;337573
20240411;000000;2371;2416;2358;2415.5;269789
20240412;000000;2423;2470;2382.3;2390.1;566127
20240415;000000;2401.9;2423.1;2360.1;2415.4;416834
20240416;000000;2417.7;2430.1;2393.1;2417;317395
20240417;000000;2410.8;2428;2392.2;2404.4;265244
20240418;000000;2408.4;2419;2398.6;2407.5;186205
20240419;000000;2411.1;2428.4;2405;2420.3;224645
20240422;000000;2398.4;2398.4;2360.8;2362.7;270466
20240423;000000;2345.7;2363.3;2331.4;2355.9;288369
20240424;000000;2359.8;2367.5;2340;2343.7;192153
20240425;000000;2349.1;2373.3;2345.2;2359;216486
20240426;000000;2364.7;2379;2363.5;2370.7;199753
20240427;000000;2371.1;2372.8;2366.3;2369;9515
20240429;000000;2365.1;2377.2;2359.3;2368;100762
20240430;000000;2356.4;2356.8;2319.5;2319.8;197782
20240502;000000;2343;2346.7;2307;2320.5;296875
20240503;000000;2323.3;2327.4;2297;2318.2;325583
20240506;000000;2326.1;2345;2325.9;2339.2;171344
20240507;000000;2336.5;2337.3;2324.2;2327.1;106646
20240508;000000;2329.6;2332;2318.2;2321.6;118659
20240510;000000;2365.1;2378.4;2363.6;2369;193852
20240513;000000;2361.3;2361.6;2342.7;2346.4;161651
20240514;000000;2352.7;2364.9;2344.6;2361.9;163578
20240515;000000;2363;2391.5;2354.5;2390;336556
20240516;000000;2391.7;2393;2376;2379.7;159811
20240517;000000;2382.7;2420;2382.6;2415.2;242212
20240520;000000;2447.3;2448.5;2407;2422.7;295362
20240521;000000;2415.3;2434.5;2408;2422.4;165811
20240522;000000;2417.8;2423.9;2377.6;2381.4;272761
20240523;000000;2364.5;2373.8;2330;2331.1;260447
20240524;000000;2339.6;2348.9;2336;2340;162530
20240527;000000;2346.3;2361.3;2341.9;2357;89117
20240528;000000;2355.3;2368.4;2341.7;2365.4;195933
20240529;000000;2362.6;2362.6;2339.9;2340.8;162506
20240530;000000;2330.8;2357.8;2326.2;2348.3;203687
20240531;000000;2347.7;2365;2325;2334.8;194249
20240603;000000;2325.6;2359.9;2318.1;2357.3;218080
20240604;000000;2354.4;2358;2323.5;2334.8;220468
20240605;000000;2344.2;2364.2;2334.6;2360.3;189315
20240606;000000;2370.8;2386.8;2361.5;2384;185475
20240607;000000;2383.9;2387.6;2292.8;2298;462589
20240610;000000;2302.1;2323.6;2295.1;2317.9;222822
20240611;000000;2308.6;2327.9;2306.2;2327.1;174369
20240613;000000;2320;2328.6;2298.9;2309.1;230325
20240614;000000;2314.6;2338.8;2311.7;2335.6;180857
20240617;000000;2322.4;2331;2313;2323;153406
20240618;000000;2323;2333;2307.8;2330.9;170795
20240619;000000;2330.1;2335;2321;2328.2;92647
20240620;000000;2393;2427.5;2387;2416.1;155276
20240621;000000;2414.7;2432.8;2382.6;2385.5;203819
20240624;000000;2385.6;2399.5;2384;2391.9;116689
20240625;000000;2386.2;2395.9;2372.9;2378.5;134641
20240626;000000;2376.8;2377.1;2354.2;2357;152796
20240627;000000;2358.6;2389.5;2357.3;2387.8;184727
20240628;000000;2385.6;2405.1;2384.3;2390.8;200180
20240701;000000;2389;2405;2385.5;2398;120882
20240702;000000;2396.5;2399.7;2382.5;2394;115070
20240703;000000;2400;2426;2400;2420.3;157378
20240704;000000;2417.3;2426;2414.7;2420.3;57377
20240705;000000;2425.3;2449;2406.4;2447.3;185396
20240708;000000;2436.2;2441.9;2414;2420;126284
20240709;000000;2423.5;2429.5;2409;2423.4;113888
20240710;000000;2428.2;2440.6;2425.1;2428.1;110907
20240711;000000;2437;2473;2431.5;2462.6;210634
20240712;000000;2453.4;2468.1;2441.5;2462.2;143111
20240715;000000;2454.6;2482.3;2450.7;2467.3;191736
20240716;000000;2475.7;2514.6;2474.5;2514.5;228469
20240717;000000;2510.5;2529.2;2494.4;2502.5;258372
20240718;000000;2512.6;2519.4;2479.1;2484.6;197198
20240719;000000;2461.9;2466.9;2441.1;2446.7;257819
20240722;000000;2447.9;2452.7;2425.3;2441.1;159151
20240723;000000;2434.8;2455.9;2432.9;2451.3;157341
20240724;000000;2457.5;2469.3;2435.1;2435.4;188118
20240725;000000;2410.3;2421.7;2394.7;2403.8;228659
20240726;000000;2407.7;2426.5;2404.3;2425.5;154139
20240729;000000;2427.9;2433.6;2406.4;2419.5;160779
20240730;000000;2425.8;2450.5;2420.3;2448.7;165944
20240731;000000;2457;2490;2450.5;2488;216921
20240801;000000;2483.3;2497.4;2465.7;2482.3;254544
20240802;000000;2497.9;2512.5;2452.8;2478.8;352217
20240805;000000;2468.5;2481.3;2409.7;2453.6;392797
20240806;000000;2445.9;2457.3;2429.2;2432.3;224107
20240807;000000;2437.5;2448;2424.8;2426.3;175009
20240808;000000;2436.1;2467.7;2431.4;2467.5;210872
20240809;000000;2461.7;2478.7;2461;2474;174094
20240812;000000;2476.4;2507.1;2475;2506.4;194683
20240813;000000;2500.1;2509.9;2493.3;2502.1;161389
20240814;000000;2502.2;2510.9;2470.3;2482.9;225361
20240815;000000;2488;2499.7;2465.2;2487.8;209480
20240816;000000;2486.7;2538.4;2481.4;2538.1;282275
20240819;000000;2532.5;2536.8;2515.6;2532.6;183098
20240820;000000;2532.5;2558;2529.5;2546.2;257976
20240821;000000;2544.7;2550.7;2518.5;2541.3;198994
20240822;000000;2537;2538.1;2504;2514.7;213700
20240823;000000;2521.3;2548.6;2518.5;2544.1;221610
20240826;000000;2544.2;2560;2544.2;2550.1;170459
20240827;000000;2548.3;2558.6;2535.5;2558.4;153868
20240828;000000;2544.5;2545.5;2524.3;2537;167537
20240829;000000;2547.1;2555.5;2533.5;2549;145276
20240830;000000;2547;2554.3;2522.7;2533.5;161896
20240902;000000;2527.4;2533.5;2516.5;2521.9;74647
20240903;000000;2521.6;2531.2;2496.7;2510.9;208516
20240904;000000;2506.1;2517.7;2491.4;2516.6;176252
20240905;000000;2520.4;2537.5;2519.6;2533.4;157210
20240906;000000;2534;2542.3;2500.2;2510;204696
20240909;000000;2503.8;2517.2;2501.2;2516;115012
20240910;000000;2515.9;2525.5;2507.2;2523;127031
20240911;000000;2531.5;2535.4;2510;2523.2;187385
20240912;000000;2525.1;2567.8;2520.4;2567.3;248174
20240913;000000;2571.9;2589.5;2569.5;2587;176621
20240916;000000;2590;2591.4;2578.2;2585.6;136270
20240917;000000;2585.7;2586.9;2564.5;2572.7;153059
20240918;000000;2571.5;2592.9;2548;2558.5;261178
20240919;000000;2649.6;2669.1;2641.1;2655.9;155906
20240920;000000;2670;2687.9;2666.7;2686.9;189195
20240923;000000;2687.8;2698.8;2677;2693.6;142568
20240924;000000;2693.7;2728.8;2686.2;2723;183895
20240925;000000;2721.1;2731.6;2713.2;2720.8;121246
20240926;000000;2723.8;2746.5;2719.1;2736.4;168266
20240927;000000;2730.6;2737.3;2708.8;2719.2;162020
20240930;000000;2720.4;2723.6;2694.1;2702.1;162432
20241001;000000;2710.7;2740.3;2707;2732.7;255669
20241002;000000;2720.1;2729.8;2704.1;2723.8;142754
20241003;000000;2720.9;2725.5;2701.6;2720.6;165158
20241004;000000;2724.2;2731.4;2698.2;2713.5;241089
20241007;000000;2704.1;2719.7;2703;2705.5;130786
20241008;000000;2701.1;2712;2669.1;2684.5;252150
20241009;000000;2675.8;2685.9;2670.5;2672;126164
20241010;000000;2674.5;2692.9;2669.3;2690.6;163752
20241011;000000;2698;2723.9;2695.1;2720.1;182477
20241014;000000;2724.7;2726.2;2710;2712.8;116151
20241015;000000;2712.7;2732.2;2711.6;2726.4;128739
20241016;000000;2737;2744;2727.6;2735.5;149899
20241017;000000;2739.4;2754.7;2733.7;2750.5;163421
20241018;000000;2762.5;2780;2758.8;2778.4;161369
20241021;000000;2785.2;2797.4;2774;2779.9;170100
20241022;000000;2791.7;2805.5;2790.7;2805.3;144304
20241023;000000;2805.4;2813.3;2772.1;2780.4;203906
20241024;000000;2795;2799;2780;2793.8;158076
20241025;000000;2789.8;2804.3;2773.7;2804;148459
20241028;000000;2796.8;2801.8;2785.7;2800.1;92531
20241029;000000;2809.5;2831;2802.3;2830.9;147740
20241030;000000;2842.1;2847.3;2828.4;2845.8;167423
20241031;000000;2838.2;2839.8;2792;2805.3;234130
20241101;000000;2809.5;2819.9;2790.1;2793.2;168574
20241102;000000;2793.5;2797.7;2792.7;2795.6;10956
20241105;000000;2796.8;2806.1;2789.2;2799;111766
20241106;000000;2771.8;2788.8;2713.6;2714.9;405111
20241107;000000;2711.6;2757.9;2711;2751.6;245720
20241108;000000;2736.7;2753.2;2729.2;2736.8;138583
20241111;000000;2724.6;2727.1;2662.1;2676;272207
20241112;000000;2660.9;2665.8;2642.1;2649;257811
20241113;000000;2651.4;2663.8;2617.6;2619;217718
20241114;000000;2599.9;2616.2;2584.2;2605.7;291062
20241115;000000;2600.1;2605.5;2587.1;2591.4;207308
20241118;000000;2613;2638.6;2605.5;2635.1;198861
20241119;000000;2648.4;2660;2640.7;2653.3;205573
20241120;000000;2651.7;2674;2637.1;2668.6;170474
20241121;000000;2677.4;2693.7;2677.1;2689.3;163061
20241122;000000;2708.7;2731.3;2703.1;2727.6;230759
20241125;000000;2686.9;2706.7;2634.8;2648.5;310021
20241126;000000;2643.7;2661.4;2629;2647.1;241351
20241127;000000;2660.4;2675;2646.8;2653.9;196666
20241128;000000;2653.3;2665.6;2649.2;2655.4;99248
20241129;000000;2677.5;2679.8;2662;2665.4;124123
20241202;000000;2641.1;2663.2;2637.7;2653.2;135306
20241203;000000;2658.7;2664.6;2645.6;2653.6;161456
20241204;000000;2658.8;2668.1;2642.3;2661.5;150174
20241205;000000;2659.5;2664.9;2630.6;2638.1;191050
20241206;000000;2644.7;2653;2631.1;2642;149410
20241209;000000;2648.6;2687.1;2648.6;2667;171532
20241210;000000;2677;2703.7;2666.7;2700.8;194440
20241211;000000;2705.1;2734;2696.5;2730.9;235908
20241212;000000;2729.2;2732.3;2678.8;2685.5;222168
20241213;000000;2692.9;2692.9;2649.1;2650;163655
20241216;000000;2652.7;2664.4;2647.4;2652;115731
20241217;000000;2649.4;2655.7;2631.4;2646.5;121602
20241218;000000;2646.4;2650.4;2586.5;2591.3;150171
20241219;000000;2685.4;2691.7;2619.2;2621.3;195828
20241220;000000;2667.3;2698.9;2621.2;2690.6;145980
20241223;000000;2695.7;2698;2668.6;2673.2;89419
20241224;000000;2678.4;2683.4;2666.1;2677;74076
20241225;000000;2676.5;2679.9;2669;2679.9;15857
20241226;000000;2683.1;2697.5;2680.1;2696.1;69945
20241227;000000;2694.7;2696.4;2672;2677.5;76170
20241228;000000;2678.7;2684.3;2678.4;2681;9626
20241230;000000;2680.3;2680.3;2650.1;2665;70241
<DATE>;<TIME>;<OPEN>;<HIGH>;<LOW>;<CLOSE>;<VOL>
20250103;000000;2714.2;2716.1;2690;2690.6;64497
20250106;000000;2686;2704.3;2669.6;2689;98153
20250108;000000;2701.9;2724.3;2698;2715.9;99140
20250109;000000;2718.9;2732.5;2714.3;2726.6;76757
20250110;000000;2735.1;2760.4;2719.4;2751.9;175897
20250113;000000;2752.1;2752.2;2713.5;2718.4;122405
20250114;000000;2724.4;2731.5;2712.4;2730.4;92756
20250115;000000;2735.1;2751.7;2730.5;2748.9;128365
20250116;000000;2749.8;2778.4;2749.5;2770;157268
20250117;000000;2765.9;2776.8;2755.1;2759.3;127714
20250120;000000;2770.1;2770.2;2746.9;2758.4;138185
20250121;000000;2772.4;2784.8;2759;2779;145745
20250122;000000;2784.1;2796.4;2780.9;2790.6;111460
20250123;000000;2786.9;2786.9;2761;2779;162314
20250124;000000;2794;2806.4;2785.1;2793.6;154092
20250127;000000;2782.1;2789.4;2752.3;2764.8;152068
20250128;000000;2765.6;2777;2756.3;2777;164839
20250129;000000;2772.6;2780.5;2764;2773.5;116926
20250130;000000;2777.7;2824.7;2776.4;2823.2;207592
20250131;000000;2823.2;2830.9;2801.2;2805.6;214202
20250203;000000;2795.8;2835.4;2791.2;2822.6;208879
20250204;000000;2818.7;2845.9;2809.1;2844.4;177954
20250205;000000;2855.2;2877;2849.8;2858.4;190540
20250206;000000;2862;2869.6;2835.3;2852.8;144947
20250207;000000;2858.8;2884.8;2851.4;2862;195512
20250210;000000;2876.6;2906.4;2876.6;2903.1;176989
20250211;000000;2915.4;2923.3;2877.6;2895.1;221098
20250212;000000;2883.5;2906.6;2864.6;2897.5;200259
20250213;000000;2913;2929.6;2905.3;2929.5;145612
20250214;000000;2929.6;2938.4;2878.3;2879.7;223954
20250217;000000;2894.6;2908.8;2885.7;2901.8;88267
20250218;000000;2908;2931.7;2903.6;2928.6;102526
20250219;000000;2927.5;2941.7;2914;2927.5;138147
20250220;000000;2939.2;2953.4;2922.9;2935.6;162995
20250221;000000;2930.3;2941;2915;2932.8;144533
20250224;000000;2933;2953;2929;2946.9;135030
20250225;000000;2936.6;2942.6;2890.1;2910.8;203505
20250226;000000;2913.2;2924.3;2891.3;2914.8;152766
20250227;000000;2890.1;2897.4;2869.6;2876.2;206425
20250228;000000;2866.7;2867.5;2840.4;2856.5;190878
20250303;000000;2866.4;2893.4;2862.1;2889.3;145019
20250304;000000;2889.6;2923.9;2884.7;2915.8;220858
20250305;000000;2916;2926;2892.4;2918.9;159352
20250306;000000;2917.1;2918.2;2888;2906.5;150105
20250307;000000;2904.5;2926.5;2897.6;2904.5;157514
20250310;000000;2905.4;2910.9;2875.6;2883.9;147228
20250311;000000;2888.9;2915.9;2887.4;2908.9;116624
20250312;000000;2909;2936.4;2900.5;2930;165944
20250313;000000;2935.6;2988.5;2929.6;2987.4;201163
20250314;000000;2986.7;3004.3;2978.4;2985.9;178596
20250317;000000;2984.9;3003.5;2980;3001.3;135006
20250318;000000;3008.9;3036.9;3008.9;3033.2;133433
20250319;000000;3041.6;3048.2;3023.7;3047;142755
20250320;000000;3062.7;3062.7;3036.3;3056.4;131382
20250321;000000;3041.5;3049.9;3017.6;3038.8;143699
20250324;000000;3040.6;3044.4;3021;3033.3;109837
20250325;000000;3035;3054.5;3025.9;3040;121601
20250326;000000;3040.9;3048.8;3030.6;3040.7;89199
20250327;000000;3048;3093.8;3046.1;3074.5;180434
20250328;000000;3093.1;3097.1;3076.6;3096.8;169248
20250331;000000;3120;3133.1;3107.8;3133.1;153585
20250401;000000;3136.9;3140.8;3105.4;3124.3;128516
20250402;000000;3123.1;3158.4;3115.3;3137;165120
20250403;000000;3129.6;3133.2;3059.3;3113.3;324124
20250404;000000;3105.2;3137;3025.6;3044.2;351366
20250407;000000;3043.3;3052.2;2965.5;2989.1;235276
20250408;000000;3008;3025;2976.4;2987.5;176501
20250409;000000;3018.5;3092;3016.5;3077.3;351972
20250410;000000;3111.7;3164.7;3094.1;3164.4;281596
20250411;000000;3179.9;3223.8;3171.8;3221.9;250503
20250414;000000;3221.1;3221.1;3181.7;3200.8;165623
20250415;000000;3212;3223;3201.2;3220;101552
20250416;000000;3275.8;3327;3267;3325.7;295524
20250417;000000;3313.5;3322.7;3270.8;3311;208549
20250418;000000;3309.5;3311;3297;3308.8;30995
20250421;000000;3361.6;3411.1;3360.1;3408.7;205425
20250422;000000;3469.5;3470;3354;3364.8;372292
20250423;000000;3314;3326;3255.4;3278.7;338769
20250424;000000;3310.8;3340.9;3297.3;3340.9;201530
20250425;000000;3284.9;3310;3262.6;3307;213431
20250428;000000;3287.8;3340;3261.8;3329.5;205175
20250429;000000;3301;3324.4;3292.5;3309;143279
20250430;000000;3301.8;3310;3261;3285.7;194176
20250502;000000;3253.1;3260.5;3216.5;3230;160020
20250505;000000;3250.6;3332.2;3246.3;3327.6;191632
20250506;000000;3352.9;3431.1;3351.6;3430.1;242728
20250507;000000;3391.6;3398.1;3365;3366.6;202041
20250508;000000;3366;3366;3288.3;3306.1;215394
20250512;000000;3275.9;3280.4;3212.7;3232.5;289251
20250513;000000;3251.2;3266;3229.6;3256;171165
20250514;000000;3235.5;3249.4;3171.7;3182.9;225347
20250515;000000;3135.1;3240;3127.1;3236.9;297690
20250516;000000;3219.4;3232.3;3157.3;3202;289913
20250519;000000;3222;3250.2;3216.1;3232.3;187682
20250520;000000;3216;3295.3;3206.9;3292.1;254534
20250521;000000;3315.3;3327;3289.5;3316.4;223187
20250522;000000;3330.7;3334;3275.6;3290.9;251277
20250523;000000;3319.7;3364.9;3317.2;3357.5;263080
20250526;000000;3346.6;3346.8;3321.8;3334.6;92509
20250527;000000;3322;3324.5;3282.8;3297.4;194995
20250528;000000;3301.2;3319.8;3282;3283.2;179044
20250529;000000;3265.9;3324.5;3261;3310.3;208427
20250530;000000;3299.1;3307.4;3267.1;3286.2;223086
20250602;000000;3314.9;3382.5;3314.5;3381.8;211592
20250603;000000;3365.8;3366;3332;3349.4;155856
20250604;000000;3349.5;3379.4;3343.1;3368.3;166975
20250605;000000;3361.5;3397;3337;3348.4;244760
20250606;000000;3360.4;3366.1;3303.4;3307.6;208248
20250609;000000;3309.8;3334.4;3305.4;3321;133013
20250610;000000;3314;3345.7;3311.2;3322.8;151231
20250611;000000;3335.3;3358.7;3319.1;3353.3;213806
20250613;000000;3416;3447.2;3404.6;3435.9;164990
20250616;000000;3425.8;3425.9;3384.2;3386.5;146807
20250617;000000;3393.6;3401.6;3371.4;3394.2;144174
20250618;000000;3389.5;3398.2;3363.7;3367.8;144611
20250619;000000;3372.1;3382;3358.5;3376.8;109461
20250620;000000;3355.9;3378.4;3346.6;3371;121021
20250623;000000;3360.3;3395;3356;3368;159573
20250624;000000;3333.4;3334.9;3295.7;3322.8;157265
20250625;000000;3329.4;3335;3309.3;3328.1;109727
20250626;000000;3332.7;3344;3310.2;3324.6;161173
20250627;000000;3295.7;3299.3;3257.2;3270.6;174966
20250630;000000;3284.3;3304.3;3272.9;3298.9;94119
20250701;000000;3323.5;3350;3320;3337.7;154363
20250702;000000;3336.5;3356.9;3323.4;3354.4;101879
20250703;000000;3355.1;3362.5;3310.8;3321.6;137056
20250704;000000;3332.8;3341.3;3324.1;3328.9;68177
20250707;000000;3310.5;3336.4;3293.1;3333.9;131493
20250708;000000;3332.1;3337.1;3285.7;3298;125602
20250709;000000;3288.6;3312.9;3281.5;3311;93263
20250710;000000;3316.2;3327;3306.9;3321.4;102687
20250711;000000;3328.4;3366.2;3328.3;3356.6;171119
20250714;000000;3357.1;3373.6;3336.8;3338;137789
20250715;000000;3356;3362;3319.5;3325;135167
20250716;000000;3335;3372;3317.6;3347.1;176785
20250717;000000;3339.9;3339.9;3311.2;3335.6;126716
20250718;000000;3333.1;3357.8;3329.2;3349.5;89841
20250721;000000;3364.2;3402.5;3360.3;3399;138143
20250722;000000;3388.1;3431;3383.6;3426.9;157763
20250723;000000;3419.1;3427.5;3376.7;3384.7;169499
20250724;000000;3373.5;3374.1;3347.2;3363.1;138242
20250725;000000;3354.3;3355.2;3318.7;3330.6;152507
20250728;000000;3338.3;3339.3;3296.8;3312.3;112386
20250729;000000;3314;3328;3302.8;3320.5;127854
20250730;000000;3321.9;3327.9;3267.7;3272.8;206043
20250731;000000;3297.6;3315;3268;3293.7;129284
20250801;000000;3297;3361;3276;3359.5;212633
20250804;000000;3354.6;3383.3;3350.3;3374.2;101505
20250805;000000;3373.1;3391.7;3352.6;3381.7;162053
20250806;000000;3376.1;3387.2;3358;3377.7;166328
20250807;000000;3384.1;3416.4;3383;3413.8;182670
20250808;000000;3416.5;3431.3;3390;3401.2;346508
20250811;000000;3383.9;3384.1;3346;3347.4;220885
20250812;000000;3355.9;3363.3;3335.1;3354.8;177739
20250813;000000;3352.8;3373;3352.2;3359.6;100179
20250814;000000;3360;3368;3330.8;3335.7;125467
20250815;000000;3342.1;3347.6;3334;3336.9;73630
20250816;000000;3338;3339.4;3335.1;3338.7;922
20250817;000000;3338.6;3340.4;3337;3339.2;770
20250818;000000;3349.2;3354.7;3330.1;3333.8;87833
20250819;000000;3335.2;3344.4;3318.3;3318.8;107243
20250820;000000;3324;3350.5;3322.5;3349.4;97051
20250821;000000;3340.5;3349;3329.2;3341.5;102364
20250822;000000;3333.2;3375.5;3322;3371.7;189834
20250823;000000;3371.4;3372.9;3370;3372.1;706
20250824;000000;3372.3;3373.2;3371.5;3372.6;701
20250825;000000;3365.4;3377.5;3362;3364.2;93289
20250826;000000;3375.4;3395;3369.5;3394;124618
20250827;000000;3380.5;3401.7;3377.8;3401;112201
20250828;000000;3394.9;3425;3393.8;3420.6;142346
20250829;000000;3416.1;3462.4;3411.7;3458.3;211455
20250830;000000;3459;3460.5;3458.6;3459.6;1395
20250831;000000;3460.1;3462.6;3458.9;3460.8;1240
20250901;000000;3488.9;3497.8;3475;3484.6;143960
20250902;000000;3500;3546;3478.8;3544.5;282294
20250903;000000;3539.6;3581.6;3535.1;3561.6;263044
20250904;000000;3530.1;3557.6;3527.4;3542.8;229641
20250905;000000;3557.2;3597.1;3543.8;3584.9;269801
20250906;000000;3585;3590;3584.1;3586.8;2078
20250907;000000;3586.8;3589.5;3586.2;3586.2;1822
20250908;000000;3585.3;3641.8;3581.3;3632.5;278746
20250909;000000;3651.4;3672.3;3624.4;3626.1;291504
20250910;000000;3636.8;3658.9;3636.1;3642.8;206005
20250911;000000;3629.8;3644.9;3618.3;3637.7;220892
20250912;000000;3653.1;3657.4;3640.1;3647.1;131747
20250913;000000;3646.1;3649.3;3646;3648.3;1222
20250914;000000;3648.2;3650.1;3647.2;3650;663
20250915;000000;3649.1;3690;3636.7;3687;171892
20250916;000000;3685;3707;3682.7;3695;169204
20250917;000000;3683.1;3708.9;3645.8;3658.6;284428
20250918;000000;3649.6;3667.2;3625.5;3637.5;237108
20250919;000000;3644.1;3682.9;3637.2;3682.8;162749
20250922;000000;3695;3743.5;3691.9;3743.2;215656
20250923;000000;3749.5;3782.7;3741.4;3757;257140
20250924;000000;3768;3774.2;3711.6;3729.4;218879
20250925;000000;3731.9;3754.8;3715.6;3748.9;268439
20250926;000000;3742.6;3778;3734.9;3757.2;222327
20250927;000000;3758.4;3763.1;3757.2;3761.1;1700
20250928;000000;3761.3;3762.5;3758.5;3760.3;1068
20250929;000000;3801.2;3826;3795;3825.6;249866
20250930;000000;3859.7;3861.7;3782.5;3848.3;368979
20251001;000000;3852.2;3886.5;3840.1;3855.5;328405
20251002;000000;3860;3889.8;3808.7;3848.3;315435
20251003;000000;3848;3882.6;3841.8;3879.9;206298
20251004;000000;3879.9;3884.9;3878.3;3884.9;1802
20251005;000000;3884.1;3885.4;3880.2;3885;2720
20251006;000000;3922.3;3960.4;3913.1;3955.2;228615
20251007;000000;3956.6;3982;3932.9;3977;278022
20251008;000000;4018;4055.2;4010.1;4039.8;311267
20251009;000000;4036.9;4054.6;3940;3970.1;395105
20251010;000000;3968.9;4018.3;3941.7;4009.5;324840
20251011;000000;4010;4035;4010;4028.8;11342
20251012;000000;4028.5;4037.5;4027.4;4031.5;5310
20251013;000000;4061.1;4116.1;4058.1;4114.7;258079
20251014;000000;4115.2;4159;4082.2;4148.4;404870
20251015;000000;4186.4;4224.7;4168.7;4224.3;363163
20251016;000000;4218;4337.9;4209;4335;522183
20251017;000000;4368.2;4376.1;4184.2;4250.4;876500
20251018;000000;4256.2;4263.9;4210.6;4224;18027
20251019;000000;4224;4249.3;4221.6;4245;9423
20251020;000000;4245;4383;4215.6;4362.2;469309
20251021;000000;4331;4348;4086.6;4130;791764
20251022;000000;4135;4167.3;4007.9;4103.7;822367
20251023;000000;4108.2;4151.6;4081.9;4113.4;405215
20251024;000000;4100.8;4141.6;4037.7;4109.2;415514
20251027;000000;4082.5;4085.2;3970.6;3983.5;411639
20251028;000000;3965.8;3971.7;3891.1;3950.5;442806
20251029;000000;3955.2;4040;3928;3937.7;484859
20251030;000000;3965.1;4028.8;3955.6;4027.2;380810
20251031;000000;4008.2;4040;3893;4009.1;358964
20251101;000000;4006.3;4014.9;4003;4010.4;18251
20251103;000000;4015;4034.4;3996.7;4013.9;174470
20251105;000000;3969.4;3993.7;3960.5;3987.2;221622
20251106;000000;3988;4025.7;3970.8;3987;267856
20251107;000000;3998;4029.5;3985.9;4004.9;238232
20251108;000000;4003.5;4007.7;4003.4;4005.6;1240
20251109;000000;4007.2;4009;4005;4008.4;1234
20251110;000000;4066.1;4120.9;4063;4118.7;254900
20251111;000000;4135.9;4153;4103.6;4136.9;227284
20251112;000000;4112;4216.8;4108.8;4199.8;286013
20251113;000000;4213.7;4251.8;4149;4170;453853
20251114;000000;4190.5;4199.3;4038.6;4095.2;526496
20251115;000000;4098;4117;4094;4094.5;3567
20251116;000000;4095.9;4098.3;4092.8;4095.6;2138
20251117;000000;4066.5;4102.9;4013.3;4038;309612
20251118;000000;4021;4088;4005.2;4075.3;369252
20251119;000000;4097;4141.9;4063.1;4078.5;370849
20251120;000000;4075.8;4113.2;4043.1;4082.1;389284
20251121;000000;4064.8;4108.7;4030;4068;329903
20251124;000000;4054;4140.9;4053.4;4136.2;215350
20251125;000000;4151.1;4170;4118.4;4141.6;359022
20251126;000000;4169;4180.4;4145.5;4174;223573
20251127;000000;4158.7;4174.4;4155.7;4166.1;105049
20251128;000000;4190.7;4238.6;4170;4235;197406
20251129;000000;4236.6;4245;4234.3;4244.7;5094
20251130;000000;4243.9;4246.3;4241;4244.4;3193
20251201;000000;4239.7;4274.1;4230.1;4249.8;248479
20251202;000000;4236;4239.8;4180.7;4222;267940
20251203;000000;4219.2;4251.6;4204.2;4218.8;179637
20251204;000000;4194.8;4230.3;4189;4218.2;166342
20251205;000000;4230;4271.6;4212;4213.7;208431
20251208;000000;4224.9;4230.6;4189.5;4206.2;138075
20251209;000000;4193.5;4235;4182.8;4226.1;176412
20251210;000000;4225.8;4245;4188.9;4243;211298
20251211;000000;4219.1;4293.9;4212.2;4276.4;214547
20251212;000000;4285;4358.2;4263.4;4306;331249
20251213;000000;4306;4308.6;4299;4302.1;1128
20251214;000000;4302;4304.8;4291.5;4299.6;1682
20251215;000000;4345.4;4356.1;4292;4313.5;192243
20251216;000000;4293.1;4329;4273.6;4304.3;281257
20251217;000000;4328.2;4348;4307.3;4345.6;157382
20251218;000000;4355;4398.4;4341.9;4365.7;216738
20251219;000000;4356.7;4381.7;4344.7;4367.7;141488
20251220;000000;4367.7;4375;4367.7;4373;1079
20251221;000000;4372.9;4375;4367.8;4375;1513
20251222;000000;4420;4467.2;4418.2;4463.3;171774
20251223;000000;4498.5;4525.6;4453.5;4521;303886
20251224;000000;4518.9;4523.8;4471;4496.2;182228
20251225;000000;4497.4;4514.8;4488.7;4513.9;29095
20251226;000000;4531.7;4575.3;4524.4;4557;205109
20251227;000000;4557;4564.9;4553;4562;2812
20251228;000000;4563.1;4590;4560.1;4589.5;8745
20251229;000000;4540;4540;4329.3;4356;311338
20251230;000000;4392.7;4429.3;4362.9;4374.7;169626
20260105;000000;4429;4479.4;4410.8;4467.7;131382
20260106;000000;4476.7;4516.2;4467.4;4514;123654
20260108;000000;4452.9;4500.7;4430;4499;125888
20260109;000000;4491.9;4539.6;4482.4;4527.7;121847
20260112;000000;4593.8;4653;4591.2;4617.6;196103
20260113;000000;4617;4657.5;4592.9;4611.9;205909
20260114;000000;4641.2;4665.1;4620.2;4652;219197
20260115;000000;4620.1;4643.8;4601.3;4624.2;162875
20260116;000000;4630;4635.9;4552.5;4603.2;202023
20260117;000000;4608;4610.9;4604;4609.4;1015
20260118;000000;4611;4630.3;4610.9;4630;5076
20260119;000000;4679.7;4696.9;4672.4;4688.8;113266
20260120;000000;4724.6;4777;4716;4766.8;197852
20260121;000000;4880.1;4896.3;4766.8;4835.1;390871
20260122;000000;4830;4946.7;4821.2;4941.8;250670
20260123;000000;4974.2;5004.3;4913.3;4996.8;331717
20260124;000000;5001.5;5015;4999.7;5012.6;5764
20260125;000000;5021;5025;5010.1;5019.6;7311
20260126;000000;5085.8;5128;5021;5060.5;429135
20260127;000000;5091;5185.3;5059.9;5177.9;305463
20260128;000000;5272.3;5408.7;5223.9;5408;405393
20260129;000000;5471.1;5595.9;5146.7;5385;720030
20260130;000000;5200.3;5222;4747.6;4864.9;890458
20260131;000000;4970.1;4970.1;4970.1;4970.1;1394
20260201;000000;4970.1;4970.1;4970.1;4970.1;369
20260202;000000;4748.2;4821.9;4445.4;4672;567207
20260203;000000;4814;5012.1;4814;4956;415186
20260204;000000;5080.6;5105.8;4870;4949.9;439659
20260205;000000;4900;4953;4816.9;4822;396383
20260206;000000;4902.3;4999.6;4846.2;4976;247483
20260207;000000;4980.3;5000;4980.2;4999;2190
20260208;000000;5000.7;5039.3;5000.7;5030.9;5680
20260209;000000;5058;5112;5005.5;5103.4;197739
20260210;000000;5065;5100;5022.2;5060.6;172569
20260211;000000;5072;5136.9;5035;5108;278423
20260212;000000;5092.4;5095.8;4894.3;4922.7;302810
20260213;000000;4954.2;5052.7;4943.5;5038;201523
20260216;000000;5007.8;5026.2;4976.7;5001.3;81265
20260217;000000;4904.2;4953.8;4854.2;4893.1;222655
20260218;000000;4940.8;5018.5;4917.1;4996.2;160463
20260219;000000;5005;5030.8;4972.2;5011.8;183394
20260220;000000;5016.3;5100.1;5005;5099.9;228077
20260221;000000;5112;5125;5109.8;5123;4731
20260222;000000;5122;5141.8;5118;5135;5943
20260223;000000;5156;5210.7;5137.3;5206.4;59476
20260224;000000;5195.7;5197.6;5111.2;5183.7;199378
20260225;000000;5211.2;5233.6;5172.3;5187.6;149571
20260226;000000;5208;5214.9;5145.8;5214;145394
20260227;000000;5212.5;5279;5181;5277;191460
20260228;000000;5301.1;5410.7;5293.9;5404.1;45045
20260301;000000;5394.2;5410.4;5372;5410.4;13068
20260302;000000;5383.9;5437.6;5167;5356.6;291558
20260303;000000;5339.1;5352.9;5018.5;5115;506237
20260304;000000;5170.3;5209.8;5113.6;5145.9;232158
20260305;000000;5170;5185.4;5056.9;5086;230361
20260306;000000;5118.8;5179;5069.5;5163.5;225974
20260309;000000;5136.9;5162.8;5066.4;5136;126763
20260310;000000;5178.1;5242.9;5160.8;5201.2;175332
20260311;000000;5200.5;5217;5158.9;5191;139236
20260312;000000;5167.9;5202.8;5068;5094.8;135700
20260313;000000;5111;5136.2;5022.3;5031;178497
20260314;000000;5029.9;5033.9;5003;5010.7;6106
20260315;000000;5006.7;5011.6;4991.3;5002;3403
20260316;000000;5019;5053.2;4982;5018.8;195130
20260317;000000;5029.7;5037.2;4977;5014.6;117216
20260318;000000;5008.6;5025;4812;4832.1;229113
20260319;000000;4920;4935.4;4650;4790.4;368491
20260320;000000;4813;4820;4651;4652.5;215160
20260323;000000;4401.1;4624.5;4221;4533.3;520158
20260324;000000;4462.2;4626.3;4450.1;4614;278284
20260325;000000;4680;4692.4;4586.5;4608.8;256913
20260326;000000;4561.5;4591.4;4475.1;4526.7;309961
20260327;000000;4570.9;4649;4497.3;4599.6;267028
20260328;000000;4598.9;4634.7;4590;4608.8;2681
20260329;000000;4600;4605;4587.9;4600.2;2251
20260330;000000;4619.9;4652;4557;4568.2;227901
20260331;000000;4626.9;4748.6;4594;4735.9;223434
20260401;000000;4748.7;4837.3;4741.6;4808;236044
20260402;000000;4651;4749.4;4602;4721.5;361252
20260403;000000;4709;4718.9;4645.2;4667;37768
20260404;000000;4668.1;4689;4662.6;4677;3969
20260405;000000;4674.9;4688.1;4666;4678;6075
20260406;000000;4695.2;4756.1;4691.7;4697.9;176869
20260407;000000;4694;4770;4663.7;4764;225871
20260408;000000;4883.5;4886.7;4748.3;4770.1;231027
20260409;000000;4761.5;4847.4;4750;4815.8;162350
20260410;000000;4815;4846.5;4780;4791.6;166739
20260411;000000;4792;4815;4792;4811.4;3774
20260412;000000;4790.2;4799.1;4720;4732.5;18925
20260413;000000;4769.1;4794.1;4744;4786.8;148937
20260414;000000;4803.6;4880;4795.8;4880;167569
20260415;000000;4861.9;4861.9;4806.2;4809.4;120774
20260416;000000;4841.8;4849.8;4790.9;4809;126941
20260417;000000;4816.8;4922.3;4796.2;4863.8;210178
20260418;000000;4867.9;4877;4842.5;4851.3;7014
20260419;000000;4843.4;4853;4832.5;4849;5832
20260420;000000;4821.7;4859;4812.7;4851.8;137091
20260421;000000;4817.9;4836.8;4712.1;4763.4;246404
20260422;000000;4806.1;4809;4760.4;4777.6;97259
20260423;000000;4750;4776.7;4702.6;4718.1;180147
20260424;000000;4711.5;4749;4699.2;4724;140345
20260425;000000;4724.1;4740.9;4724.1;4726.5;1838
20260426;000000;4726.5;4735;4724.8;4729.8;1646
20260427;000000;4726.5;4738.5;4674.8;4685.5;99160
20260428;000000;4646.6;4653;4552.9;4578.5;202631
20260429;000000;4583;4587.7;4510.5;4556.6;185664
20260430;000000;4570.9;4647.3;4567.9;4626.7;140097
20260501;000000;4603.2;4670;4568.6;4617;83279
20260502;000000;4615.1;4633.3;4615;4629.2;2555
20260503;000000;4629.2;4639.1;4627;4634.9;1941
20260504;000000;4608.8;4608.8;4511;4525.3;189841
20260505;000000;4546.9;4591.4;4538;4568;92574
20260506;000000;4664.3;4717.8;4650.3;4681.4;193303
20260507;000000;4696.1;4758.8;4680.5;4694.4;200659
20260508;000000;4722;4746.8;4694;4718.6;104146
20260511;000000;4658.1;4744.4;4649.2;4739.8;95746
20260512;000000;4719.6;4719.6;4637;4712.5;157620
20260513;000000;4702.6;4709.9;4665;4681.4;96612
20260514;000000;4684.1;4709.8;4636.4;4640;121243
20260515;000000;4567;4584.7;4509.3;4528.2;185566
20260516;000000;4529.9;4539.8;4516.9;4522.7;3587
20260517;000000;4522.1;4525.1;4513.2;4525.1;2598
20260518;000000;4522.2;4579;4521;4555.1;125242
20260519;000000;4533;4554.4;4463;4481;177138
20260520;000000;4474.8;4553;4464.1;4543.5;154879
20260521;000000;4528.1;4555.5;4483.5;4537.8;136673
